user_id,age,gender,device_type,time_on_site,pages_viewed,previous_purchases,ad_clicked,returning_user,avg_session_time,bounce_rate,purchase,Is_Buyer,discount_seen,Customer_Behvaiour_By_Discount,cart_items,Customer_Behaviour_By_Cart_Item
1,56,Female,Desktop,12.9,8,13,0,0,6.97,28.18,1,Yes,1,Right_Discount,1,Interested
2,46,Male,Mobile,15.63,9,4,1,1,19.17,86.73,1,Yes,1,Right_Discount,6,Interested
3,32,Female,Unknown,11.64,12,11,0,1,8.87,83.09,1,Yes,0,Others,0,Technical Error
4,25,Female,Mobile,22.71,5,10,0,1,0,79.03,1,Yes,0,Others,1,Interested
5,38,Female,Mobile,26.35,9,12,0,0,18.15,55.35,1,Yes,1,Right_Discount,4,Interested
6,56,Female,Desktop,26.6,1,12,1,0,28.4,13.9,1,Yes,1,Right_Discount,7,Interested
7,36,Male,Mobile,7.6,11,11,1,1,4.51,13.12,1,Yes,1,Right_Discount,6,Interested
8,40,Female,Mobile,26.98,7,5,0,0,33.34,12.61,1,Yes,1,Right_Discount,2,Interested
9,28,Female,Mobile,10.9,14,7,0,1,13.8,85.46,1,Yes,0,Others,9,Interested
10,28,Female,Mobile,9.97,3,14,0,0,14.12,14.16,1,Yes,0,Others,8,Interested
11,41,Female,Tablet,22.08,11,14,1,0,23.43,80.85,1,Yes,1,Right_Discount,4,Interested
12,53,Female,Mobile,9.84,17,6,0,0,5.97,84.47,1,Yes,1,Right_Discount,2,Interested
13,57,Male,Desktop,2.54,18,6,0,1,3.37,10.5,1,Yes,0,Others,6,Interested
14,41,Male,Desktop,11.83,19,0,1,1,9.63,90.2,1,Yes,1,Right_Discount,3,Interested
15,20,Female,Desktop,21.92,18,2,0,0,30.68,89.75,1,Yes,1,Right_Discount,0,Technical Error
16,39,Male,Mobile,10.48,6,2,1,0,15.49,63.82,1,Yes,0,Others,4,Interested
17,0,Male,Desktop,19.26,15,6,0,0,12.18,51.3,1,Yes,0,Others,7,Interested
18,41,Female,Mobile,20.14,7,11,0,0,11.74,64.73,1,Yes,1,Right_Discount,3,Interested
19,47,Female,Desktop,22.28,5,13,0,1,31.14,40.48,1,Yes,1,Right_Discount,6,Interested
20,55,Female,Mobile,27.02,5,1,0,0,37.8,58.87,1,Yes,1,Right_Discount,7,Interested
21,19,Male,Mobile,0,7,9,0,0,14.69,96.95,1,Yes,0,Others,8,Interested
22,38,Female,Mobile,5.83,12,6,1,0,8.09,11.33,1,Yes,1,Right_Discount,8,Interested
23,50,Male,Desktop,10.25,8,8,0,0,14.66,23.38,1,Yes,0,Others,4,Interested
24,29,Male,Mobile,13.53,18,0,0,1,14.28,52.41,1,Yes,1,Right_Discount,5,Interested
25,39,Male,Mobile,21.7,18,11,0,1,25.75,25.86,1,Yes,1,Right_Discount,6,Interested
26,42,Female,Mobile,1.38,17,13,0,1,1.54,99.28,1,Yes,0,Others,9,Interested
27,0,Male,Tablet,10.16,11,1,1,1,6.85,72.03,1,Yes,0,Others,1,Interested
28,59,Female,Desktop,23.62,15,10,0,0,22.11,43.4,1,Yes,1,Right_Discount,8,Interested
29,45,Female,Mobile,20.45,6,5,1,1,24.16,90.27,1,Yes,0,Others,0,Technical Error
30,33,Female,Desktop,22.22,12,1,1,1,24.67,14.44,1,Yes,1,Right_Discount,5,Interested
31,32,Female,Mobile,24.54,7,13,1,0,17.55,28.79,1,Yes,0,Others,5,Interested
32,20,Female,Mobile,23.71,8,11,1,1,33.43,95.59,1,Yes,0,Others,6,Interested
33,54,Male,Tablet,20.78,0,1,0,1,26.68,55.7,1,Yes,1,Right_Discount,1,Interested
34,24,Male,Mobile,13.75,3,4,1,1,7.82,92.07,1,Yes,0,Others,5,Interested
35,38,Male,Mobile,29.52,3,6,0,0,24.92,98.42,1,Yes,1,Right_Discount,5,Interested
36,26,Male,Mobile,17.5,10,3,1,1,26.17,36.02,1,Yes,0,Others,8,Interested
37,56,Male,Mobile,6.88,15,12,1,1,6.12,57.65,1,Yes,0,Others,7,Interested
38,35,Female,Mobile,9.49,13,5,1,0,11.04,84.67,1,Yes,0,Others,4,Interested
39,21,Unknown,Mobile,21.11,19,11,1,0,12.68,27.27,1,Yes,1,Right_Discount,6,Interested
40,42,Male,Mobile,27.82,8,2,1,0,22.56,44.68,1,Yes,0,Others,6,Interested
41,31,Male,Mobile,6.18,18,3,0,0,8.54,15.33,1,Yes,1,Right_Discount,4,Interested
42,26,Male,Mobile,3.39,5,3,0,1,3.43,65.25,1,Yes,1,Right_Discount,6,Interested
43,43,Female,Mobile,26.56,7,14,0,1,35.19,0.42,1,Yes,1,Right_Discount,2,Interested
44,19,Female,Mobile,27.54,5,3,1,1,0,44.93,1,Yes,1,Right_Discount,6,Interested
45,37,Female,Desktop,9.02,19,11,1,1,10.52,92.91,1,Yes,0,Others,5,Interested
46,45,Male,Mobile,11.94,17,0,0,1,9.55,89.73,1,Yes,1,Right_Discount,5,Interested
47,24,Male,Desktop,20.15,19,12,1,0,27.42,80.38,1,Yes,0,Others,1,Interested
48,25,Male,Desktop,10.57,4,3,1,0,15.26,14.12,1,Yes,1,Right_Discount,1,Interested
49,52,Male,Desktop,26.44,7,3,1,0,31.4,52.03,1,Yes,1,Right_Discount,6,Interested
50,31,Female,Mobile,4.12,6,5,0,1,2.66,71.91,1,Yes,1,Right_Discount,0,Technical Error
51,34,Male,Mobile,2.1,14,8,0,0,2.03,10.12,1,Yes,1,Right_Discount,8,Interested
52,53,Male,Mobile,7.05,19,9,1,1,6.8,14.7,1,Yes,0,Others,2,Interested
53,57,Male,Desktop,9.3,11,5,0,0,12.37,4.01,1,Yes,1,Right_Discount,5,Interested
54,21,Female,Mobile,4.27,7,5,1,0,4.1,32.31,1,Yes,1,Right_Discount,2,Interested
55,19,Female,Desktop,2.91,3,6,0,1,2.42,87.73,1,Yes,0,Others,8,Interested
56,23,Male,Desktop,0,17,6,0,0,25.46,50.75,1,Yes,1,Right_Discount,9,Interested
57,59,Female,Mobile,5.76,11,0,0,1,6.61,85.33,1,Yes,1,Right_Discount,6,Interested
58,21,Female,Mobile,27.5,15,7,0,0,36.02,8.37,1,Yes,1,Right_Discount,0,Technical Error
59,46,Female,Desktop,11.67,7,0,1,0,16.34,5.61,1,Yes,1,Right_Discount,3,Interested
60,35,Female,Mobile,20.45,15,14,0,0,28.42,80.39,1,Yes,0,Others,4,Interested
61,43,Female,Mobile,7.54,17,8,0,1,8.5,49.78,1,Yes,0,Others,6,Interested
62,51,Male,Desktop,7.97,11,13,1,0,8.16,47.09,1,Yes,0,Others,6,Interested
63,27,Male,Mobile,17.67,12,13,1,1,22.99,47.56,1,Yes,0,Others,4,Interested
64,53,Male,Tablet,0,13,14,0,0,13.93,38.11,1,Yes,1,Right_Discount,0,Technical Error
65,31,Female,Desktop,23.29,11,3,1,1,29.3,88.64,1,Yes,1,Right_Discount,4,Interested
66,48,Female,Desktop,22.98,11,8,0,1,23.12,52.1,1,Yes,0,Others,4,Interested
67,32,Female,Mobile,20.45,9,7,0,0,12.75,97.39,1,Yes,1,Right_Discount,3,Interested
68,25,Female,Mobile,14.02,11,8,0,1,17.57,84.65,1,Yes,1,Right_Discount,5,Interested
69,31,Male,Mobile,26.83,4,14,0,1,30.81,73.76,1,Yes,0,Others,7,Interested
70,40,Male,Mobile,19.05,2,13,1,1,11.1,63.62,1,Yes,0,Others,9,Interested
71,57,Male,Mobile,29.72,4,5,1,1,28.24,83.52,1,Yes,0,Others,4,Interested
72,38,Male,Mobile,24.76,14,8,0,1,24.43,88.17,1,Yes,1,Right_Discount,7,Interested
73,33,Male,Mobile,2.28,5,3,1,0,2.63,13.32,0,No,1,Low_Discount,4,Not Interested
74,35,Male,Mobile,10.3,17,2,1,0,12.14,35.97,1,Yes,1,Right_Discount,2,Interested
75,41,Female,Desktop,17.58,12,2,0,0,12.14,80.54,0,No,1,Low_Discount,7,Not Interested
76,43,Female,Mobile,21.92,6,7,0,1,11.7,22.13,1,Yes,1,Right_Discount,3,Interested
77,42,Male,Mobile,16.96,12,1,0,1,21.95,58.62,1,Yes,1,Right_Discount,2,Interested
78,58,Female,Desktop,23.8,15,11,0,1,35.26,78.05,1,Yes,0,Others,2,Interested
79,46,Male,Tablet,0,19,5,1,1,13.25,22.39,0,No,0,Others,5,Not Interested
80,32,Male,Mobile,6.33,10,8,0,1,6.34,40.2,1,Yes,0,Others,7,Interested
81,18,Female,Mobile,2.56,2,14,0,0,2.63,91.51,1,Yes,0,Others,9,Interested
82,42,Male,Mobile,17.63,12,8,1,1,25.22,35.6,1,Yes,1,Right_Discount,4,Interested
83,24,Male,Tablet,20.97,12,7,0,0,21.9,60.47,1,Yes,0,Others,0,Technical Error
84,26,Male,Desktop,10.46,7,7,0,0,8.13,43.38,1,Yes,0,Others,0,Technical Error
85,41,Female,Desktop,18.79,1,0,1,1,22.13,87.7,1,Yes,0,Others,2,Interested
86,18,Female,Mobile,2.51,18,10,1,1,2.45,42.41,1,Yes,0,Others,5,Interested
87,25,Unknown,Mobile,3.88,3,6,0,0,0,0,1,Yes,1,Right_Discount,1,Interested
88,41,Female,Mobile,21.35,5,13,0,0,27.4,17.33,1,Yes,0,Others,0,Technical Error
89,28,Male,Desktop,11.67,15,14,1,1,16.76,34.92,1,Yes,1,Right_Discount,6,Interested
90,34,Female,Desktop,20.47,10,0,0,1,13.06,66.96,1,Yes,0,Others,1,Interested
91,25,Female,Tablet,25.12,19,8,1,0,25.66,17.58,1,Yes,1,Right_Discount,7,Interested
92,52,Female,Unknown,25.73,1,2,1,0,33.09,70.54,1,Yes,0,Others,1,Interested
93,52,Male,Mobile,5.99,7,0,0,0,5.6,1.06,1,Yes,1,Right_Discount,0,Technical Error
94,50,Female,Mobile,15.1,18,7,1,0,17.02,36.7,1,Yes,1,Right_Discount,9,Interested
95,22,Female,Desktop,22.28,2,6,0,0,29.34,46.59,1,Yes,1,Right_Discount,1,Interested
96,59,Male,Desktop,23.45,19,1,1,1,22.83,9.61,1,Yes,0,Others,1,Interested
97,56,Unknown,Mobile,23.76,10,13,1,1,21.58,68.41,1,Yes,0,Others,6,Interested
98,58,Male,Mobile,7.62,15,6,0,1,5.19,10.28,1,Yes,0,Others,0,Technical Error
99,45,Male,Mobile,6.58,10,4,0,0,8.72,9,1,Yes,1,Right_Discount,2,Interested
100,24,Female,Mobile,18.11,10,14,1,1,23.47,36.79,1,Yes,1,Right_Discount,4,Interested
101,26,Male,Desktop,22.49,12,6,0,1,27.96,73.83,1,Yes,1,Right_Discount,6,Interested
102,25,Female,Mobile,10.26,8,9,1,1,9.17,96.37,1,Yes,0,Others,5,Interested
103,29,Female,Desktop,4.04,14,0,0,0,4.38,77.6,1,Yes,0,Others,7,Interested
104,51,Female,Mobile,21.79,2,6,0,1,13.6,46.6,1,Yes,1,Right_Discount,0,Technical Error
105,50,Female,Desktop,9.69,17,1,0,1,7.94,27.26,1,Yes,0,Others,6,Interested
106,40,Female,Mobile,5.82,6,1,0,0,5.44,30.14,1,Yes,1,Right_Discount,8,Interested
107,41,Male,Desktop,5.28,8,14,1,1,2.87,28.37,1,Yes,0,Others,6,Interested
108,54,Female,Mobile,10.13,1,6,0,0,6.11,27.83,1,Yes,1,Right_Discount,5,Interested
109,52,Female,Mobile,18.19,3,2,0,0,24.19,6.91,1,Yes,1,Right_Discount,8,Interested
110,57,Female,Mobile,11.39,15,3,0,0,16.76,22.04,1,Yes,1,Right_Discount,3,Interested
111,39,Male,Mobile,1.6,17,14,0,0,1.32,10.79,1,Yes,0,Others,9,Interested
112,0,Female,Mobile,3.81,7,13,0,0,2.31,0.74,1,Yes,0,Others,5,Interested
113,52,Female,Mobile,9.42,14,6,0,1,13.52,28.56,1,Yes,1,Right_Discount,5,Interested
114,18,Male,Tablet,20.13,3,13,0,1,28.47,35.22,1,Yes,0,Others,9,Interested
115,52,Female,Mobile,3.86,18,1,1,1,4.46,92.74,1,Yes,0,Others,2,Interested
116,54,Female,Desktop,17.26,5,0,1,1,14.47,99.48,1,Yes,1,Right_Discount,6,Interested
117,31,Male,Tablet,0,15,1,0,0,2.74,57.94,1,Yes,0,Others,0,Technical Error
0,20,Female,Mobile,7.14,6,8,1,1,10.28,90.1,1,Yes,0,Others,7,Interested
119,18,Female,Desktop,5.99,3,10,0,1,8.51,61.82,1,Yes,0,Others,7,Interested
120,22,Female,Mobile,2.95,18,0,1,0,3.67,49.76,1,Yes,0,Others,7,Interested
121,43,Female,Mobile,20.47,3,11,0,0,29.35,4.27,1,Yes,1,Right_Discount,0,Technical Error
122,31,Female,Mobile,14.44,8,11,0,0,9.24,4.46,1,Yes,0,Others,3,Interested
123,56,Male,Tablet,25.1,19,2,0,1,15.29,3.08,1,Yes,0,Others,5,Interested
124,44,Male,Mobile,3.87,18,9,1,0,2.68,15.01,1,Yes,0,Others,0,Technical Error
125,26,Male,Mobile,5.2,15,3,0,0,3.72,7.69,1,Yes,1,Right_Discount,1,Interested
126,32,Female,Mobile,9.89,14,4,0,0,13.13,19.47,1,Yes,1,Right_Discount,5,Interested
127,32,Female,Desktop,23.21,16,14,0,0,33,51.92,1,Yes,1,Right_Discount,7,Interested
128,43,Female,Mobile,9.87,3,2,0,1,7.06,50.32,1,Yes,0,Others,3,Interested
129,59,Male,Desktop,12.84,15,8,0,1,12.36,34.42,1,Yes,1,Right_Discount,4,Interested
130,30,Female,Desktop,9.75,19,4,1,0,9.31,66.6,1,Yes,0,Others,7,Interested
131,49,Female,Desktop,3.33,8,6,1,1,2.26,39.19,1,Yes,1,Right_Discount,2,Interested
132,56,Female,Tablet,28.24,2,14,1,1,38.22,22.02,1,Yes,1,Right_Discount,5,Interested
133,49,Male,Desktop,16.91,17,13,0,0,17.29,69.22,1,Yes,0,Others,0,Technical Error
134,21,Male,Mobile,23.85,12,10,0,0,25.43,98.02,1,Yes,1,Right_Discount,3,Interested
135,47,Female,Mobile,20.09,0,12,0,1,15.24,81.07,1,Yes,1,Right_Discount,0,Technical Error
136,54,Female,Mobile,15.91,11,6,1,0,16.85,41.41,1,Yes,1,Right_Discount,2,Interested
137,40,Female,Mobile,3.6,18,10,0,1,0,37.57,0,No,1,Low_Discount,0,Not Interested
138,56,Male,Mobile,19.64,13,8,1,0,15.81,3.86,1,Yes,1,Right_Discount,5,Interested
139,32,Male,Mobile,5.51,14,1,0,1,3.38,65.71,1,Yes,0,Others,2,Interested
140,46,Male,Mobile,13.02,12,2,0,1,14.11,22.26,1,Yes,0,Others,7,Interested
141,53,Female,Tablet,19.24,15,3,1,1,21.85,68.35,1,Yes,1,Right_Discount,6,Interested
142,30,Male,Mobile,23.68,8,7,0,1,16.62,76.02,1,Yes,0,Others,6,Interested
143,49,Female,Tablet,20.87,2,0,0,0,15.62,87.98,1,Yes,0,Others,7,Interested
144,24,Female,Mobile,20.47,8,8,1,0,13.37,54.83,0,No,1,Low_Discount,6,Not Interested
145,39,Male,Desktop,5.32,5,4,1,1,7.56,83,1,Yes,1,Right_Discount,4,Interested
146,45,Female,Desktop,11.04,2,3,1,0,7.87,72.32,1,Yes,0,Others,9,Interested
147,19,Male,Mobile,2.24,10,12,0,0,1.14,35.3,1,Yes,1,Right_Discount,7,Interested
148,59,Female,Mobile,21.86,10,7,0,1,29.3,10.64,1,Yes,0,Others,7,Interested
149,23,Female,Mobile,28.62,4,13,1,1,37.3,24.22,1,Yes,0,Others,7,Interested
150,45,Male,Mobile,8.66,4,8,1,1,8.28,84.46,1,Yes,1,Right_Discount,9,Interested
151,45,Female,Tablet,3.54,8,2,0,1,4.59,53.44,1,Yes,1,Right_Discount,5,Interested
152,37,Female,Desktop,14.79,6,13,0,1,14.04,66.56,1,Yes,0,Others,1,Interested
153,47,Female,Mobile,25.84,15,3,0,1,18.72,80.61,1,Yes,0,Others,7,Interested
154,28,Female,Mobile,17.01,18,0,0,1,15.75,66.7,1,Yes,1,Right_Discount,9,Interested
155,45,Unknown,Mobile,2.36,8,14,0,0,2.33,85.61,1,Yes,1,Right_Discount,0,Technical Error
156,42,Female,Mobile,29.25,7,11,1,0,14.89,8.64,1,Yes,1,Right_Discount,8,Interested
157,56,Female,Desktop,25.03,17,13,0,1,15.35,90.36,1,Yes,1,Right_Discount,8,Interested
158,50,Female,Mobile,4.82,19,2,0,0,6.63,81.26,1,Yes,1,Right_Discount,5,Interested
159,18,Male,Mobile,27.73,2,9,1,1,24.75,90.3,1,Yes,1,Right_Discount,9,Interested
160,44,Male,Mobile,14.07,12,4,1,1,11.7,73.09,1,Yes,0,Others,5,Interested
161,30,Female,Mobile,11.79,19,14,0,0,16.37,27.44,1,Yes,0,Others,5,Interested
162,58,Female,Desktop,14.37,5,12,0,1,9.41,11.39,1,Yes,1,Right_Discount,3,Interested
163,20,Male,Mobile,25.2,12,7,0,0,18.07,12.96,1,Yes,0,Others,0,Technical Error
164,56,Female,Tablet,20.12,17,13,1,1,26.72,49.89,1,Yes,0,Others,0,Technical Error
165,23,Male,Unknown,0,5,0,0,1,2.12,39.09,1,Yes,0,Others,0,Technical Error
166,25,Male,Mobile,28.77,2,0,0,0,32.6,65.42,1,Yes,0,Others,4,Interested
167,44,Male,Mobile,5.29,4,2,0,1,6.56,50.33,1,Yes,0,Others,6,Interested
168,26,Female,Desktop,22.62,6,8,1,1,16.35,12.53,1,Yes,0,Others,0,Technical Error
169,54,Female,Tablet,19.45,9,8,0,1,14.65,0.22,1,Yes,0,Others,0,Technical Error
170,50,Female,Desktop,6.44,10,0,0,1,6.54,12.83,1,Yes,0,Others,5,Interested
171,59,Male,Mobile,5.95,11,3,0,0,7.69,14.67,1,Yes,1,Right_Discount,1,Interested
172,41,Male,Tablet,26.24,2,11,0,0,27.67,71.99,1,Yes,1,Right_Discount,1,Interested
173,32,Male,Mobile,13.17,9,7,1,0,7.47,28.53,1,Yes,1,Right_Discount,6,Interested
174,49,Female,Desktop,19.98,17,1,0,0,17,9.36,1,Yes,1,Right_Discount,8,Interested
175,49,Male,Tablet,15.62,0,3,1,0,12.97,75.54,1,Yes,0,Others,7,Interested
176,41,Male,Mobile,22.09,8,6,1,0,28.88,94.05,1,Yes,1,Right_Discount,1,Interested
177,58,Unknown,Tablet,14.9,5,6,1,1,11.77,10.05,1,Yes,1,Right_Discount,6,Interested
178,29,Male,Mobile,9.33,5,4,0,0,13.07,96.31,1,Yes,0,Others,4,Interested
179,56,Male,Tablet,11.54,6,6,0,0,9.64,95.03,1,Yes,1,Right_Discount,9,Interested
180,19,Female,Mobile,25.91,16,5,0,1,17.98,52.31,1,Yes,1,Right_Discount,3,Interested
181,20,Female,Tablet,14.57,1,1,1,0,15.15,29.58,1,Yes,0,Others,9,Interested
182,54,Male,Mobile,7.19,9,8,0,1,6.37,13.81,1,Yes,1,Right_Discount,3,Interested
183,34,Female,Desktop,28.1,7,4,1,1,32.25,82.39,1,Yes,1,Right_Discount,3,Interested
184,19,Male,Mobile,24.1,11,1,1,0,34.12,60.47,1,Yes,0,Others,8,Interested
185,19,Female,Mobile,2.61,15,5,1,1,3.76,65.13,1,Yes,0,Others,6,Interested
186,45,Male,Mobile,29.97,5,9,0,1,21.8,86.09,1,Yes,1,Right_Discount,6,Interested
187,0,Female,Desktop,21.15,19,4,0,0,14.01,44.39,1,Yes,1,Right_Discount,3,Interested
188,54,Male,Mobile,5.65,6,0,1,1,8.14,36.81,1,Yes,1,Right_Discount,8,Interested
189,49,Female,Mobile,7.88,14,0,1,0,10.34,76.23,1,Yes,0,Others,7,Interested
190,50,Female,Unknown,21.08,14,9,1,1,16.06,29.72,1,Yes,1,Right_Discount,9,Interested
191,18,Female,Tablet,23.61,11,9,0,1,30.81,32.79,1,Yes,0,Others,3,Interested
0,36,Female,Mobile,7.93,4,6,1,1,9.84,0,1,Yes,1,Right_Discount,5,Interested
193,19,Female,Mobile,8.45,10,9,0,0,6.37,85.64,1,Yes,1,Right_Discount,3,Interested
194,43,Female,Mobile,9.91,2,12,0,1,0,77.91,1,Yes,0,Others,0,Technical Error
195,49,Female,Mobile,18.34,4,1,1,0,15.07,29.14,1,Yes,0,Others,4,Interested
196,23,Male,Mobile,5.98,10,6,0,0,5.86,14.36,0,No,1,Low_Discount,9,Not Interested
197,49,Male,Mobile,4.02,1,13,0,0,4.46,39.28,1,Yes,1,Right_Discount,2,Interested
198,21,Female,Desktop,20.69,14,5,1,1,14.3,62.46,1,Yes,0,Others,0,Technical Error
199,28,Unknown,Desktop,23.59,0,11,0,1,0,67.62,1,Yes,0,Others,1,Interested
200,34,Male,Mobile,15.53,12,11,0,1,18.73,20.04,1,Yes,0,Others,1,Interested
201,55,Male,Mobile,11.55,19,3,0,0,6.95,24.94,1,Yes,0,Others,7,Interested
202,41,Female,Desktop,13.53,12,3,0,0,11.9,93.01,1,Yes,1,Right_Discount,3,Interested
203,22,Male,Mobile,12.26,5,11,0,0,13.63,38.51,1,Yes,0,Others,2,Interested
204,51,Male,Desktop,28.84,4,5,0,0,41.13,31.41,1,Yes,0,Others,3,Interested
205,23,Unknown,Mobile,23.27,13,8,0,1,32.37,69.57,1,Yes,1,Right_Discount,9,Interested
206,39,Female,Mobile,7.03,18,9,1,0,4.71,46.79,1,Yes,1,Right_Discount,0,Technical Error
207,28,Female,Mobile,12.14,12,5,1,0,13.48,24.68,1,Yes,1,Right_Discount,0,Technical Error
208,33,Male,Desktop,16.78,16,5,0,1,10.03,40.93,1,Yes,1,Right_Discount,4,Interested
209,50,Female,Mobile,18.78,6,10,0,1,14.91,0,1,Yes,1,Right_Discount,6,Interested
210,26,Female,Mobile,14.58,7,0,1,0,16,27.96,1,Yes,1,Right_Discount,8,Interested
211,23,Male,Mobile,24.49,9,4,0,1,14.24,41.85,1,Yes,1,Right_Discount,6,Interested
212,33,Female,Desktop,23.26,10,14,0,0,32.3,51.8,1,Yes,0,Others,4,Interested
213,46,Male,Tablet,15.65,5,0,0,1,20.8,74.17,1,Yes,0,Others,2,Interested
214,20,Male,Mobile,25.78,4,10,0,1,25.09,38.49,1,Yes,1,Right_Discount,7,Interested
215,37,Male,Mobile,22.78,11,13,1,1,22.59,54.57,1,Yes,0,Others,6,Interested
216,53,Male,Tablet,0,19,8,1,0,32.57,95.1,1,Yes,0,Others,0,Technical Error
217,36,Male,Mobile,28.74,7,9,0,1,15.82,81.83,1,Yes,1,Right_Discount,0,Technical Error
218,43,Male,Mobile,8.73,13,3,1,0,5.62,23.7,1,Yes,0,Others,2,Interested
219,20,Female,Mobile,8.76,13,1,0,0,7.08,21.35,1,Yes,0,Others,7,Interested
220,36,Female,Desktop,26.78,18,8,1,1,23.15,66.27,1,Yes,0,Others,1,Interested
0,37,Female,Mobile,23.39,9,5,0,0,34.79,59.53,1,Yes,0,Others,8,Interested
222,49,Male,Desktop,27.87,13,13,1,0,18.04,54.69,1,Yes,1,Right_Discount,3,Interested
223,24,Female,Mobile,2.83,13,10,0,1,2.27,15.42,1,Yes,0,Others,6,Interested
224,58,Male,Mobile,19.2,5,12,0,1,25.5,36.26,1,Yes,0,Others,9,Interested
225,50,Female,Desktop,5.19,12,9,1,0,6.67,75.94,1,Yes,1,Right_Discount,6,Interested
226,57,Male,Mobile,15.61,1,2,1,0,18.03,0,1,Yes,0,Others,7,Interested
227,56,Female,Mobile,5.52,18,12,0,0,4.57,16.52,1,Yes,1,Right_Discount,6,Interested
228,35,Male,Desktop,4.71,17,11,1,0,2.91,42.69,1,Yes,0,Others,3,Interested
229,57,Female,Desktop,1.35,10,1,1,1,2,44.27,1,Yes,0,Others,6,Interested
230,18,Male,Desktop,19.28,9,5,0,0,14.49,50.86,1,Yes,1,Right_Discount,4,Interested
231,28,Female,Tablet,11.41,8,9,1,1,15.34,46.12,1,Yes,1,Right_Discount,9,Interested
232,45,Male,Desktop,4.05,15,5,0,0,5.65,50.17,1,Yes,1,Right_Discount,6,Interested
233,42,Female,Mobile,10.36,13,13,1,0,9.75,81.31,1,Yes,0,Others,2,Interested
234,40,Female,Mobile,5.9,17,11,0,1,7.97,38.95,1,Yes,1,Right_Discount,9,Interested
235,48,Female,Desktop,28.31,9,11,0,1,22.05,55.2,1,Yes,1,Right_Discount,6,Interested
236,47,Male,Mobile,10.28,11,8,1,1,14.29,60.68,1,Yes,0,Others,6,Interested
237,59,Male,Desktop,10.68,4,4,0,0,12.13,94.23,1,Yes,1,Right_Discount,1,Interested
238,52,Male,Desktop,25.36,7,10,0,1,17.61,65.47,1,Yes,0,Others,7,Interested
0,24,Male,Mobile,19.78,3,14,1,0,25.45,13.07,1,Yes,0,Others,0,Technical Error
240,33,Male,Tablet,21.59,10,0,0,0,30.52,58.25,1,Yes,1,Right_Discount,8,Interested
241,43,Female,Mobile,19.44,3,11,1,1,20.81,66.19,1,Yes,1,Right_Discount,3,Interested
242,19,Male,Mobile,0,1,8,1,0,35.85,0.95,1,Yes,0,Others,8,Interested
243,18,Female,Tablet,7,14,12,0,0,9.06,7.53,1,Yes,1,Right_Discount,0,Technical Error
244,29,Female,Mobile,29.68,13,4,1,0,38.21,1.9,1,Yes,0,Others,4,Interested
245,22,Male,Mobile,25.1,5,1,1,1,23.96,4.83,1,Yes,1,Right_Discount,9,Interested
246,54,Female,Mobile,18.08,8,0,0,0,22.42,8.97,1,Yes,1,Right_Discount,6,Interested
247,49,Male,Desktop,20.21,12,8,1,0,21.19,95.78,1,Yes,0,Others,3,Interested
248,26,Male,Desktop,19.82,6,9,0,0,18.13,20.67,1,Yes,0,Others,6,Interested
249,58,Male,Desktop,2.69,2,0,1,0,1.79,20.46,1,Yes,1,Right_Discount,8,Interested
250,52,Female,Desktop,7.32,4,2,0,1,10.31,85.74,1,Yes,0,Others,4,Interested
251,36,Male,Mobile,28.88,5,14,1,1,26.42,75.28,1,Yes,1,Right_Discount,4,Interested
252,33,Male,Desktop,16.5,11,11,0,0,12.2,67.58,1,Yes,1,Right_Discount,1,Interested
253,20,Male,Desktop,11.97,13,5,0,0,8.89,42.17,1,Yes,0,Others,4,Interested
254,37,Female,Mobile,23.1,8,9,1,0,17.14,3.12,1,Yes,0,Others,7,Interested
255,41,Male,Mobile,16.21,5,3,0,0,8.15,82.65,1,Yes,0,Others,3,Interested
256,50,Female,Tablet,1.38,6,13,0,1,1.29,86.08,1,Yes,1,Right_Discount,1,Interested
257,41,Female,Desktop,22.35,15,8,0,1,31.08,48.18,1,Yes,1,Right_Discount,7,Interested
258,28,Male,Desktop,22.23,16,14,1,1,11.67,64.49,1,Yes,0,Others,3,Interested
259,25,Female,Desktop,5.79,11,1,0,1,8.43,47.77,1,Yes,0,Others,4,Interested
260,53,Female,Mobile,28.74,7,13,1,1,19.52,29.62,1,Yes,1,Right_Discount,6,Interested
261,55,Male,Desktop,7.49,6,10,1,1,9.13,0,1,Yes,1,Right_Discount,4,Interested
262,57,Male,Mobile,14.27,12,11,1,0,18.34,68.86,1,Yes,0,Others,9,Interested
263,37,Male,Mobile,4.33,4,14,0,0,5.35,15.46,1,Yes,0,Others,3,Interested
0,52,Female,Desktop,18.5,14,11,1,0,15.52,0,1,Yes,1,Right_Discount,6,Interested
265,42,Male,Mobile,11.89,11,3,0,1,14.31,77.6,1,Yes,1,Right_Discount,3,Interested
266,52,Female,Desktop,11.24,12,0,1,0,10.94,47.56,1,Yes,0,Others,9,Interested
267,42,Female,Mobile,24.98,2,6,1,0,16.29,15.69,1,Yes,1,Right_Discount,3,Interested
268,46,Female,Mobile,1.28,11,13,1,0,0.9,86.97,1,Yes,1,Right_Discount,1,Interested
269,35,Female,Mobile,24.14,13,3,0,1,12.7,67.39,1,Yes,1,Right_Discount,4,Interested
270,35,Female,Mobile,17.57,11,4,1,1,14.62,63.25,1,Yes,0,Others,7,Interested
271,19,Male,Mobile,29.6,9,14,0,0,36.35,65.17,1,Yes,1,Right_Discount,3,Interested
272,52,Male,Mobile,18.09,16,11,0,0,26.58,24.51,1,Yes,0,Others,1,Interested
273,33,Female,Tablet,2.61,5,0,1,1,1.65,49.23,0,No,1,Low_Discount,8,Not Interested
274,58,Female,Mobile,2.47,12,1,1,1,2.11,32.6,1,Yes,1,Right_Discount,5,Interested
275,53,Male,Mobile,26.61,3,11,1,0,18.13,0,1,Yes,0,Others,2,Interested
276,50,Male,Mobile,25.4,16,3,0,1,32.03,58.88,1,Yes,0,Others,0,Technical Error
277,21,Female,Desktop,11.03,19,1,0,1,15.66,71.73,1,Yes,1,Right_Discount,4,Interested
278,50,Female,Mobile,18.92,17,13,0,0,11.62,0,1,Yes,0,Others,5,Interested
279,31,Male,Desktop,15.2,11,13,1,0,21.33,48.37,0,No,0,Others,8,Not Interested
280,38,Male,Desktop,29.05,19,12,0,0,22.41,80.49,1,Yes,0,Others,4,Interested
281,37,Female,Mobile,28.55,18,0,0,1,20.64,61.54,1,Yes,1,Right_Discount,8,Interested
282,25,Male,Mobile,29.53,9,9,0,0,16.44,0,1,Yes,0,Others,0,Technical Error
283,24,Male,Tablet,26.13,13,0,0,0,15.17,29.07,1,Yes,1,Right_Discount,9,Interested
284,0,Female,Desktop,27.38,6,5,1,1,15.59,82.7,1,Yes,0,Others,3,Interested
285,34,Female,Desktop,7.3,3,1,1,1,6.91,94.12,0,No,0,Others,0,Not Interested
286,50,Female,Mobile,25.1,12,2,1,0,29.08,54.8,0,No,1,Low_Discount,1,Not Interested
287,29,Male,Mobile,21.56,9,4,0,0,14.76,38.55,1,Yes,1,Right_Discount,1,Interested
288,39,Female,Mobile,28.92,9,2,0,0,20.75,62.5,1,Yes,0,Others,9,Interested
289,39,Male,Mobile,17.57,15,5,1,1,11.82,48.35,1,Yes,1,Right_Discount,0,Technical Error
290,47,Female,Mobile,3.47,1,6,1,1,4.53,84.17,1,Yes,1,Right_Discount,0,Technical Error
291,55,Female,Desktop,18.32,18,9,0,0,11.67,83.3,1,Yes,0,Others,9,Interested
292,55,Male,Mobile,20.91,15,5,0,0,11.99,45.62,1,Yes,0,Others,2,Interested
293,25,Male,Desktop,7.39,8,1,0,1,3.97,80.46,1,Yes,1,Right_Discount,5,Interested
294,44,Female,Desktop,12.43,11,8,1,1,6.71,19.3,1,Yes,0,Others,0,Technical Error
295,44,Female,Mobile,18.36,17,1,0,0,19.22,37.39,1,Yes,1,Right_Discount,0,Technical Error
296,51,Male,Desktop,11.85,14,5,0,1,7.04,7.96,1,Yes,1,Right_Discount,2,Interested
0,38,Female,Mobile,11.87,19,8,1,1,8.58,80.78,0,No,1,Low_Discount,8,Not Interested
298,47,Male,Desktop,4.86,5,8,0,0,6.48,97.52,1,Yes,0,Others,1,Interested
299,50,Male,Mobile,28.28,2,1,0,1,41.52,57.68,1,Yes,1,Right_Discount,5,Interested
300,45,Female,Mobile,22.76,15,8,1,1,30.97,76.65,1,Yes,0,Others,2,Interested
301,50,Male,Desktop,1.04,19,7,0,1,1.52,40.16,1,Yes,1,Right_Discount,5,Interested
302,22,Male,Mobile,23.2,16,13,0,1,27.15,56.16,1,Yes,1,Right_Discount,6,Interested
303,36,Male,Tablet,22.45,13,6,0,0,33.39,34.74,1,Yes,1,Right_Discount,6,Interested
304,21,Female,Mobile,1.28,0,12,1,1,1.28,69.68,1,Yes,0,Others,1,Interested
305,52,Male,Mobile,11.72,0,10,1,1,15.17,24.62,1,Yes,0,Others,2,Interested
306,34,Female,Mobile,18.6,19,7,0,0,27.37,15.32,1,Yes,1,Right_Discount,3,Interested
307,45,Female,Mobile,14.13,7,9,0,1,17.09,89.86,1,Yes,1,Right_Discount,7,Interested
308,47,Female,Mobile,23.56,12,7,0,0,34.32,86.43,1,Yes,0,Others,4,Interested
309,46,Male,Desktop,13.34,13,0,1,1,10.05,83.5,1,Yes,1,Right_Discount,0,Technical Error
310,23,Male,Desktop,5.46,13,8,0,1,4.37,82.15,1,Yes,0,Others,8,Interested
311,52,Female,Desktop,29.32,14,5,1,1,26.31,72.95,1,Yes,1,Right_Discount,0,Technical Error
312,58,Female,Tablet,8.02,15,0,0,0,7.74,87.48,1,Yes,1,Right_Discount,1,Interested
313,54,Male,Mobile,21.81,2,0,1,1,30.48,21.02,1,Yes,0,Others,6,Interested
314,41,Female,Desktop,5.15,6,12,1,0,7.15,87.04,1,Yes,0,Others,2,Interested
315,46,Female,Mobile,10.54,9,6,0,0,12.2,91.78,1,Yes,0,Others,5,Interested
316,48,Male,Desktop,13.82,15,9,1,1,10.12,71.6,1,Yes,1,Right_Discount,7,Interested
317,52,Female,Mobile,6.57,16,1,0,1,4.86,59.94,1,Yes,1,Right_Discount,4,Interested
318,50,Unknown,Tablet,14.05,2,5,1,0,15.9,23.61,1,Yes,0,Others,0,Technical Error
319,38,Male,Desktop,5.56,3,12,0,0,5.58,86.62,1,Yes,1,Right_Discount,9,Interested
320,49,Female,Tablet,17.21,8,4,1,0,13.05,57.68,1,Yes,1,Right_Discount,2,Interested
321,40,Male,Desktop,20.25,8,4,1,0,13.53,61.07,1,Yes,1,Right_Discount,1,Interested
322,50,Male,Tablet,2.81,7,9,1,0,3.44,60.66,1,Yes,0,Others,5,Interested
323,20,Male,Desktop,26.26,11,14,1,0,34.49,86.68,1,Yes,0,Others,4,Interested
324,35,Female,Mobile,6.37,13,11,0,0,4.85,13.7,1,Yes,1,Right_Discount,6,Interested
325,42,Female,Mobile,7.54,0,5,1,0,6.97,6.17,1,Yes,1,Right_Discount,1,Interested
326,59,Female,Mobile,20.18,9,13,1,0,24.49,22.4,1,Yes,1,Right_Discount,5,Interested
327,48,Male,Mobile,14.59,16,10,1,1,14.14,49.18,1,Yes,0,Others,4,Interested
328,20,Male,Mobile,15.48,5,7,1,0,22.62,46.94,1,Yes,0,Others,5,Interested
329,57,Female,Mobile,4.72,14,4,1,0,2.97,51.2,1,Yes,0,Others,4,Interested
330,41,Female,Mobile,24.37,1,7,0,0,33.01,11.43,1,Yes,0,Others,6,Interested
331,49,Male,Tablet,18.89,19,4,0,0,15.23,79.29,1,Yes,0,Others,4,Interested
332,39,Female,Tablet,0,17,9,0,1,5.85,30.21,1,Yes,1,Right_Discount,6,Interested
333,40,Female,Mobile,11.85,14,14,1,0,8.93,91.32,1,Yes,1,Right_Discount,0,Technical Error
334,19,Female,Mobile,24.5,13,5,0,1,35.93,84,1,Yes,0,Others,8,Interested
335,44,Female,Mobile,17.48,8,7,0,1,9.62,6.35,1,Yes,0,Others,5,Interested
336,59,Female,Mobile,4.15,3,1,1,1,4.21,5.36,1,Yes,0,Others,8,Interested
337,19,Male,Desktop,11.81,1,6,0,1,16.66,62.9,1,Yes,0,Others,0,Technical Error
338,43,Female,Mobile,8.04,19,2,1,0,7.8,7.73,1,Yes,1,Right_Discount,1,Interested
339,34,Female,Mobile,16.01,15,8,0,1,21.46,57.18,1,Yes,1,Right_Discount,6,Interested
340,57,Male,Desktop,25.46,8,9,0,0,36.91,7.92,1,Yes,1,Right_Discount,3,Interested
341,50,Male,Desktop,13.65,9,6,0,0,7.75,47.93,1,Yes,1,Right_Discount,0,Technical Error
342,26,Male,Mobile,13.57,13,14,0,0,13.42,41.91,1,Yes,0,Others,0,Technical Error
343,56,Male,Desktop,27.26,12,2,1,1,32.34,59.09,1,Yes,0,Others,4,Interested
344,46,Female,Mobile,17.71,9,14,0,1,23.59,35.62,1,Yes,0,Others,0,Technical Error
345,59,Female,Mobile,17.42,11,7,1,0,11.55,14,1,Yes,1,Right_Discount,5,Interested
346,43,Female,Mobile,8.6,5,9,1,1,9.17,84.21,1,Yes,1,Right_Discount,6,Interested
347,52,Female,Mobile,18.62,19,1,0,1,12.34,29.93,1,Yes,1,Right_Discount,2,Interested
348,42,Male,Mobile,0,18,9,1,1,22.22,6.75,1,Yes,1,Right_Discount,5,Interested
349,0,Male,Mobile,12.51,11,11,1,0,9.82,50.06,1,Yes,1,Right_Discount,1,Interested
350,30,Female,Desktop,29.73,11,7,1,1,22.86,87.77,1,Yes,0,Others,9,Interested
351,24,Female,Desktop,26.57,6,6,1,0,33.74,28.07,1,Yes,1,Right_Discount,3,Interested
352,53,Female,Unknown,22.74,1,11,0,1,30.52,45.08,1,Yes,1,Right_Discount,9,Interested
353,37,Female,Mobile,16.58,9,4,1,1,13.98,40.26,1,Yes,1,Right_Discount,8,Interested
354,18,Male,Desktop,14.4,7,3,1,1,14.42,4.84,1,Yes,0,Others,6,Interested
355,25,Female,Mobile,6.36,6,10,0,0,7.59,86.83,1,Yes,1,Right_Discount,1,Interested
356,33,Male,Tablet,9.87,10,9,1,1,12.29,75.89,1,Yes,1,Right_Discount,0,Technical Error
357,31,Male,Desktop,23.44,5,11,1,0,29.77,0,1,Yes,0,Others,3,Interested
358,29,Male,Mobile,14.16,1,13,1,0,12.61,13.22,1,Yes,0,Others,7,Interested
359,40,Male,Mobile,26.59,15,9,1,1,27.56,1.06,1,Yes,0,Others,7,Interested
360,32,Female,Mobile,5.29,5,0,0,1,3.22,98.57,0,No,1,Low_Discount,0,Not Interested
361,45,Female,Mobile,15.74,6,12,0,0,22.8,41.62,1,Yes,1,Right_Discount,7,Interested
362,51,Female,Mobile,19.76,5,3,0,0,23.74,93.04,1,Yes,1,Right_Discount,9,Interested
363,19,Female,Desktop,15.99,17,5,1,1,14,42.01,1,Yes,1,Right_Discount,6,Interested
364,49,Unknown,Mobile,26.79,18,14,0,1,23.83,10.38,1,Yes,0,Others,0,Technical Error
365,40,Male,Mobile,0,4,5,0,1,17.54,34.33,1,Yes,0,Others,2,Interested
366,39,Male,Mobile,4.36,2,1,1,0,4.17,41.82,1,Yes,0,Others,4,Interested
0,42,Female,Mobile,4.77,8,8,1,1,5.6,17.66,1,Yes,0,Others,2,Interested
368,39,Male,Mobile,4.78,5,12,1,1,6.94,5.35,1,Yes,1,Right_Discount,2,Interested
369,39,Male,Mobile,20.75,4,12,1,0,23.81,31.65,1,Yes,0,Others,0,Technical Error
370,59,Male,Mobile,11.81,14,0,1,0,13.59,53.93,1,Yes,1,Right_Discount,7,Interested
371,23,Male,Desktop,22.27,4,3,0,1,28.65,25.53,1,Yes,1,Right_Discount,8,Interested
372,32,Female,Mobile,12.76,8,3,1,0,12.89,95.87,1,Yes,0,Others,4,Interested
373,54,Male,Desktop,19.2,3,1,1,0,10.22,48.14,1,Yes,0,Others,0,Technical Error
374,50,Male,Mobile,23.33,14,7,1,1,32.43,13.03,1,Yes,1,Right_Discount,0,Technical Error
375,25,Female,Mobile,16.9,18,10,0,1,15.25,41.35,1,Yes,1,Right_Discount,8,Interested
376,22,Female,Mobile,16.65,12,1,1,0,24.72,70.77,1,Yes,0,Others,0,Technical Error
377,56,Female,Desktop,3.56,15,1,0,0,3.23,48.71,1,Yes,1,Right_Discount,8,Interested
378,21,Male,Mobile,12.91,9,14,0,1,15.08,33.12,1,Yes,1,Right_Discount,2,Interested
379,23,Unknown,Mobile,16.83,2,1,1,1,16.15,10.63,1,Yes,1,Right_Discount,2,Interested
380,49,Male,Mobile,14.4,1,14,0,0,10.55,45.96,1,Yes,0,Others,3,Interested
381,47,Male,Mobile,27.12,15,0,1,0,38.8,9.74,1,Yes,1,Right_Discount,4,Interested
382,52,Female,Mobile,27.29,15,12,0,1,30.76,37.09,1,Yes,1,Right_Discount,5,Interested
383,57,Male,Desktop,24.84,8,4,1,1,23.61,11.62,1,Yes,1,Right_Discount,5,Interested
384,33,Male,Mobile,0,3,10,1,0,7.65,67.62,1,Yes,0,Others,9,Interested
385,30,Female,Desktop,21.8,2,3,1,0,32.68,0,1,Yes,0,Others,8,Interested
386,59,Female,Mobile,12.46,4,1,0,1,17.38,24.35,1,Yes,0,Others,0,Technical Error
387,47,Female,Desktop,7.75,18,0,0,1,7.15,7.47,1,Yes,1,Right_Discount,8,Interested
388,36,Male,Desktop,0,12,0,0,1,7.35,34.7,1,Yes,1,Right_Discount,3,Interested
389,34,Male,Mobile,3.06,18,1,0,1,1.62,56.05,1,Yes,0,Others,6,Interested
0,36,Male,Desktop,10.62,10,0,1,0,6.92,76.79,1,Yes,1,Right_Discount,5,Interested
391,45,Male,Desktop,14.36,8,8,0,0,14.85,40.29,1,Yes,1,Right_Discount,8,Interested
392,43,Male,Mobile,28.71,18,14,0,1,37.78,36.59,1,Yes,0,Others,1,Interested
393,54,Female,Mobile,10.09,17,1,0,1,8.71,90.83,1,Yes,0,Others,1,Interested
394,43,Female,Desktop,27.17,19,2,0,0,25.38,44.97,1,Yes,1,Right_Discount,6,Interested
395,40,Male,Mobile,7.64,6,8,0,1,7.44,44.72,1,Yes,0,Others,8,Interested
396,26,Male,Mobile,6.54,14,4,0,0,3.38,41,1,Yes,0,Others,4,Interested
397,0,Male,Desktop,16.05,5,13,0,0,10.87,36.32,1,Yes,1,Right_Discount,6,Interested
398,18,Male,Mobile,20.5,8,12,0,1,20.52,72.85,1,Yes,1,Right_Discount,7,Interested
399,18,Male,Desktop,2.29,8,7,0,0,1.78,28.18,1,Yes,0,Others,7,Interested
400,51,Female,Desktop,7.41,18,6,1,0,7.58,37.88,1,Yes,0,Others,3,Interested
401,49,Female,Tablet,14.21,9,14,1,0,8.64,28.23,1,Yes,1,Right_Discount,9,Interested
402,42,Female,Mobile,10.6,14,13,1,1,13.81,57.03,1,Yes,1,Right_Discount,6,Interested
403,57,Male,Mobile,21.67,14,5,0,1,27.82,96.04,0,No,1,Low_Discount,0,Not Interested
404,18,Male,Mobile,15.82,14,12,1,0,18.51,39.03,1,Yes,0,Others,3,Interested
405,33,Female,Mobile,5.65,17,1,1,0,5.83,96.82,1,Yes,0,Others,4,Interested
406,56,Female,Mobile,26.94,2,13,1,1,23.97,65.67,1,Yes,1,Right_Discount,0,Technical Error
407,22,Male,Mobile,9.49,14,12,1,0,11.22,79.54,1,Yes,1,Right_Discount,6,Interested
408,39,Female,Mobile,22.2,12,3,1,1,28.46,33.3,1,Yes,1,Right_Discount,5,Interested
409,46,Female,Mobile,23.62,16,8,1,0,30.91,22.44,1,Yes,1,Right_Discount,3,Interested
410,20,Male,Desktop,28.93,6,6,1,0,24.52,0,1,Yes,0,Others,2,Interested
411,29,Female,Desktop,15.46,18,2,0,1,10.73,99.08,1,Yes,0,Others,5,Interested
412,43,Female,Desktop,0,7,5,0,1,15.88,71.02,1,Yes,0,Others,9,Interested
413,33,Female,Tablet,10.71,2,0,0,0,5.44,68.16,0,No,1,Low_Discount,4,Not Interested
414,54,Male,Mobile,20.67,13,7,1,1,19.08,45.01,1,Yes,1,Right_Discount,2,Interested
415,39,Female,Tablet,14.44,8,7,0,1,11.17,87.95,1,Yes,1,Right_Discount,3,Interested
416,46,Female,Desktop,13.69,12,12,0,1,17.66,69.7,1,Yes,0,Others,1,Interested
417,31,Female,Mobile,25.81,1,7,1,0,30.32,67.49,1,Yes,1,Right_Discount,8,Interested
418,45,Male,Unknown,2.45,9,9,1,0,1.29,29.25,1,Yes,0,Others,0,Technical Error
419,22,Male,Mobile,26.58,8,14,1,1,17.13,95.77,1,Yes,0,Others,9,Interested
420,47,Female,Mobile,25.71,9,5,1,1,26.79,25.04,1,Yes,1,Right_Discount,2,Interested
421,22,Male,Mobile,15.68,0,10,0,0,17.53,52.37,1,Yes,1,Right_Discount,7,Interested
422,29,Female,Mobile,15.22,13,14,0,1,19.31,33.96,1,Yes,1,Right_Discount,7,Interested
423,33,Male,Desktop,11.49,14,9,1,0,16.87,18.08,1,Yes,1,Right_Discount,0,Technical Error
424,43,Male,Mobile,29.83,4,10,1,0,35.85,14.41,1,Yes,1,Right_Discount,4,Interested
425,43,Female,Mobile,4.22,17,2,1,0,4.41,29.29,1,Yes,0,Others,4,Interested
426,38,Female,Desktop,18.12,9,8,0,0,16.57,68.9,1,Yes,0,Others,2,Interested
427,56,Female,Mobile,20.77,15,13,1,0,25.72,97.48,1,Yes,1,Right_Discount,1,Interested
428,53,Male,Tablet,28.1,4,13,0,1,40.32,85.33,1,Yes,1,Right_Discount,0,Technical Error
429,50,Female,Mobile,23.63,2,13,1,1,21.81,21.8,1,Yes,1,Right_Discount,3,Interested
430,47,Male,Tablet,19.67,13,2,0,1,21.33,7.84,1,Yes,1,Right_Discount,0,Technical Error
431,54,Male,Mobile,4.39,4,11,0,0,3.1,68.67,1,Yes,1,Right_Discount,1,Interested
432,40,Female,Mobile,11.84,18,11,1,0,16.07,3,1,Yes,0,Others,4,Interested
433,27,Male,Mobile,5.03,16,14,1,1,6.1,85.91,1,Yes,0,Others,9,Interested
434,22,Female,Desktop,26.56,10,3,0,1,22.7,82.55,1,Yes,0,Others,1,Interested
435,53,Male,Desktop,22.74,2,0,0,0,31.25,79.37,1,Yes,0,Others,0,Technical Error
436,51,Female,Unknown,22.97,14,9,0,0,33.79,55.24,1,Yes,1,Right_Discount,9,Interested
437,48,Male,Tablet,19.92,2,0,1,1,15.71,97.35,1,Yes,1,Right_Discount,9,Interested
438,27,Male,Mobile,15.7,18,1,1,1,10.78,45.84,1,Yes,1,Right_Discount,9,Interested
439,36,Female,Desktop,5.35,1,5,0,0,7.13,98.65,1,Yes,0,Others,9,Interested
440,49,Male,Desktop,10.56,13,13,1,0,11.43,88.19,1,Yes,0,Others,8,Interested
441,18,Female,Mobile,4.97,6,12,1,0,6.88,12.65,1,Yes,1,Right_Discount,1,Interested
442,22,Male,Mobile,22.02,17,13,0,0,18.66,89.49,1,Yes,0,Others,9,Interested
443,21,Male,Tablet,5.65,17,11,0,0,6.11,30.49,1,Yes,1,Right_Discount,3,Interested
444,33,Male,Tablet,21.36,11,0,0,1,23.01,76.83,1,Yes,1,Right_Discount,2,Interested
445,41,Female,Tablet,21.08,6,11,0,0,14.51,0.02,1,Yes,1,Right_Discount,0,Technical Error
446,33,Female,Tablet,14.32,3,8,0,1,21.36,27.58,1,Yes,1,Right_Discount,7,Interested
447,19,Female,Mobile,4.92,14,7,1,0,5.73,75.84,1,Yes,0,Others,0,Technical Error
448,45,Female,Desktop,10.13,6,1,0,0,11.79,97.23,1,Yes,1,Right_Discount,7,Interested
449,49,Female,Mobile,10.28,17,13,0,0,8.19,17.1,1,Yes,1,Right_Discount,0,Technical Error
450,44,Male,Tablet,21.31,3,1,1,0,24.51,45.94,1,Yes,1,Right_Discount,5,Interested
451,37,Male,Unknown,4.3,17,7,1,0,5.73,58.72,1,Yes,0,Others,3,Interested
452,41,Female,Mobile,25.04,19,11,0,0,32.89,95.26,1,Yes,1,Right_Discount,2,Interested
453,29,Male,Mobile,23.07,18,10,0,1,32.75,45.33,1,Yes,0,Others,0,Technical Error
454,52,Male,Mobile,6.4,5,7,0,0,4.15,93.35,1,Yes,1,Right_Discount,9,Interested
455,50,Male,Mobile,21.86,15,0,0,0,14.93,97.82,1,Yes,1,Right_Discount,0,Technical Error
456,50,Male,Desktop,20.39,3,13,1,0,24.68,94.16,1,Yes,0,Others,6,Interested
457,54,Female,Desktop,22.7,8,4,1,0,29.69,74.87,1,Yes,1,Right_Discount,5,Interested
458,29,Male,Mobile,6.48,7,14,0,0,7.61,12.62,1,Yes,1,Right_Discount,2,Interested
459,20,Female,Desktop,5.57,18,10,1,0,3.58,60.24,1,Yes,1,Right_Discount,1,Interested
460,18,Female,Desktop,7.86,10,1,1,0,8.61,75.35,1,Yes,1,Right_Discount,9,Interested
0,50,Male,Mobile,11.61,10,0,0,1,14.49,95.49,1,Yes,1,Right_Discount,2,Interested
462,57,Female,Mobile,24.02,19,2,1,1,15.3,77.8,1,Yes,1,Right_Discount,7,Interested
463,27,Male,Desktop,22.4,1,14,0,1,12.45,53.89,1,Yes,1,Right_Discount,6,Interested
464,46,Male,Desktop,27.84,2,12,1,1,21.01,20.52,1,Yes,0,Others,6,Interested
465,30,Male,Mobile,2.7,1,2,0,1,1.6,45.71,1,Yes,1,Right_Discount,4,Interested
466,29,Female,Desktop,1.34,9,12,0,1,0.87,63.83,1,Yes,1,Right_Discount,9,Interested
467,48,Female,Mobile,21.28,15,9,0,1,14.97,32.46,1,Yes,1,Right_Discount,2,Interested
468,19,Female,Mobile,9.1,18,8,1,1,9.38,45.65,1,Yes,0,Others,0,Technical Error
469,52,Male,Mobile,10.69,18,9,1,0,7.01,1.74,1,Yes,1,Right_Discount,0,Technical Error
470,40,Male,Mobile,16.86,7,0,1,1,18.62,87.9,1,Yes,1,Right_Discount,5,Interested
0,34,Male,Desktop,3.97,0,10,0,1,3.14,3.48,1,Yes,1,Right_Discount,3,Interested
472,43,Female,Tablet,19.64,18,1,1,1,15.92,40.93,1,Yes,0,Others,6,Interested
473,25,Male,Mobile,10.43,19,8,1,1,15.3,51.1,1,Yes,1,Right_Discount,9,Interested
474,46,Male,Mobile,19.35,5,13,0,0,25.25,97.24,1,Yes,0,Others,9,Interested
475,43,Female,Desktop,25.19,0,4,0,1,23.28,93.52,1,Yes,0,Others,9,Interested
476,27,Female,Desktop,0,18,8,0,0,5.65,64.64,1,Yes,1,Right_Discount,0,Technical Error
477,43,Female,Desktop,28,13,5,1,1,17.21,58.41,1,Yes,1,Right_Discount,5,Interested
478,51,Male,Desktop,16.39,5,9,0,1,22.04,36.66,1,Yes,0,Others,6,Interested
479,58,Male,Mobile,27.76,15,9,0,0,13.99,4.11,1,Yes,1,Right_Discount,0,Technical Error
480,24,Male,Desktop,7.02,19,2,1,0,4.52,26.77,1,Yes,0,Others,1,Interested
481,21,Female,Mobile,18.53,11,7,1,0,19.16,84.77,1,Yes,1,Right_Discount,8,Interested
482,28,Female,Mobile,12.71,9,12,1,1,8.75,64.83,1,Yes,0,Others,8,Interested
483,46,Female,Mobile,23.45,16,8,0,0,26.56,81.44,1,Yes,0,Others,5,Interested
484,53,Female,Mobile,18.57,11,1,0,0,9.35,83.7,1,Yes,1,Right_Discount,3,Interested
485,42,Male,Tablet,15.34,2,8,1,0,9.18,6.22,1,Yes,0,Others,6,Interested
486,38,Male,Desktop,27.48,8,3,0,0,34.75,33.71,1,Yes,1,Right_Discount,4,Interested
487,53,Male,Mobile,11.94,5,7,0,0,12.85,67.6,1,Yes,0,Others,2,Interested
488,27,Male,Mobile,7.38,11,4,1,0,3.83,85.31,1,Yes,0,Others,3,Interested
489,54,Male,Mobile,18.63,11,12,1,0,13.15,80.14,1,Yes,1,Right_Discount,1,Interested
490,26,Male,Mobile,19.1,9,5,0,1,14.11,42.21,1,Yes,0,Others,5,Interested
491,41,Male,Desktop,13.73,11,3,1,0,18.52,93.21,1,Yes,0,Others,2,Interested
492,52,Male,Tablet,15.11,5,4,0,1,16.36,30.07,1,Yes,1,Right_Discount,6,Interested
493,52,Female,Tablet,28.83,9,11,1,0,30.02,37.58,1,Yes,0,Others,3,Interested
494,53,Female,Desktop,22.25,1,0,1,1,13.05,18.14,1,Yes,0,Others,7,Interested
495,35,Male,Desktop,4.21,10,14,0,0,4.87,22.69,1,Yes,0,Others,0,Technical Error
496,56,Female,Mobile,7.15,8,11,0,0,4.69,0.87,1,Yes,0,Others,8,Interested
497,49,Male,Mobile,29.29,19,2,0,1,0,30.85,1,Yes,0,Others,2,Interested
0,41,Male,Mobile,22.07,16,13,1,1,0,30.66,1,Yes,1,Right_Discount,2,Interested
499,40,Female,Mobile,27.54,13,3,0,1,36.96,6.73,1,Yes,1,Right_Discount,4,Interested
500,49,Male,Desktop,9.81,5,0,1,0,12.82,34.05,1,Yes,1,Right_Discount,9,Interested
501,54,Male,Mobile,22.51,18,12,0,1,15.53,30.14,1,Yes,0,Others,0,Technical Error
502,29,Male,Mobile,21.71,9,2,0,0,30.75,79.91,1,Yes,1,Right_Discount,2,Interested
503,30,Male,Mobile,9.55,4,3,0,0,4.8,15.62,1,Yes,0,Others,3,Interested
504,40,Male,Tablet,16.97,14,13,0,0,14.09,72.51,1,Yes,1,Right_Discount,1,Interested
505,42,Male,Mobile,19.2,7,13,0,0,10.87,13,1,Yes,1,Right_Discount,5,Interested
506,52,Male,Desktop,14.95,12,8,0,0,18.25,49.62,1,Yes,0,Others,9,Interested
507,58,Female,Desktop,24.99,7,2,0,0,25,73.64,1,Yes,1,Right_Discount,3,Interested
508,47,Female,Mobile,25.15,11,10,0,0,16.97,60.65,1,Yes,0,Others,0,Technical Error
509,34,Male,Mobile,25.67,15,2,1,1,15.02,64.59,1,Yes,0,Others,2,Interested
510,37,Female,Desktop,24.3,7,3,1,0,17.64,20.64,1,Yes,0,Others,6,Interested
511,42,Unknown,Mobile,15.15,17,8,1,0,21.52,82.74,1,Yes,0,Others,2,Interested
512,39,Male,Tablet,12.06,5,8,0,0,14.2,95.21,1,Yes,1,Right_Discount,0,Technical Error
513,30,Male,Mobile,25.11,8,0,1,1,18.64,15.44,1,Yes,0,Others,5,Interested
514,36,Male,Mobile,15.22,10,14,1,1,21.21,88.83,1,Yes,0,Others,0,Technical Error
515,53,Female,Desktop,8.14,6,7,0,1,5.18,0,1,Yes,0,Others,1,Interested
516,29,Unknown,Desktop,15.71,2,9,0,0,18.67,69.88,1,Yes,0,Others,9,Interested
517,58,Unknown,Tablet,5.11,5,12,1,0,4.73,50.67,1,Yes,1,Right_Discount,5,Interested
518,36,Female,Desktop,21.06,10,0,1,1,16.18,79.33,1,Yes,0,Others,1,Interested
519,29,Male,Tablet,10.74,3,1,1,0,8.19,4.53,1,Yes,1,Right_Discount,1,Interested
520,26,Female,Desktop,8.56,13,9,1,1,8.57,32.37,1,Yes,1,Right_Discount,3,Interested
521,24,Male,Desktop,28.74,16,0,0,1,41.14,4.75,1,Yes,0,Others,7,Interested
522,45,Male,Mobile,23.53,15,4,0,0,29.23,94.17,1,Yes,1,Right_Discount,5,Interested
523,31,Female,Mobile,23.83,2,10,1,1,27.69,17.02,1,Yes,0,Others,7,Interested
524,48,Male,Tablet,19.09,3,12,1,0,26.26,42.46,1,Yes,0,Others,3,Interested
525,36,Female,Mobile,25.34,18,14,1,1,27.12,64.14,1,Yes,0,Others,2,Interested
526,33,Female,Mobile,23.02,15,10,1,0,15.93,46.15,1,Yes,1,Right_Discount,6,Interested
527,22,Female,Mobile,18.36,5,13,0,1,27.12,53.65,1,Yes,0,Others,6,Interested
528,52,Female,Mobile,28.87,11,11,0,1,29.87,20.4,1,Yes,1,Right_Discount,1,Interested
529,29,Female,Mobile,6.56,3,12,1,0,5.35,6.7,1,Yes,0,Others,0,Technical Error
530,42,Male,Mobile,28.36,9,5,0,1,36.25,25.74,1,Yes,0,Others,7,Interested
531,38,Female,Desktop,12.64,7,1,1,1,12.18,31.72,1,Yes,0,Others,2,Interested
532,53,Female,Mobile,16.32,2,9,1,1,8.36,41.58,1,Yes,1,Right_Discount,5,Interested
533,40,Male,Mobile,4.56,15,4,1,0,3.74,29.6,1,Yes,0,Others,6,Interested
534,33,Female,Mobile,16.66,12,2,0,1,15.95,3.58,1,Yes,1,Right_Discount,7,Interested
535,56,Female,Mobile,18.72,16,6,0,0,16.34,9.46,1,Yes,0,Others,5,Interested
536,59,Male,Mobile,29.93,16,11,1,1,31.48,67.38,1,Yes,1,Right_Discount,6,Interested
537,56,Male,Desktop,29.28,16,11,1,1,20.01,6.32,1,Yes,0,Others,4,Interested
538,31,Female,Mobile,29.03,19,0,0,1,31.13,4.62,1,Yes,0,Others,2,Interested
539,48,Male,Tablet,11.1,3,4,0,0,16.5,81.18,1,Yes,1,Right_Discount,1,Interested
540,22,Female,Mobile,29.75,4,11,1,1,37.3,4.12,1,Yes,0,Others,6,Interested
541,52,Male,Mobile,14.21,1,2,1,0,16.83,6.87,1,Yes,0,Others,7,Interested
542,40,Female,Mobile,25.7,0,10,1,1,18.01,54.95,1,Yes,0,Others,7,Interested
543,46,Unknown,Mobile,7.27,15,1,1,0,7.86,44.28,1,Yes,1,Right_Discount,2,Interested
544,28,Female,Desktop,15.67,5,11,0,1,20.68,96.45,1,Yes,1,Right_Discount,1,Interested
545,35,Male,Desktop,29.01,12,11,0,1,0,93.68,1,Yes,1,Right_Discount,8,Interested
0,29,Female,Desktop,28.46,4,2,0,1,16.7,66.02,1,Yes,1,Right_Discount,5,Interested
547,26,Male,Mobile,20.83,15,9,0,1,24.2,7.19,1,Yes,0,Others,0,Technical Error
0,27,Female,Mobile,24.14,6,3,0,0,28.33,50.32,1,Yes,0,Others,0,Technical Error
549,34,Female,Mobile,6.12,5,14,0,1,7.98,4.51,1,Yes,1,Right_Discount,4,Interested
550,55,Female,Tablet,21.93,11,14,1,0,24.77,90.79,1,Yes,0,Others,0,Technical Error
551,24,Unknown,Mobile,18.92,14,10,0,0,25.51,66,1,Yes,1,Right_Discount,1,Interested
552,30,Female,Desktop,3.66,11,1,1,0,2.8,57.39,0,No,0,Others,8,Not Interested
553,57,Male,Mobile,4.28,9,1,0,1,2.29,42.79,1,Yes,1,Right_Discount,9,Interested
554,59,Male,Mobile,4.14,10,2,0,0,5.1,50.97,1,Yes,1,Right_Discount,9,Interested
555,26,Male,Mobile,22.01,6,1,0,0,19.5,40.03,1,Yes,1,Right_Discount,2,Interested
556,44,Female,Mobile,5.11,11,13,0,0,3.63,9.96,1,Yes,0,Others,7,Interested
557,19,Female,Desktop,14.56,9,5,1,0,8.03,66.1,1,Yes,1,Right_Discount,9,Interested
558,22,Male,Mobile,11.35,5,1,1,0,14.25,99.64,1,Yes,1,Right_Discount,7,Interested
559,46,Female,Desktop,16.96,10,0,1,1,22.49,11.25,1,Yes,0,Others,4,Interested
560,54,Female,Mobile,21.49,14,7,0,1,19.11,99.42,1,Yes,0,Others,7,Interested
561,55,Female,Tablet,20.86,6,9,0,1,28.89,89.96,1,Yes,0,Others,1,Interested
562,36,Male,Unknown,15.95,4,14,0,1,14.6,89.42,1,Yes,1,Right_Discount,1,Interested
563,25,Male,Desktop,14.47,10,3,1,1,21,83.12,1,Yes,0,Others,3,Interested
564,18,Male,Desktop,12.54,11,1,1,0,18.6,92.36,1,Yes,1,Right_Discount,7,Interested
565,39,Male,Tablet,0,16,3,0,1,34.26,24.64,1,Yes,0,Others,1,Interested
566,34,Male,Mobile,10.59,7,10,0,1,8.01,43.72,1,Yes,1,Right_Discount,3,Interested
567,24,Female,Desktop,8.52,18,1,1,0,7.38,47.98,1,Yes,1,Right_Discount,0,Technical Error
568,42,Female,Mobile,22.56,7,10,0,1,23.3,6.8,1,Yes,1,Right_Discount,2,Interested
569,21,Female,Mobile,11.43,15,4,1,1,9.47,98.1,1,Yes,0,Others,7,Interested
570,53,Female,Mobile,25.56,19,6,0,0,33.71,68.94,1,Yes,1,Right_Discount,1,Interested
571,23,Male,Mobile,10.51,18,5,1,1,15,45.16,1,Yes,1,Right_Discount,0,Technical Error
572,48,Male,Tablet,21.36,15,1,1,1,31.74,99.23,1,Yes,1,Right_Discount,5,Interested
573,36,Female,Mobile,2.31,18,10,1,1,1.93,27.22,1,Yes,0,Others,7,Interested
574,56,Male,Mobile,12.18,0,12,1,1,9.38,33.7,1,Yes,0,Others,8,Interested
575,44,Female,Desktop,10.95,1,3,1,0,7.24,19.09,1,Yes,0,Others,9,Interested
576,27,Female,Mobile,24.68,1,7,0,1,13.51,18.65,1,Yes,1,Right_Discount,7,Interested
577,43,Female,Desktop,29.04,7,11,0,0,19.66,18.85,1,Yes,1,Right_Discount,1,Interested
578,36,Female,Mobile,14.37,10,13,1,1,11.27,61.08,1,Yes,0,Others,0,Technical Error
579,56,Male,Mobile,0,12,13,1,0,22.21,29.41,1,Yes,1,Right_Discount,6,Interested
580,20,Female,Unknown,21.29,0,6,0,1,12.98,95.17,1,Yes,0,Others,6,Interested
581,30,Male,Tablet,29.05,17,6,1,1,38.35,81.67,1,Yes,0,Others,2,Interested
582,45,Female,Desktop,24.52,14,11,1,0,27.44,16.12,1,Yes,0,Others,5,Interested
583,37,Female,Tablet,3.25,17,11,1,1,3.45,83.4,1,Yes,0,Others,6,Interested
584,45,Female,Mobile,21.69,6,3,1,0,22.67,34.57,1,Yes,0,Others,8,Interested
585,25,Female,Mobile,16.53,17,0,0,0,13.06,22.78,1,Yes,0,Others,0,Technical Error
586,58,Male,Mobile,1.48,8,6,0,0,2.13,78.21,1,Yes,0,Others,2,Interested
587,56,Female,Mobile,8.29,13,5,0,0,6.07,85.7,1,Yes,1,Right_Discount,4,Interested
588,18,Male,Mobile,27.73,16,7,0,0,32.41,96.04,1,Yes,1,Right_Discount,2,Interested
589,20,Female,Desktop,27.86,12,10,1,0,20.98,42.02,1,Yes,0,Others,7,Interested
590,30,Female,Mobile,24.17,17,12,0,1,36,56.21,1,Yes,1,Right_Discount,9,Interested
591,45,Female,Mobile,29.47,0,4,0,1,41.6,61.49,1,Yes,0,Others,5,Interested
592,42,Male,Desktop,24.39,8,7,0,1,18.65,62.77,1,Yes,1,Right_Discount,1,Interested
593,50,Unknown,Unknown,1.3,18,9,1,1,1.93,40.22,1,Yes,0,Others,0,Technical Error
594,55,Female,Mobile,9.35,11,10,1,0,10.53,15.24,1,Yes,1,Right_Discount,9,Interested
595,23,Female,Mobile,1.89,13,13,0,1,2.32,7.04,1,Yes,0,Others,4,Interested
596,49,Female,Mobile,3.73,12,7,0,0,2.92,90.6,1,Yes,1,Right_Discount,8,Interested
597,38,Female,Mobile,7.35,15,8,1,0,5.26,36.66,1,Yes,0,Others,9,Interested
598,33,Male,Desktop,15.6,3,0,1,1,21.19,18.07,1,Yes,0,Others,8,Interested
599,38,Male,Mobile,25.58,3,2,0,0,19.83,98.36,1,Yes,1,Right_Discount,0,Technical Error
600,28,Female,Desktop,26,6,11,0,0,36.86,80.29,1,Yes,0,Others,2,Interested
601,54,Female,Desktop,18.87,3,11,0,0,16.35,98.12,1,Yes,0,Others,5,Interested
602,53,Male,Desktop,27.92,9,10,1,0,14.22,27.88,1,Yes,0,Others,4,Interested
603,52,Female,Mobile,15.5,11,5,0,0,16.93,46.32,1,Yes,0,Others,3,Interested
604,36,Male,Mobile,26.78,8,12,0,1,22.86,80.87,1,Yes,1,Right_Discount,1,Interested
605,37,Female,Desktop,14.17,4,3,0,1,20.91,55.19,1,Yes,1,Right_Discount,3,Interested
606,35,Female,Mobile,9.04,15,7,0,1,8.02,35.5,1,Yes,1,Right_Discount,4,Interested
607,58,Male,Mobile,27.58,5,9,0,0,22.46,15.84,1,Yes,1,Right_Discount,1,Interested
608,31,Female,Mobile,12.25,7,13,1,0,13.06,56.18,1,Yes,0,Others,9,Interested
609,32,Male,Mobile,15.6,0,13,1,0,19.19,59.84,1,Yes,0,Others,0,Technical Error
610,48,Male,Desktop,10.54,7,0,1,0,15.46,72.07,1,Yes,1,Right_Discount,6,Interested
611,18,Male,Mobile,20.22,8,14,1,1,11.52,79.05,1,Yes,1,Right_Discount,6,Interested
612,20,Female,Mobile,29.86,4,11,1,1,27.46,11.81,1,Yes,1,Right_Discount,7,Interested
613,33,Male,Mobile,1.74,1,4,1,1,2.02,62.8,1,Yes,0,Others,0,Technical Error
614,40,Male,Mobile,27.1,5,13,1,0,13.68,78.14,1,Yes,0,Others,5,Interested
615,28,Female,Desktop,1.11,11,3,1,1,1.1,38.9,1,Yes,1,Right_Discount,0,Technical Error
616,29,Unknown,Desktop,11.56,4,11,1,0,15.1,27.56,1,Yes,1,Right_Discount,7,Interested
617,27,Female,Mobile,5.89,2,0,0,0,3.24,47.97,1,Yes,1,Right_Discount,1,Interested
618,49,Female,Mobile,22.96,17,9,0,0,19.3,31.01,1,Yes,0,Others,2,Interested
619,33,Unknown,Mobile,2.47,12,5,1,1,2.23,50.99,1,Yes,1,Right_Discount,7,Interested
620,25,Female,Desktop,0,2,14,1,0,20.74,30.85,1,Yes,1,Right_Discount,3,Interested
621,55,Male,Mobile,9.55,9,9,0,0,7.6,42.27,1,Yes,0,Others,4,Interested
622,29,Female,Desktop,4.88,6,12,0,1,3.64,91.51,1,Yes,1,Right_Discount,8,Interested
623,41,Male,Mobile,23.38,6,14,0,0,14.39,91.66,1,Yes,1,Right_Discount,6,Interested
624,45,Female,Desktop,7.31,18,2,1,0,10.93,0,1,Yes,1,Right_Discount,9,Interested
625,25,Male,Unknown,7.49,3,10,0,1,7.28,48.61,1,Yes,0,Others,6,Interested
626,45,Male,Desktop,8.98,15,14,1,0,4.92,16.8,1,Yes,0,Others,0,Technical Error
627,53,Female,Mobile,18.02,7,10,1,0,10.39,88.9,1,Yes,0,Others,0,Technical Error
628,43,Female,Desktop,20.13,13,4,0,1,12.64,59.68,1,Yes,0,Others,7,Interested
629,25,Male,Mobile,1.51,10,5,1,0,1.07,74.77,1,Yes,1,Right_Discount,9,Interested
630,45,Female,Mobile,8.01,4,3,0,0,9.94,16.26,1,Yes,0,Others,0,Technical Error
631,45,Female,Desktop,13.5,16,9,0,1,14.29,31.97,1,Yes,0,Others,9,Interested
632,54,Male,Mobile,10.63,9,9,0,0,13.57,27.52,1,Yes,0,Others,1,Interested
633,58,Male,Desktop,26.64,10,11,0,0,13.85,55.98,1,Yes,0,Others,3,Interested
634,53,Male,Desktop,23.84,19,5,0,0,18.24,99.72,1,Yes,1,Right_Discount,8,Interested
635,44,Female,Mobile,19.15,17,6,0,0,17.34,61.23,1,Yes,0,Others,6,Interested
636,34,Female,Mobile,0,1,1,0,1,10.03,57.29,1,Yes,0,Others,6,Interested
637,26,Female,Mobile,21.32,13,13,0,1,11.8,75.91,1,Yes,0,Others,9,Interested
638,50,Female,Mobile,25.47,4,14,1,1,25.76,32.88,1,Yes,0,Others,6,Interested
639,37,Male,Mobile,18.25,15,6,0,1,14.36,25.32,1,Yes,0,Others,4,Interested
640,30,Female,Desktop,23.75,10,6,1,0,16.42,83.8,1,Yes,1,Right_Discount,0,Technical Error
641,45,Male,Mobile,22.72,9,1,0,0,26.61,96.06,1,Yes,0,Others,4,Interested
642,46,Female,Mobile,17.58,8,2,1,0,10.26,42.14,1,Yes,0,Others,7,Interested
643,30,Female,Mobile,10.05,6,2,0,0,13.74,4.13,1,Yes,1,Right_Discount,6,Interested
644,52,Male,Mobile,22.63,10,0,1,0,31.68,17.92,1,Yes,0,Others,6,Interested
645,23,Female,Mobile,7,17,0,1,1,5.78,85.7,1,Yes,1,Right_Discount,1,Interested
646,35,Female,Desktop,23.61,5,9,1,0,35.11,12.16,1,Yes,1,Right_Discount,0,Technical Error
647,22,Male,Desktop,24.33,14,0,1,1,21.93,76.3,1,Yes,1,Right_Discount,3,Interested
648,42,Female,Mobile,24.84,17,5,0,0,36.32,62.02,1,Yes,1,Right_Discount,7,Interested
649,19,Male,Tablet,14.71,11,8,1,1,21.87,72.67,1,Yes,1,Right_Discount,0,Technical Error
650,27,Unknown,Mobile,6.58,4,8,1,0,8.73,25.66,1,Yes,1,Right_Discount,1,Interested
651,47,Male,Tablet,3.89,17,10,0,1,2.43,1.83,1,Yes,0,Others,6,Interested
652,0,Male,Desktop,22.56,2,13,1,1,24.46,3.98,1,Yes,1,Right_Discount,4,Interested
653,50,Female,Desktop,26.7,1,0,0,1,32.89,72.48,1,Yes,0,Others,5,Interested
654,18,Female,Mobile,19.87,18,11,0,0,11.47,61.34,1,Yes,1,Right_Discount,7,Interested
655,35,Female,Mobile,5.18,7,0,1,0,7.22,84.05,1,Yes,0,Others,8,Interested
656,49,Male,Mobile,28.11,6,5,0,1,38,39.92,1,Yes,1,Right_Discount,7,Interested
657,28,Female,Desktop,29.68,6,3,0,1,42.56,55.56,1,Yes,0,Others,0,Technical Error
658,38,Female,Mobile,13.57,14,10,0,0,13.76,78.35,1,Yes,1,Right_Discount,3,Interested
659,43,Female,Desktop,18.25,12,0,1,1,15.04,49.67,1,Yes,0,Others,4,Interested
660,42,Female,Mobile,23.54,14,8,1,0,23.69,99.33,1,Yes,0,Others,8,Interested
661,0,Male,Desktop,22.36,14,9,1,1,27.49,74.29,1,Yes,0,Others,5,Interested
662,44,Male,Mobile,29.07,12,4,1,0,26.63,68.33,1,Yes,1,Right_Discount,5,Interested
663,30,Female,Mobile,4.33,9,7,1,1,0,80.15,1,Yes,0,Others,2,Interested
664,50,Male,Mobile,0,9,3,0,1,10.29,77.72,1,Yes,1,Right_Discount,1,Interested
665,51,Female,Mobile,21.07,2,3,0,1,19.96,21.97,1,Yes,0,Others,1,Interested
666,58,Female,Mobile,26.81,18,5,1,1,23.94,21.04,1,Yes,1,Right_Discount,6,Interested
667,52,Female,Desktop,26.35,5,5,1,0,0,60.61,1,Yes,1,Right_Discount,0,Technical Error
668,18,Male,Mobile,29.36,12,2,0,0,27.56,43.6,1,Yes,0,Others,9,Interested
669,38,Female,Mobile,15.85,14,14,0,0,7.99,87.16,1,Yes,0,Others,0,Technical Error
670,23,Male,Desktop,25.09,13,1,0,0,24.7,29.01,1,Yes,1,Right_Discount,4,Interested
671,45,Male,Mobile,13.39,3,10,0,1,17.06,33.09,1,Yes,1,Right_Discount,0,Technical Error
672,34,Female,Tablet,13.25,15,8,0,0,19.15,16.63,1,Yes,1,Right_Discount,8,Interested
0,22,Male,Tablet,8.35,15,1,1,0,5.79,98.17,1,Yes,0,Others,7,Interested
674,48,Male,Mobile,24.73,3,8,1,0,22.81,11.6,1,Yes,0,Others,3,Interested
675,22,Female,Mobile,29.59,19,11,0,1,39.87,98.29,1,Yes,0,Others,0,Technical Error
676,55,Male,Mobile,8.43,15,10,0,0,4.58,70.64,1,Yes,0,Others,7,Interested
677,20,Male,Desktop,2.63,19,0,1,0,2.24,8.92,1,Yes,0,Others,4,Interested
678,40,Female,Mobile,24.65,8,7,1,0,26.9,15.2,1,Yes,0,Others,0,Technical Error
679,54,Female,Desktop,18.99,13,10,0,0,16,32.7,1,Yes,0,Others,1,Interested
680,54,Male,Desktop,28.83,10,12,0,1,28.52,26.03,1,Yes,1,Right_Discount,4,Interested
681,27,Female,Mobile,8.31,2,9,1,0,11.96,97.31,1,Yes,1,Right_Discount,8,Interested
682,27,Female,Desktop,3.06,11,6,0,1,1.6,61.33,1,Yes,0,Others,9,Interested
683,36,Male,Desktop,15.28,19,11,1,0,8.83,7.44,1,Yes,0,Others,7,Interested
684,34,Male,Mobile,3.48,9,4,0,1,2.43,52.54,1,Yes,0,Others,9,Interested
685,38,Female,Desktop,8.59,9,12,0,1,7.6,89.71,1,Yes,1,Right_Discount,7,Interested
686,31,Male,Desktop,4.65,6,2,1,0,4.51,41.62,1,Yes,1,Right_Discount,8,Interested
687,26,Female,Mobile,7.5,10,1,0,0,4.03,66.61,1,Yes,0,Others,1,Interested
688,18,Female,Mobile,4.08,8,10,0,0,5.64,77.32,1,Yes,1,Right_Discount,6,Interested
689,30,Male,Mobile,28.66,15,7,1,1,36.07,18.5,1,Yes,0,Others,9,Interested
690,21,Male,Mobile,9.08,0,1,1,1,6.97,85.55,1,Yes,1,Right_Discount,4,Interested
691,18,Female,Tablet,13.87,7,7,0,0,10.5,44.88,1,Yes,0,Others,2,Interested
692,57,Female,Mobile,27.06,17,4,1,1,14.22,5.67,1,Yes,1,Right_Discount,9,Interested
693,49,Female,Desktop,20.64,4,8,0,0,18.56,87.89,1,Yes,0,Others,7,Interested
694,51,Female,Mobile,18.92,8,3,1,0,14.27,56.44,1,Yes,1,Right_Discount,1,Interested
695,45,Male,Mobile,21.46,13,7,1,0,24,19.83,1,Yes,1,Right_Discount,3,Interested
696,48,Female,Tablet,25.04,14,0,1,0,26.24,31.75,1,Yes,0,Others,4,Interested
697,25,Male,Desktop,26.45,18,10,0,0,38.54,56.94,1,Yes,0,Others,4,Interested
698,56,Male,Mobile,19.64,17,14,0,1,25.44,37.42,1,Yes,0,Others,3,Interested
699,43,Female,Mobile,26.81,18,6,0,1,15.57,23.34,1,Yes,1,Right_Discount,2,Interested
0,51,Male,Mobile,16.53,14,11,1,0,19.91,47.93,1,Yes,0,Others,2,Interested
701,20,Male,Mobile,9.04,11,7,1,1,5.49,18.5,1,Yes,0,Others,4,Interested
702,29,Female,Mobile,26.52,10,4,0,1,21.83,24.54,1,Yes,0,Others,9,Interested
703,18,Male,Mobile,16.7,13,1,0,1,17.62,82.67,1,Yes,0,Others,5,Interested
704,22,Male,Tablet,27.28,16,6,1,0,27.16,22.85,1,Yes,1,Right_Discount,0,Technical Error
705,47,Female,Mobile,2.16,14,2,0,0,2.58,69.54,1,Yes,0,Others,3,Interested
706,47,Unknown,Desktop,12.53,3,14,0,0,16.41,25.05,1,Yes,0,Others,9,Interested
707,34,Female,Desktop,28.49,18,12,0,1,37.87,21.24,0,No,1,Low_Discount,9,Not Interested
708,40,Unknown,Mobile,8.24,6,9,1,1,4.6,25.12,1,Yes,0,Others,5,Interested
709,32,Female,Desktop,28.3,3,9,0,0,32.31,46.83,1,Yes,0,Others,1,Interested
710,54,Female,Mobile,28.66,19,9,1,1,41.88,14.63,1,Yes,0,Others,9,Interested
711,38,Female,Desktop,26.58,0,14,0,1,33.36,10.66,1,Yes,0,Others,4,Interested
712,31,Male,Mobile,17.35,12,11,0,0,17.7,75.67,1,Yes,0,Others,8,Interested
713,19,Male,Mobile,19.76,8,10,1,1,29.61,2.33,1,Yes,0,Others,2,Interested
714,28,Female,Desktop,0,5,9,1,1,14.26,38.55,1,Yes,0,Others,2,Interested
715,56,Male,Mobile,23.5,17,12,1,1,13.82,39.6,1,Yes,1,Right_Discount,8,Interested
716,55,Male,Desktop,19.27,10,1,0,0,24.44,89.3,1,Yes,1,Right_Discount,2,Interested
717,51,Female,Tablet,29.49,17,2,0,0,30.96,77.45,1,Yes,0,Others,3,Interested
718,55,Male,Mobile,20.88,9,13,0,1,13.04,51.07,1,Yes,0,Others,8,Interested
719,51,Female,Mobile,29.29,13,13,0,1,25.64,47.98,1,Yes,1,Right_Discount,3,Interested
720,35,Male,Mobile,2.66,10,3,0,1,1.5,56.56,1,Yes,0,Others,4,Interested
721,47,Female,Desktop,5.03,8,9,0,1,5.16,35.78,1,Yes,1,Right_Discount,1,Interested
722,32,Male,Desktop,14.09,7,12,1,0,8.51,70.08,1,Yes,1,Right_Discount,7,Interested
723,44,Male,Mobile,12.16,2,10,1,1,6.16,68.61,1,Yes,0,Others,8,Interested
724,51,Male,Mobile,23.7,2,6,0,1,19.49,57.47,1,Yes,1,Right_Discount,9,Interested
725,55,Female,Desktop,5.66,4,9,1,1,4.15,5.77,1,Yes,1,Right_Discount,3,Interested
726,50,Male,Mobile,29.31,9,14,1,0,25.27,12.68,1,Yes,0,Others,2,Interested
727,41,Male,Desktop,10.14,14,11,0,0,8.62,3.93,1,Yes,0,Others,3,Interested
728,32,Female,Desktop,13.44,11,0,1,1,15.19,71.85,1,Yes,0,Others,6,Interested
729,47,Female,Tablet,8.97,7,5,0,1,10.58,47.76,1,Yes,0,Others,0,Technical Error
730,59,Male,Mobile,17.8,19,12,1,1,11.17,95.5,1,Yes,0,Others,1,Interested
731,34,Male,Mobile,2.7,4,5,0,0,2.67,95.23,1,Yes,0,Others,9,Interested
732,22,Male,Mobile,5.34,2,7,1,1,7.42,79.82,1,Yes,0,Others,4,Interested
733,46,Male,Mobile,22.63,19,1,1,1,14.67,44.3,1,Yes,0,Others,8,Interested
734,21,Female,Tablet,6.41,18,1,0,1,9.4,31.64,1,Yes,0,Others,5,Interested
735,27,Male,Mobile,7.83,7,0,0,0,4.07,0,1,Yes,0,Others,2,Interested
736,34,Male,Desktop,24,11,2,1,0,14.39,23.25,1,Yes,0,Others,2,Interested
737,27,Female,Mobile,3.71,10,6,0,1,2.51,0,1,Yes,1,Right_Discount,6,Interested
738,34,Male,Mobile,13.69,11,14,1,1,13.28,53.03,1,Yes,1,Right_Discount,2,Interested
739,37,Male,Mobile,1.67,9,7,0,1,1.33,1.23,1,Yes,1,Right_Discount,9,Interested
740,41,Male,Desktop,11.06,3,6,1,0,10.15,4.43,1,Yes,0,Others,2,Interested
741,22,Female,Mobile,21.27,5,8,1,0,30.65,45.88,1,Yes,0,Others,9,Interested
742,51,Female,Mobile,3.61,1,14,0,1,3.04,44.35,1,Yes,1,Right_Discount,6,Interested
743,23,Male,Tablet,26.76,1,7,0,1,36.08,40.56,1,Yes,1,Right_Discount,8,Interested
744,19,Male,Mobile,27.38,5,7,1,0,15.68,82.36,1,Yes,1,Right_Discount,8,Interested
745,30,Female,Mobile,4.04,19,10,0,0,5.3,70.32,1,Yes,1,Right_Discount,2,Interested
746,28,Male,Mobile,29.73,6,1,1,0,41.67,10.74,1,Yes,1,Right_Discount,7,Interested
747,40,Male,Mobile,9.63,3,0,0,1,7.56,0,1,Yes,1,Right_Discount,0,Technical Error
748,33,Female,Tablet,3.44,13,5,0,0,3.6,59.67,1,Yes,0,Others,7,Interested
749,48,Female,Mobile,1.15,17,6,0,0,0.79,38.25,1,Yes,1,Right_Discount,1,Interested
750,28,Female,Mobile,12.85,3,5,0,0,7.59,20.83,1,Yes,1,Right_Discount,3,Interested
751,33,Male,Mobile,19.26,3,6,1,1,24.47,62.81,1,Yes,0,Others,6,Interested
752,25,Male,Desktop,10.63,0,7,0,1,12.01,60.22,1,Yes,0,Others,5,Interested
753,21,Male,Mobile,25.26,2,1,1,1,31.63,97.46,1,Yes,1,Right_Discount,8,Interested
754,57,Male,Desktop,21.78,3,0,1,0,20.47,56.11,0,No,0,Others,7,Not Interested
755,21,Female,Mobile,11.15,16,9,1,0,8.36,87.43,0,No,1,Low_Discount,1,Not Interested
756,42,Male,Mobile,22.29,12,7,0,1,20.66,94.92,1,Yes,1,Right_Discount,3,Interested
757,20,Male,Desktop,28.27,9,7,0,0,15.97,43.48,1,Yes,0,Others,0,Technical Error
758,49,Female,Mobile,3.7,16,13,1,1,2.9,5.29,1,Yes,0,Others,6,Interested
759,20,Female,Desktop,9.88,4,7,0,0,7.88,14.35,1,Yes,0,Others,3,Interested
0,44,Male,Mobile,14.44,18,13,0,1,17.54,50.4,1,Yes,1,Right_Discount,7,Interested
761,46,Female,Desktop,15.44,0,9,1,1,8.54,89.3,1,Yes,1,Right_Discount,1,Interested
762,49,Female,Mobile,16.72,7,6,0,1,12.46,65.41,1,Yes,0,Others,7,Interested
763,0,Male,Desktop,9.72,12,1,1,0,7.55,20.15,1,Yes,1,Right_Discount,1,Interested
764,38,Male,Mobile,20.35,8,3,1,1,21.4,70.1,1,Yes,1,Right_Discount,0,Technical Error
765,22,Male,Mobile,0,8,8,1,1,14.68,89.42,1,Yes,0,Others,0,Technical Error
766,35,Male,Mobile,17.76,9,7,1,0,11.23,3.02,1,Yes,0,Others,1,Interested
767,45,Female,Mobile,4.3,14,3,0,0,3.26,0,1,Yes,1,Right_Discount,4,Interested
768,59,Female,Mobile,14.83,5,7,1,0,13.67,15.32,1,Yes,1,Right_Discount,0,Technical Error
769,39,Male,Mobile,11.33,2,9,0,0,11.62,78.41,1,Yes,0,Others,4,Interested
770,38,Male,Mobile,15.24,10,12,0,1,8.18,89.15,1,Yes,0,Others,4,Interested
771,23,Female,Desktop,27.73,9,5,1,1,22.46,55.46,1,Yes,0,Others,6,Interested
772,18,Male,Desktop,14.94,7,10,1,1,18.89,84.82,1,Yes,0,Others,1,Interested
0,22,Male,Desktop,1.41,18,8,1,0,1.55,0,1,Yes,0,Others,1,Interested
774,58,Male,Mobile,13.73,12,0,0,1,13.13,65.67,1,Yes,1,Right_Discount,5,Interested
775,29,Male,Mobile,24.8,11,5,0,0,23.63,57.97,1,Yes,0,Others,9,Interested
776,43,Female,Mobile,23.62,10,10,0,1,20.52,5,1,Yes,1,Right_Discount,2,Interested
777,51,Male,Desktop,15.89,13,3,1,0,13.38,93.7,1,Yes,1,Right_Discount,7,Interested
778,31,Female,Mobile,8.24,9,2,1,0,7.42,35.58,1,Yes,1,Right_Discount,2,Interested
779,43,Male,Mobile,14.49,16,4,1,0,19.84,80.26,1,Yes,1,Right_Discount,9,Interested
780,44,Male,Desktop,17.35,17,9,0,0,16.81,81,1,Yes,0,Others,3,Interested
781,26,Female,Mobile,30,5,10,0,0,35.08,96.58,1,Yes,1,Right_Discount,6,Interested
782,43,Male,Desktop,19.68,6,7,1,1,25.74,32.67,1,Yes,1,Right_Discount,0,Technical Error
783,39,Female,Desktop,21.13,10,14,1,0,19.69,99.74,1,Yes,0,Others,0,Technical Error
784,47,Male,Mobile,15.25,11,10,0,0,20.42,30.06,1,Yes,1,Right_Discount,8,Interested
785,34,Male,Mobile,11.28,2,9,1,1,16.84,45.14,1,Yes,0,Others,5,Interested
786,43,Male,Mobile,24.58,7,5,1,0,24.68,70.63,1,Yes,0,Others,4,Interested
787,0,Male,Desktop,15.35,14,0,1,1,13.86,15.5,1,Yes,0,Others,1,Interested
788,18,Male,Mobile,29.85,4,5,0,1,38.98,26.64,1,Yes,1,Right_Discount,1,Interested
789,25,Female,Desktop,14.26,5,6,0,0,16.39,72.81,1,Yes,1,Right_Discount,6,Interested
790,52,Female,Mobile,2.97,19,12,1,1,3.31,97.44,1,Yes,1,Right_Discount,0,Technical Error
791,32,Male,Mobile,20.79,10,5,0,0,28.82,73.28,1,Yes,1,Right_Discount,7,Interested
792,39,Male,Mobile,2.35,6,2,0,0,2.7,86.23,1,Yes,1,Right_Discount,2,Interested
793,31,Female,Desktop,8.26,2,10,1,0,9.43,3.75,1,Yes,0,Others,2,Interested
794,43,Female,Mobile,11.26,3,8,1,1,7.96,57.7,1,Yes,0,Others,4,Interested
795,45,Male,Desktop,22.45,15,12,1,0,26.68,91.41,1,Yes,1,Right_Discount,9,Interested
796,40,Male,Mobile,15.33,10,9,1,1,21.66,68.24,1,Yes,1,Right_Discount,3,Interested
797,31,Female,Mobile,1.83,17,9,1,0,1.97,67.65,1,Yes,1,Right_Discount,7,Interested
798,41,Male,Desktop,18.89,7,3,0,0,26.51,20.3,1,Yes,1,Right_Discount,5,Interested
799,19,Female,Desktop,12.93,2,4,0,0,10.86,86.11,0,No,0,Others,7,Not Interested
800,43,Male,Mobile,27.73,7,4,0,0,15.05,86.5,1,Yes,1,Right_Discount,6,Interested
801,31,Female,Mobile,0,15,2,0,1,14.64,61.4,1,Yes,1,Right_Discount,1,Interested
802,0,Female,Desktop,21.56,3,11,0,0,10.87,42.66,1,Yes,1,Right_Discount,8,Interested
803,20,Male,Mobile,7.35,5,1,1,0,4.81,82.43,1,Yes,1,Right_Discount,5,Interested
804,40,Female,Mobile,23.07,8,7,1,0,15.93,46.5,1,Yes,1,Right_Discount,5,Interested
805,35,Male,Tablet,21.91,4,6,0,0,22.65,82.26,1,Yes,0,Others,1,Interested
806,55,Male,Mobile,27.22,18,4,1,0,39.47,48.49,1,Yes,0,Others,8,Interested
807,52,Male,Mobile,1.98,19,12,0,0,1.03,57.98,1,Yes,0,Others,0,Technical Error
0,32,Male,Mobile,13.98,8,0,1,1,10.3,74.8,1,Yes,1,Right_Discount,5,Interested
809,42,Female,Desktop,20.7,6,9,1,1,30.42,26.5,1,Yes,1,Right_Discount,7,Interested
810,54,Male,Desktop,0,5,0,1,1,5.2,24.68,1,Yes,0,Others,1,Interested
811,45,Male,Mobile,12.91,5,7,1,0,17.23,66.78,1,Yes,0,Others,2,Interested
812,27,Male,Mobile,28.32,17,3,1,0,16.76,95.39,1,Yes,1,Right_Discount,9,Interested
813,56,Male,Mobile,13.64,6,12,0,0,15.61,44.6,1,Yes,1,Right_Discount,9,Interested
814,34,Female,Unknown,29.58,13,3,0,1,20.8,89.82,1,Yes,0,Others,6,Interested
815,56,Male,Mobile,2.65,9,13,0,1,3.05,51.82,1,Yes,0,Others,0,Technical Error
816,39,Female,Tablet,21.82,12,8,0,0,20.24,97.39,1,Yes,0,Others,4,Interested
0,43,Female,Mobile,17.85,10,1,1,1,20.27,79.2,1,Yes,0,Others,0,Technical Error
818,42,Female,Tablet,15.52,1,4,0,1,14.42,85.96,0,No,1,Low_Discount,9,Not Interested
819,34,Male,Unknown,0,11,5,0,0,41.03,67.96,1,Yes,0,Others,6,Interested
820,30,Male,Desktop,4.76,6,5,1,0,2.5,86.85,1,Yes,0,Others,9,Interested
0,37,Male,Mobile,26.98,3,9,0,1,18.66,59.28,1,Yes,1,Right_Discount,9,Interested
822,42,Male,Mobile,21.05,6,11,0,1,28.06,56.73,1,Yes,0,Others,0,Technical Error
823,21,Female,Desktop,8.51,9,13,1,0,10.52,87.37,1,Yes,1,Right_Discount,2,Interested
824,27,Female,Desktop,27.15,8,2,1,1,18.63,1.51,1,Yes,0,Others,6,Interested
825,20,Male,Mobile,13.45,15,9,1,1,8.36,47.88,1,Yes,0,Others,0,Technical Error
826,58,Male,Desktop,24.61,0,5,0,0,19.97,0,1,Yes,1,Right_Discount,3,Interested
827,35,Male,Mobile,12.28,11,9,0,0,12.06,19.61,1,Yes,0,Others,6,Interested
828,53,Male,Desktop,25.68,10,9,0,1,14.05,95.8,1,Yes,1,Right_Discount,6,Interested
829,39,Male,Mobile,19.46,11,4,0,1,26.19,74.06,1,Yes,1,Right_Discount,3,Interested
830,51,Male,Mobile,5.09,4,11,1,0,5.2,76.24,1,Yes,0,Others,0,Technical Error
831,25,Male,Mobile,19.84,13,7,1,0,28.16,66.55,1,Yes,1,Right_Discount,7,Interested
832,57,Female,Mobile,6.55,8,3,0,0,5.41,44.75,1,Yes,1,Right_Discount,3,Interested
833,36,Female,Desktop,12.95,15,12,0,1,7.11,46.1,1,Yes,1,Right_Discount,1,Interested
834,59,Female,Mobile,5.94,7,9,0,1,8.15,83.91,1,Yes,0,Others,3,Interested
835,58,Female,Mobile,1.64,1,9,0,0,1.07,13.91,1,Yes,1,Right_Discount,7,Interested
836,54,Male,Mobile,7.14,9,2,1,1,5.97,52.21,1,Yes,0,Others,7,Interested
837,23,Male,Desktop,16.55,8,5,0,1,15.96,30.99,1,Yes,1,Right_Discount,4,Interested
838,43,Male,Mobile,14.97,2,9,1,0,14.85,98.43,0,No,1,Low_Discount,1,Not Interested
839,51,Male,Mobile,15.54,14,13,1,1,8.13,0.37,1,Yes,1,Right_Discount,6,Interested
840,23,Male,Tablet,8.18,12,8,1,1,8.4,6.37,1,Yes,1,Right_Discount,2,Interested
841,54,Female,Mobile,20.87,17,13,0,1,12.04,96.74,1,Yes,1,Right_Discount,5,Interested
842,50,Male,Desktop,21.42,19,7,1,1,17.71,54.38,1,Yes,1,Right_Discount,8,Interested
843,39,Female,Desktop,11.38,6,9,1,0,16.79,13.85,1,Yes,0,Others,4,Interested
844,38,Male,Mobile,26.55,5,7,0,1,20.72,44.86,1,Yes,0,Others,8,Interested
845,23,Female,Tablet,19.68,6,2,0,0,25.84,32.27,1,Yes,0,Others,3,Interested
846,23,Male,Desktop,21.68,3,0,1,1,21.9,91.12,1,Yes,1,Right_Discount,8,Interested
847,21,Female,Mobile,9.04,16,2,0,1,6.35,68.76,1,Yes,0,Others,0,Technical Error
848,47,Male,Mobile,1.02,18,13,0,0,1.25,0,1,Yes,1,Right_Discount,3,Interested
849,28,Male,Desktop,26.1,0,2,0,1,27.54,0,1,Yes,0,Others,0,Technical Error
850,47,Male,Mobile,24.85,15,13,0,1,25.67,13.45,1,Yes,1,Right_Discount,8,Interested
851,48,Male,Desktop,4.57,4,11,1,1,2.42,66.52,1,Yes,0,Others,7,Interested
852,41,Female,Mobile,11.85,11,5,1,1,9.88,72.72,1,Yes,0,Others,7,Interested
853,26,Male,Mobile,20.18,5,12,0,1,24.92,56.22,1,Yes,0,Others,6,Interested
854,20,Female,Mobile,19.91,9,2,1,1,25.81,0,1,Yes,0,Others,8,Interested
855,48,Male,Mobile,25.95,5,1,1,1,34.12,94.43,1,Yes,1,Right_Discount,2,Interested
856,57,Female,Mobile,5.07,7,11,1,0,2.72,20.59,1,Yes,1,Right_Discount,6,Interested
857,54,Male,Desktop,13.47,18,14,1,0,8.93,0.03,1,Yes,1,Right_Discount,5,Interested
858,53,Male,Desktop,3.82,18,8,0,0,5.67,66.27,1,Yes,0,Others,4,Interested
859,41,Female,Unknown,12.3,2,5,0,1,8.06,47.56,1,Yes,1,Right_Discount,8,Interested
860,48,Male,Desktop,1.44,13,4,0,0,1.03,33.47,1,Yes,1,Right_Discount,3,Interested
861,23,Male,Desktop,27.05,13,11,1,1,35.24,91.69,1,Yes,0,Others,2,Interested
862,0,Female,Mobile,16.28,17,2,0,1,14.55,97.85,1,Yes,0,Others,2,Interested
863,37,Male,Desktop,25.64,17,6,0,0,15.8,93.06,1,Yes,0,Others,1,Interested
864,45,Female,Mobile,2.74,6,0,0,1,1.71,50.02,1,Yes,0,Others,0,Technical Error
865,28,Male,Tablet,7.6,14,3,1,0,4.44,70.34,1,Yes,1,Right_Discount,2,Interested
866,21,Female,Desktop,8.52,14,9,1,0,5.8,17.16,1,Yes,0,Others,7,Interested
867,32,Female,Mobile,12.21,12,1,1,0,12.17,95.09,1,Yes,1,Right_Discount,5,Interested
868,23,Female,Mobile,24.28,5,1,1,0,12.51,28.37,1,Yes,0,Others,1,Interested
869,47,Female,Mobile,12.21,5,12,1,1,7.54,19.27,1,Yes,0,Others,7,Interested
870,55,Male,Mobile,6.93,4,0,0,0,9.75,6.02,1,Yes,0,Others,4,Interested
871,19,Male,Unknown,2.88,13,11,0,0,3.96,55.04,1,Yes,0,Others,3,Interested
872,32,Female,Mobile,3.31,4,7,1,1,4.41,94.85,1,Yes,1,Right_Discount,0,Technical Error
873,28,Male,Mobile,23.04,18,3,0,0,27.79,13.56,1,Yes,0,Others,0,Technical Error
874,25,Male,Tablet,13.9,16,6,0,1,16.15,12.08,1,Yes,0,Others,3,Interested
875,43,Male,Desktop,22.06,18,2,0,0,17.11,27.26,1,Yes,1,Right_Discount,8,Interested
876,22,Female,Desktop,20.79,2,8,0,0,17.36,66.54,1,Yes,0,Others,9,Interested
877,23,Male,Desktop,4.93,4,9,1,1,3.63,54.78,1,Yes,1,Right_Discount,9,Interested
878,43,Male,Mobile,5.14,17,8,0,0,7.61,9.62,1,Yes,1,Right_Discount,5,Interested
879,21,Female,Mobile,22.9,6,6,1,0,25.98,44.23,1,Yes,1,Right_Discount,0,Technical Error
880,36,Male,Desktop,0,18,6,1,1,32.13,6.69,1,Yes,0,Others,7,Interested
881,37,Female,Tablet,11.96,7,0,1,0,9.23,85.19,1,Yes,1,Right_Discount,8,Interested
882,50,Female,Mobile,3.25,13,9,0,0,3.64,10.71,1,Yes,0,Others,1,Interested
883,37,Female,Desktop,1.35,9,7,0,1,1.7,47.13,1,Yes,1,Right_Discount,5,Interested
884,29,Male,Tablet,9.36,2,1,1,0,5.57,51.05,1,Yes,1,Right_Discount,6,Interested
885,18,Male,Desktop,1.27,8,7,0,1,1.48,53.01,1,Yes,0,Others,0,Technical Error
886,43,Female,Tablet,7.67,14,10,0,1,5.13,60.92,1,Yes,1,Right_Discount,4,Interested
887,0,Female,Mobile,13.17,18,12,1,0,10.91,70.16,1,Yes,0,Others,4,Interested
0,55,Female,Tablet,4.52,1,1,1,1,5.5,0.44,1,Yes,1,Right_Discount,2,Interested
0,54,Female,Desktop,4.02,9,0,1,0,3.78,3.09,1,Yes,0,Others,1,Interested
890,28,Female,Mobile,27,9,14,1,1,38.37,61.16,1,Yes,0,Others,0,Technical Error
891,53,Female,Tablet,17.98,2,10,1,0,13.33,18.21,1,Yes,1,Right_Discount,5,Interested
892,0,Male,Mobile,28.1,16,7,0,0,18.37,83.18,1,Yes,1,Right_Discount,6,Interested
893,20,Female,Mobile,11.03,4,3,0,1,9.23,62.75,1,Yes,0,Others,1,Interested
894,50,Female,Mobile,20.64,13,14,1,1,27.9,98.04,1,Yes,1,Right_Discount,1,Interested
895,23,Female,Mobile,6.94,17,10,1,0,9.35,72.8,1,Yes,0,Others,4,Interested
896,27,Male,Mobile,18.93,11,9,1,0,16.46,9.07,1,Yes,1,Right_Discount,4,Interested
897,22,Male,Desktop,4.76,2,14,1,0,6.23,17.1,0,No,0,Others,2,Not Interested
898,40,Male,Mobile,0,4,5,1,0,0.61,4.65,1,Yes,0,Others,2,Interested
899,27,Male,Mobile,28.01,12,9,1,1,14.22,74.12,1,Yes,1,Right_Discount,0,Technical Error
900,19,Female,Mobile,17.09,2,12,0,1,23.32,12.68,1,Yes,0,Others,2,Interested
0,30,Male,Mobile,27.88,1,10,0,0,38.31,66.38,1,Yes,0,Others,8,Interested
902,57,Female,Desktop,10.68,6,9,1,0,6.87,55.54,1,Yes,1,Right_Discount,1,Interested
903,19,Female,Desktop,10.51,16,0,1,0,8.38,63.33,1,Yes,1,Right_Discount,0,Technical Error
904,37,Female,Tablet,12.62,2,8,1,1,17.04,50.87,1,Yes,0,Others,8,Interested
905,18,Female,Desktop,21.48,14,10,1,0,12.54,1.3,1,Yes,1,Right_Discount,4,Interested
906,54,Female,Mobile,17.41,12,6,0,0,23.73,25.32,1,Yes,0,Others,7,Interested
907,26,Female,Tablet,27.84,19,4,0,1,29.92,88.5,1,Yes,0,Others,3,Interested
908,34,Male,Desktop,1.74,3,5,1,0,2.01,92.93,1,Yes,1,Right_Discount,7,Interested
909,26,Male,Mobile,21.54,19,2,0,0,23.58,9.72,1,Yes,1,Right_Discount,4,Interested
910,28,Male,Desktop,10.58,11,12,1,1,11.45,95.26,1,Yes,1,Right_Discount,5,Interested
911,32,Male,Tablet,6.23,4,8,0,0,0,67.05,1,Yes,0,Others,5,Interested
912,41,Male,Desktop,15.8,17,1,0,0,11.63,92.26,1,Yes,1,Right_Discount,5,Interested
913,0,Female,Mobile,15.65,17,11,1,1,0,40.12,1,Yes,0,Others,1,Interested
914,52,Male,Desktop,4.97,0,9,1,0,4.48,10.17,1,Yes,1,Right_Discount,9,Interested
915,47,Male,Mobile,6.85,5,0,0,1,7.13,30.25,1,Yes,0,Others,9,Interested
916,48,Male,Mobile,12.84,19,13,0,1,9.67,68.97,1,Yes,0,Others,8,Interested
917,22,Female,Mobile,12.86,19,14,0,1,12.39,79.52,1,Yes,1,Right_Discount,6,Interested
918,31,Female,Mobile,10.21,9,0,0,0,6.57,5.01,1,Yes,0,Others,2,Interested
0,28,Female,Mobile,5.31,17,9,0,1,2.86,48.7,1,Yes,0,Others,1,Interested
920,26,Male,Mobile,1.13,9,1,1,1,1.64,6.44,1,Yes,0,Others,3,Interested
921,51,Male,Desktop,29.14,14,5,1,0,35.64,86.36,0,No,1,Low_Discount,7,Not Interested
922,29,Male,Desktop,28.36,5,5,0,0,28.31,47.63,1,Yes,0,Others,8,Interested
923,52,Unknown,Unknown,15.03,2,8,0,0,15.8,91.48,1,Yes,1,Right_Discount,9,Interested
924,52,Male,Mobile,29.86,15,9,0,1,30.19,7.86,1,Yes,0,Others,1,Interested
925,18,Female,Mobile,20.54,16,0,1,0,28.73,33.05,1,Yes,0,Others,5,Interested
926,57,Male,Tablet,3,19,3,1,0,3.82,67.65,1,Yes,1,Right_Discount,7,Interested
927,39,Female,Mobile,4.41,1,7,1,1,3.64,29.36,1,Yes,0,Others,2,Interested
928,46,Male,Desktop,27.57,12,3,0,1,19.8,84.16,1,Yes,0,Others,8,Interested
929,25,Female,Desktop,19.27,19,2,0,1,10.92,98.68,1,Yes,0,Others,3,Interested
930,28,Female,Mobile,25.45,15,3,1,0,16.49,28.12,1,Yes,1,Right_Discount,4,Interested
931,58,Female,Desktop,27.05,5,0,1,1,26.78,36.11,0,No,1,Low_Discount,6,Not Interested
932,54,Female,Desktop,13.99,1,8,1,0,9.83,96.73,1,Yes,0,Others,4,Interested
933,31,Male,Mobile,2.41,11,10,1,1,1.96,35.81,1,Yes,0,Others,3,Interested
934,47,Male,Mobile,6.46,9,14,0,0,4.09,55.6,1,Yes,1,Right_Discount,3,Interested
935,52,Male,Mobile,2.93,7,4,1,1,4.17,76.92,1,Yes,0,Others,4,Interested
936,38,Female,Mobile,6.47,2,6,0,1,3.45,43.83,1,Yes,0,Others,2,Interested
937,54,Male,Mobile,12.91,17,2,0,0,11,37.26,1,Yes,0,Others,8,Interested
938,22,Male,Mobile,4.43,16,4,0,1,3.36,49.56,1,Yes,1,Right_Discount,1,Interested
939,36,Male,Mobile,5.84,16,12,0,1,2.97,77.95,1,Yes,1,Right_Discount,6,Interested
940,31,Male,Tablet,13.93,14,9,0,0,19.9,31.22,1,Yes,1,Right_Discount,3,Interested
941,43,Female,Mobile,10.86,2,13,0,1,8.84,35.08,1,Yes,0,Others,7,Interested
942,21,Female,Mobile,14.56,19,3,0,1,14.59,18.91,1,Yes,1,Right_Discount,6,Interested
943,42,Male,Mobile,13.45,3,0,1,0,14.56,70.16,1,Yes,1,Right_Discount,7,Interested
944,59,Male,Mobile,19.69,8,4,1,1,21.87,89.95,1,Yes,0,Others,3,Interested
945,42,Male,Mobile,28.18,19,1,1,1,27.06,18.57,1,Yes,1,Right_Discount,1,Interested
946,35,Female,Mobile,4.13,16,2,1,1,4.52,3.46,1,Yes,1,Right_Discount,6,Interested
947,57,Female,Mobile,3.88,4,7,0,1,4.86,38.13,1,Yes,1,Right_Discount,8,Interested
948,25,Female,Desktop,25.73,8,2,0,0,37.36,41.02,1,Yes,1,Right_Discount,5,Interested
949,56,Male,Tablet,15.69,1,14,0,0,18.15,64.59,1,Yes,1,Right_Discount,6,Interested
0,57,Female,Mobile,23.23,4,6,0,0,22.35,8.56,1,Yes,1,Right_Discount,5,Interested
951,31,Female,Mobile,7.25,0,4,1,0,6.85,82.15,1,Yes,0,Others,1,Interested
952,49,Female,Desktop,25.04,1,6,0,0,30.29,57.4,1,Yes,0,Others,8,Interested
953,55,Unknown,Desktop,27.79,18,9,1,0,31.32,54.6,1,Yes,0,Others,4,Interested
954,50,Female,Mobile,19.43,4,8,0,1,17.88,31.64,1,Yes,1,Right_Discount,2,Interested
955,40,Male,Tablet,4.07,14,6,0,1,3.4,36.53,1,Yes,1,Right_Discount,3,Interested
956,32,Male,Mobile,26.96,8,13,1,1,40.26,5.54,1,Yes,0,Others,3,Interested
957,50,Male,Mobile,23.98,18,5,1,1,30.38,75.38,1,Yes,0,Others,8,Interested
958,42,Male,Desktop,22.78,7,11,0,0,16.1,60.47,1,Yes,1,Right_Discount,4,Interested
959,34,Female,Tablet,2.07,3,12,1,0,1.64,97.64,0,No,1,Low_Discount,1,Not Interested
0,50,Male,Desktop,24.17,14,0,1,0,33.69,35.36,1,Yes,1,Right_Discount,5,Interested
0,19,Male,Mobile,5,12,3,0,0,5.8,66.62,0,No,1,Low_Discount,6,Not Interested
962,31,Male,Mobile,7.45,15,7,0,0,6.04,91.95,1,Yes,1,Right_Discount,7,Interested
963,57,Female,Mobile,17.74,8,0,1,0,15.33,71.17,1,Yes,1,Right_Discount,4,Interested
0,57,Male,Mobile,8.68,5,5,0,0,7.63,4.03,1,Yes,0,Others,7,Interested
965,56,Female,Desktop,20.18,17,1,1,1,13.85,63.22,1,Yes,0,Others,7,Interested
966,23,Female,Desktop,18.63,10,14,0,0,18.84,54.54,1,Yes,1,Right_Discount,3,Interested
967,23,Female,Desktop,4.14,11,12,1,0,5.24,49.93,1,Yes,0,Others,6,Interested
968,20,Male,Tablet,20.02,16,8,0,1,21.3,55.3,1,Yes,0,Others,8,Interested
969,24,Female,Mobile,27.79,16,7,0,0,32.12,46.06,1,Yes,1,Right_Discount,9,Interested
970,25,Male,Desktop,5.67,4,8,1,1,6.21,69.18,1,Yes,0,Others,3,Interested
971,59,Male,Desktop,18.31,5,8,1,0,10.23,1.49,1,Yes,1,Right_Discount,8,Interested
972,0,Male,Mobile,10.91,10,13,0,1,7.51,18.86,1,Yes,1,Right_Discount,3,Interested
973,46,Female,Desktop,14.33,14,12,0,1,12.19,36.54,1,Yes,0,Others,0,Technical Error
974,50,Female,Mobile,9.32,9,1,1,0,12.95,45.27,1,Yes,0,Others,3,Interested
975,47,Male,Desktop,11.27,18,1,0,1,9.56,13.05,1,Yes,0,Others,1,Interested
976,56,Female,Mobile,1.84,6,8,0,1,1.52,82.01,1,Yes,1,Right_Discount,5,Interested
977,44,Female,Mobile,29.47,11,1,1,1,17.11,92.94,1,Yes,1,Right_Discount,7,Interested
978,53,Female,Desktop,19.12,0,3,0,1,28.15,75.12,1,Yes,1,Right_Discount,5,Interested
979,46,Male,Desktop,15.52,9,1,0,0,19.84,92.88,1,Yes,1,Right_Discount,8,Interested
980,55,Female,Mobile,12.13,3,0,1,1,15.36,74.32,1,Yes,0,Others,5,Interested
981,50,Female,Mobile,16.64,16,11,1,1,14.7,44.11,1,Yes,0,Others,6,Interested
0,54,Male,Mobile,12.02,4,12,0,0,6.95,39.31,1,Yes,0,Others,4,Interested
983,44,Female,Mobile,11.44,15,10,0,0,8.73,16.64,1,Yes,1,Right_Discount,7,Interested
984,50,Male,Desktop,14.45,2,13,1,1,19.55,8.64,1,Yes,1,Right_Discount,1,Interested
985,21,Female,Tablet,9,17,9,1,1,6.12,21.96,1,Yes,0,Others,1,Interested
986,39,Female,Mobile,6.22,19,6,1,0,8.67,53.21,1,Yes,1,Right_Discount,7,Interested
987,19,Female,Desktop,17.14,16,11,1,0,17.75,13.49,1,Yes,1,Right_Discount,5,Interested
988,27,Female,Mobile,25.44,19,10,1,1,30.9,95.12,1,Yes,0,Others,1,Interested
989,22,Female,Desktop,5.43,17,4,0,0,5.18,21.85,1,Yes,0,Others,5,Interested
990,27,Female,Mobile,1.95,4,2,0,1,2.79,83.36,1,Yes,1,Right_Discount,7,Interested
991,50,Male,Mobile,8.16,18,7,0,1,6.04,0,1,Yes,1,Right_Discount,5,Interested
992,55,Female,Desktop,29.41,4,4,1,0,31.54,14.12,1,Yes,0,Others,8,Interested
993,30,Female,Mobile,25.03,3,0,1,1,14.24,71.07,1,Yes,1,Right_Discount,5,Interested
994,48,Female,Desktop,18.28,18,8,1,0,17.92,82.41,1,Yes,0,Others,2,Interested
995,53,Male,Desktop,27.95,0,13,0,0,41.16,88.43,1,Yes,0,Others,8,Interested
996,41,Male,Mobile,13.91,9,13,0,0,8.18,95.4,1,Yes,0,Others,9,Interested
997,32,Male,Mobile,29.52,15,4,1,0,29.72,93.01,1,Yes,1,Right_Discount,4,Interested
998,46,Female,Desktop,9.59,9,2,0,1,10.57,31.11,1,Yes,0,Others,5,Interested
999,25,Unknown,Desktop,7.97,14,5,1,1,11.41,26.77,1,Yes,0,Others,3,Interested
1000,22,Male,Mobile,19.5,2,7,0,1,15.55,39.75,1,Yes,0,Others,2,Interested
1001,46,Male,Mobile,11.97,18,1,0,1,12.01,46.5,1,Yes,0,Others,9,Interested
1002,21,Male,Desktop,19.16,13,10,1,1,28.49,23.39,1,Yes,1,Right_Discount,4,Interested
1003,29,Female,Mobile,9.84,16,13,1,0,12.49,8.61,1,Yes,0,Others,2,Interested
1004,19,Male,Mobile,18.92,6,2,1,1,24.79,65.66,1,Yes,0,Others,1,Interested
1005,44,Female,Mobile,9,16,6,1,1,11.52,17.42,1,Yes,0,Others,5,Interested
1006,48,Female,Desktop,2.48,4,1,1,0,2.52,91.49,1,Yes,1,Right_Discount,7,Interested
1007,53,Female,Desktop,27.45,10,10,0,0,25.65,28.77,1,Yes,1,Right_Discount,2,Interested
1008,53,Male,Tablet,26.61,19,10,0,0,20.09,19.77,1,Yes,0,Others,5,Interested
1009,43,Female,Desktop,29.15,11,0,0,0,28.16,19.42,1,Yes,0,Others,8,Interested
1010,44,Male,Tablet,21.78,5,4,1,1,11.34,28.95,1,Yes,0,Others,0,Technical Error
1011,22,Male,Mobile,20.8,18,8,1,0,12.42,61.22,1,Yes,0,Others,2,Interested
1012,37,Male,Desktop,17.21,3,13,1,1,13.55,97.83,1,Yes,1,Right_Discount,1,Interested
1013,28,Male,Mobile,4.65,8,6,0,0,3.88,48.63,1,Yes,0,Others,7,Interested
1014,27,Female,Desktop,6.49,11,13,1,0,7.84,59.97,1,Yes,1,Right_Discount,8,Interested
1015,57,Female,Mobile,9.39,19,13,1,0,6.31,0,1,Yes,0,Others,9,Interested
1016,55,Female,Mobile,26.81,3,12,0,1,34.74,33.4,1,Yes,1,Right_Discount,5,Interested
1017,23,Female,Desktop,6.02,12,2,0,1,7.83,17.99,1,Yes,1,Right_Discount,2,Interested
1018,25,Male,Desktop,27.76,15,1,1,0,30.18,0,1,Yes,1,Right_Discount,9,Interested
1019,40,Male,Mobile,16.16,16,9,0,0,16.02,31.87,1,Yes,1,Right_Discount,7,Interested
1020,43,Male,Desktop,21.75,5,8,0,1,21.04,86.61,1,Yes,1,Right_Discount,9,Interested
1021,29,Male,Unknown,4.2,19,8,1,0,3.87,97.79,1,Yes,1,Right_Discount,6,Interested
1022,43,Female,Mobile,8.8,6,8,0,1,5.18,68.83,1,Yes,0,Others,1,Interested
1023,30,Male,Desktop,28.8,12,0,0,0,33.28,65.38,1,Yes,1,Right_Discount,6,Interested
1024,57,Female,Mobile,8.72,19,2,1,1,9.39,71.42,1,Yes,1,Right_Discount,0,Technical Error
1025,35,Male,Tablet,9.6,9,0,0,1,4.95,46.77,1,Yes,0,Others,7,Interested
1026,42,Male,Mobile,6.73,18,8,0,0,4.73,62.88,1,Yes,1,Right_Discount,4,Interested
1027,50,Male,Desktop,4.74,3,6,0,0,4.44,7.13,1,Yes,0,Others,8,Interested
1028,57,Male,Desktop,7.76,14,1,1,1,10.87,49.34,1,Yes,1,Right_Discount,2,Interested
1029,29,Female,Mobile,19.63,5,5,1,1,29.25,33.24,1,Yes,1,Right_Discount,6,Interested
1030,53,Female,Mobile,14.21,5,10,0,1,17.78,5.32,1,Yes,1,Right_Discount,7,Interested
1031,21,Female,Desktop,17.06,4,8,1,0,21.31,54.48,1,Yes,0,Others,0,Technical Error
1032,22,Female,Desktop,4.55,16,7,0,0,4.16,36.03,1,Yes,1,Right_Discount,5,Interested
1033,54,Male,Mobile,24.26,13,10,0,1,25.98,59.06,1,Yes,1,Right_Discount,1,Interested
1034,25,Male,Mobile,23.74,8,11,1,1,17.4,51.32,1,Yes,0,Others,0,Technical Error
1035,59,Female,Mobile,1.63,16,5,1,1,2.02,27.62,1,Yes,1,Right_Discount,5,Interested
1036,45,Female,Mobile,12.12,2,5,1,0,6.78,54,1,Yes,1,Right_Discount,2,Interested
1037,48,Male,Mobile,2.99,8,7,1,0,2.74,37.88,1,Yes,1,Right_Discount,0,Technical Error
1038,26,Male,Mobile,23.97,3,8,0,0,31.91,92.11,1,Yes,0,Others,6,Interested
1039,46,Female,Desktop,22.38,9,7,0,0,33.12,37.56,1,Yes,1,Right_Discount,8,Interested
1040,31,Female,Desktop,27.16,11,0,0,0,32.5,4.01,1,Yes,1,Right_Discount,9,Interested
1041,57,Female,Tablet,7.86,1,14,1,0,5.48,76.36,1,Yes,1,Right_Discount,1,Interested
0,58,Male,Desktop,14.23,1,1,1,0,15.24,96.37,1,Yes,1,Right_Discount,8,Interested
1043,39,Female,Tablet,6.35,8,5,1,0,6.73,16.94,1,Yes,0,Others,5,Interested
1044,28,Female,Mobile,11.77,16,7,0,1,17.25,97.28,1,Yes,1,Right_Discount,1,Interested
1045,0,Female,Desktop,16.15,10,14,0,1,21.64,61.72,1,Yes,1,Right_Discount,7,Interested
1046,18,Female,Tablet,2.55,2,3,0,0,1.4,84.74,1,Yes,0,Others,3,Interested
1047,54,Female,Desktop,21.73,16,11,1,0,15.65,47.29,1,Yes,1,Right_Discount,7,Interested
1048,38,Male,Mobile,16.76,4,3,1,0,22.49,62.25,1,Yes,0,Others,6,Interested
1049,43,Female,Desktop,25.04,19,12,0,0,36.87,84.11,1,Yes,0,Others,6,Interested
1050,53,Male,Tablet,8.88,9,1,1,1,7.06,98.28,1,Yes,0,Others,6,Interested
1051,40,Female,Desktop,27.2,3,9,1,1,32.39,18.48,1,Yes,0,Others,1,Interested
1052,18,Female,Mobile,29.96,11,0,0,1,24.2,89.87,1,Yes,1,Right_Discount,0,Technical Error
1053,57,Female,Desktop,27.66,8,9,0,1,14.97,66.73,1,Yes,1,Right_Discount,1,Interested
1054,32,Male,Tablet,23.56,7,8,0,1,31.32,94.69,1,Yes,1,Right_Discount,2,Interested
1055,38,Male,Unknown,24.56,1,6,1,0,30.43,31.81,1,Yes,1,Right_Discount,9,Interested
1056,26,Male,Desktop,17.64,8,8,1,0,9.76,24.26,1,Yes,0,Others,6,Interested
1057,26,Female,Mobile,6.51,17,12,1,0,4.2,36.55,1,Yes,1,Right_Discount,6,Interested
1058,27,Female,Desktop,20.63,11,14,1,0,30.94,88.45,1,Yes,0,Others,6,Interested
1059,43,Male,Desktop,21.67,7,1,1,1,24.94,45.96,1,Yes,1,Right_Discount,3,Interested
1060,58,Male,Mobile,29.58,9,9,0,1,38.47,0,1,Yes,1,Right_Discount,4,Interested
1061,52,Female,Mobile,16.7,14,12,0,1,0,24.23,1,Yes,0,Others,6,Interested
1062,42,Male,Unknown,8.87,5,4,0,0,9.03,22.05,1,Yes,1,Right_Discount,7,Interested
1063,43,Female,Mobile,20.83,18,14,0,1,23.33,67.84,1,Yes,1,Right_Discount,2,Interested
1064,28,Male,Mobile,29.4,13,14,1,0,38.4,29.17,1,Yes,0,Others,5,Interested
1065,55,Male,Desktop,6.14,5,1,0,1,5.15,12.92,1,Yes,1,Right_Discount,8,Interested
1066,19,Male,Mobile,10.45,8,9,0,1,12.25,37.59,1,Yes,1,Right_Discount,9,Interested
1067,24,Female,Mobile,16.71,15,6,0,1,21.32,26.62,1,Yes,1,Right_Discount,4,Interested
1068,35,Female,Tablet,5.94,4,8,0,0,7.75,41.3,1,Yes,0,Others,3,Interested
1069,44,Male,Mobile,1.64,1,2,1,0,1.64,18.65,1,Yes,1,Right_Discount,8,Interested
1070,51,Female,Mobile,10.77,6,13,1,0,10.48,95.7,1,Yes,0,Others,3,Interested
1071,0,Female,Desktop,26.1,19,0,0,0,15.78,80.16,1,Yes,0,Others,2,Interested
1072,34,Female,Desktop,2.26,12,3,1,0,2.25,84.09,1,Yes,1,Right_Discount,6,Interested
1073,41,Female,Tablet,13.44,7,3,0,1,16.15,29.78,1,Yes,1,Right_Discount,4,Interested
1074,42,Male,Tablet,23.1,13,10,0,1,32.82,85.68,1,Yes,0,Others,0,Technical Error
1075,24,Female,Desktop,28.64,7,5,0,1,17.91,59.08,1,Yes,1,Right_Discount,7,Interested
1076,23,Female,Mobile,29.58,9,4,1,1,43.45,5.67,1,Yes,1,Right_Discount,0,Technical Error
1077,41,Unknown,Mobile,13.24,1,11,0,0,0,15.33,1,Yes,0,Others,8,Interested
1078,50,Female,Mobile,28.56,13,12,1,1,19.3,44.6,1,Yes,1,Right_Discount,0,Technical Error
1079,46,Female,Mobile,2.03,19,4,1,0,1.25,39.38,1,Yes,1,Right_Discount,3,Interested
1080,39,Female,Desktop,22.63,1,8,1,0,33.72,79.53,1,Yes,0,Others,9,Interested
1081,43,Male,Desktop,19.64,19,12,1,1,20.84,0,1,Yes,0,Others,3,Interested
1082,45,Male,Mobile,8.24,18,10,0,0,6.35,86.49,1,Yes,1,Right_Discount,8,Interested
1083,38,Female,Desktop,15.71,5,0,1,0,12.84,37.53,1,Yes,1,Right_Discount,0,Technical Error
1084,24,Female,Mobile,4.76,3,7,0,1,6.9,63.58,1,Yes,0,Others,9,Interested
1085,34,Male,Mobile,26.28,2,7,0,0,36.79,49.71,1,Yes,1,Right_Discount,8,Interested
1086,37,Male,Desktop,11.38,10,10,1,1,9.67,88.89,1,Yes,0,Others,3,Interested
1087,58,Male,Mobile,19.16,6,7,0,1,10.8,88.9,1,Yes,1,Right_Discount,6,Interested
1088,37,Female,Mobile,5.6,19,12,0,0,7.47,5.39,1,Yes,1,Right_Discount,8,Interested
1089,39,Female,Mobile,6.98,17,11,1,1,9.87,57.21,1,Yes,0,Others,6,Interested
1090,45,Male,Mobile,29.77,19,13,1,0,39.82,0,1,Yes,1,Right_Discount,1,Interested
1091,0,Female,Unknown,22.84,13,12,1,1,32.27,77.04,1,Yes,0,Others,5,Interested
1092,24,Female,Tablet,28.9,17,2,1,1,31.09,19.58,1,Yes,1,Right_Discount,5,Interested
1093,18,Female,Mobile,9.58,18,9,0,1,12.83,69.5,1,Yes,1,Right_Discount,2,Interested
1094,49,Female,Mobile,5.77,11,0,0,1,8.33,73.86,1,Yes,0,Others,3,Interested
1095,30,Female,Desktop,15.59,0,1,1,1,21.67,2.67,1,Yes,0,Others,5,Interested
1096,47,Female,Tablet,15.35,11,7,1,0,16.69,43.13,1,Yes,0,Others,5,Interested
1097,40,Female,Mobile,6.07,19,11,0,1,7.57,97.89,1,Yes,0,Others,0,Technical Error
1098,36,Male,Mobile,22.26,10,7,0,0,27.19,30.06,1,Yes,1,Right_Discount,9,Interested
1099,49,Male,Desktop,11.49,3,14,1,1,14.97,88.45,1,Yes,0,Others,7,Interested
1100,47,Male,Desktop,6.4,6,13,1,0,4.66,58.69,1,Yes,0,Others,8,Interested
1101,46,Male,Mobile,10.63,7,2,0,0,5.34,29.65,1,Yes,0,Others,1,Interested
1102,46,Male,Desktop,17.35,5,3,1,0,17.52,83.6,1,Yes,0,Others,3,Interested
1103,47,Male,Mobile,22.07,9,8,1,0,27.93,99.07,1,Yes,1,Right_Discount,5,Interested
1104,33,Male,Mobile,14.97,10,0,1,0,9.36,74.2,1,Yes,0,Others,1,Interested
1105,57,Male,Mobile,16.24,14,14,1,1,16.77,6.13,1,Yes,0,Others,6,Interested
1106,36,Male,Desktop,5.03,11,8,0,0,4.1,5.24,1,Yes,1,Right_Discount,5,Interested
1107,35,Female,Mobile,27.53,17,9,0,0,36.84,49.16,1,Yes,1,Right_Discount,7,Interested
1108,18,Female,Mobile,27.93,11,12,0,0,16.77,0.61,1,Yes,0,Others,6,Interested
1109,31,Male,Mobile,20.82,7,8,0,0,28.06,67.59,1,Yes,1,Right_Discount,9,Interested
1110,19,Female,Desktop,1.51,11,9,0,1,1.68,1.63,1,Yes,1,Right_Discount,0,Technical Error
1111,45,Female,Mobile,16.58,13,5,0,1,23.53,97.31,1,Yes,0,Others,9,Interested
1112,47,Male,Mobile,19.25,19,0,1,1,27.64,88.06,1,Yes,0,Others,9,Interested
1113,55,Male,Mobile,29.84,6,7,1,0,39.06,81.54,1,Yes,0,Others,4,Interested
1114,21,Male,Desktop,29.89,2,12,1,1,30.79,81.24,1,Yes,0,Others,5,Interested
1115,18,Female,Mobile,25.87,14,8,1,1,16.62,83.44,1,Yes,0,Others,6,Interested
1116,25,Female,Mobile,2.85,16,14,1,1,2.07,43.43,1,Yes,1,Right_Discount,3,Interested
1117,46,Male,Mobile,28.65,7,7,0,0,26.29,79.19,1,Yes,0,Others,8,Interested
1118,56,Female,Desktop,18.77,1,14,0,1,23.07,36.72,1,Yes,1,Right_Discount,0,Technical Error
1119,20,Female,Mobile,24.23,2,12,0,0,25.32,84.84,1,Yes,1,Right_Discount,2,Interested
1120,49,Female,Desktop,12.81,9,0,0,1,12.02,61.8,1,Yes,1,Right_Discount,9,Interested
1121,27,Male,Desktop,10.27,18,11,0,0,10.04,35.83,1,Yes,0,Others,1,Interested
1122,27,Female,Tablet,14.43,18,5,0,1,17.91,74.55,1,Yes,0,Others,1,Interested
1123,36,Female,Mobile,5.26,18,8,0,0,2.81,24.28,1,Yes,0,Others,0,Technical Error
1124,51,Female,Tablet,11.35,10,8,0,0,10.7,96.47,1,Yes,0,Others,2,Interested
1125,50,Female,Mobile,25.87,8,6,1,0,27.75,66.47,1,Yes,0,Others,9,Interested
1126,40,Female,Mobile,2.1,8,6,0,1,2.29,40.12,1,Yes,1,Right_Discount,4,Interested
1127,45,Female,Desktop,5.38,2,3,1,0,6.02,55.07,1,Yes,1,Right_Discount,5,Interested
1128,49,Female,Mobile,4.63,18,6,1,1,2.56,73.76,1,Yes,1,Right_Discount,7,Interested
1129,24,Male,Mobile,12.69,11,9,1,1,13.43,79.73,1,Yes,0,Others,3,Interested
1130,46,Male,Mobile,29.91,11,4,0,0,31.42,97.5,1,Yes,1,Right_Discount,0,Technical Error
1131,25,Female,Desktop,6.03,19,10,0,0,8.17,20.9,1,Yes,1,Right_Discount,8,Interested
1132,18,Male,Mobile,5.22,11,9,0,1,6.58,50.44,1,Yes,0,Others,2,Interested
1133,20,Female,Unknown,27.54,10,4,0,1,14.63,9.15,1,Yes,0,Others,7,Interested
1134,41,Female,Desktop,26.58,8,0,0,0,28.07,8.23,1,Yes,0,Others,3,Interested
1135,0,Female,Desktop,1.93,15,1,0,1,2.3,10.43,1,Yes,1,Right_Discount,2,Interested
1136,25,Male,Mobile,22.8,8,8,1,0,24.63,25.95,1,Yes,0,Others,2,Interested
1137,54,Female,Tablet,20.01,19,1,0,0,23.54,69.63,1,Yes,1,Right_Discount,3,Interested
1138,20,Female,Mobile,23.26,1,9,0,1,14.34,86.11,1,Yes,0,Others,3,Interested
1139,50,Male,Mobile,15.34,3,10,0,1,10.27,43.6,1,Yes,1,Right_Discount,6,Interested
1140,45,Male,Mobile,29.75,12,11,0,1,32.21,55.52,1,Yes,1,Right_Discount,1,Interested
1141,25,Female,Mobile,2.27,16,1,0,0,2.95,20.64,1,Yes,1,Right_Discount,7,Interested
1142,51,Male,Mobile,7.8,16,14,0,1,4.1,79.11,1,Yes,1,Right_Discount,1,Interested
1143,52,Male,Mobile,12.5,17,8,1,0,11.7,88.84,1,Yes,0,Others,0,Technical Error
1144,49,Female,Mobile,14.04,16,2,0,0,20.95,48.56,1,Yes,1,Right_Discount,7,Interested
1145,41,Female,Mobile,27.72,9,1,0,0,35.09,16.09,1,Yes,1,Right_Discount,3,Interested
1146,31,Female,Desktop,17.24,19,6,0,1,16.38,0.51,1,Yes,0,Others,5,Interested
1147,49,Male,Desktop,2.31,1,11,1,1,1.38,53.64,1,Yes,0,Others,0,Technical Error
1148,33,Male,Desktop,12.83,18,8,1,1,11.02,49.76,1,Yes,0,Others,2,Interested
1149,21,Male,Mobile,13.08,6,10,1,0,8.56,92.58,1,Yes,1,Right_Discount,6,Interested
1150,54,Female,Mobile,29,6,12,1,1,41.2,3.65,1,Yes,1,Right_Discount,6,Interested
1151,38,Male,Tablet,18.38,12,5,0,0,21.79,14.9,1,Yes,0,Others,7,Interested
1152,31,Male,Mobile,19.43,3,11,0,1,26.34,19.77,1,Yes,0,Others,0,Technical Error
1153,48,Female,Desktop,21.68,11,6,0,1,30.3,54.71,1,Yes,0,Others,6,Interested
1154,35,Female,Mobile,23.33,6,12,1,0,25.82,28.47,0,No,1,Low_Discount,3,Not Interested
1155,24,Female,Tablet,19.42,14,12,0,0,9.84,20.57,1,Yes,1,Right_Discount,5,Interested
1156,27,Male,Mobile,7.88,18,2,0,0,8.32,51.44,1,Yes,0,Others,3,Interested
1157,24,Female,Mobile,26.35,16,10,1,1,34.32,4.07,1,Yes,1,Right_Discount,8,Interested
1158,50,Male,Desktop,22.23,13,2,0,0,18.11,97.52,1,Yes,1,Right_Discount,0,Technical Error
1159,40,Male,Mobile,22.51,1,14,1,1,32.14,86.1,1,Yes,0,Others,0,Technical Error
1160,38,Female,Mobile,29.9,6,7,0,1,44.75,27.2,1,Yes,1,Right_Discount,4,Interested
1161,36,Female,Mobile,0,14,6,1,1,25.47,33.62,1,Yes,1,Right_Discount,4,Interested
1162,36,Female,Desktop,0,17,4,0,1,25.83,0,1,Yes,0,Others,7,Interested
1163,53,Female,Mobile,28.59,13,5,1,0,33.03,92.84,1,Yes,0,Others,6,Interested
1164,46,Female,Mobile,5.38,13,8,1,1,5.74,65.32,1,Yes,0,Others,2,Interested
1165,35,Male,Mobile,15.43,9,2,1,0,10.19,52.12,1,Yes,0,Others,7,Interested
1166,19,Male,Mobile,17.84,6,11,1,1,13.76,50.86,1,Yes,0,Others,3,Interested
1167,18,Male,Desktop,10.55,6,2,1,0,7.4,16.59,1,Yes,1,Right_Discount,2,Interested
1168,22,Female,Mobile,25.34,5,13,0,1,14.5,96.26,1,Yes,1,Right_Discount,1,Interested
1169,37,Male,Mobile,23.11,14,10,0,1,14.8,91.46,1,Yes,1,Right_Discount,8,Interested
1170,28,Female,Mobile,21.91,14,0,0,1,32.26,0,1,Yes,0,Others,6,Interested
1171,59,Female,Mobile,29.92,4,10,1,0,31.57,29.09,1,Yes,0,Others,4,Interested
1172,19,Male,Mobile,8.52,2,7,1,1,5.33,47.66,1,Yes,1,Right_Discount,8,Interested
1173,20,Male,Mobile,22.33,2,4,0,0,27.09,51.89,1,Yes,1,Right_Discount,2,Interested
1174,40,Female,Mobile,16.99,17,13,1,0,16.6,48.97,1,Yes,0,Others,5,Interested
0,29,Male,Tablet,10.08,10,0,0,0,7.3,0,1,Yes,0,Others,7,Interested
1176,37,Female,Mobile,5.66,14,2,0,0,8.17,83.31,1,Yes,1,Right_Discount,8,Interested
1177,22,Male,Desktop,26.98,19,12,0,0,19.55,74.65,1,Yes,1,Right_Discount,3,Interested
1178,54,Male,Mobile,18.27,17,7,0,1,10.92,47.48,1,Yes,1,Right_Discount,0,Technical Error
1179,55,Male,Mobile,24.92,11,3,1,1,17.59,26.74,1,Yes,0,Others,7,Interested
1180,47,Male,Mobile,16.82,7,8,1,0,0,63.5,1,Yes,1,Right_Discount,9,Interested
1181,26,Male,Mobile,0,9,12,1,1,10.02,13.83,1,Yes,1,Right_Discount,2,Interested
1182,51,Female,Tablet,10.79,14,5,0,1,15.04,99.73,1,Yes,0,Others,5,Interested
1183,52,Male,Tablet,12.06,4,9,0,0,17.08,12.53,1,Yes,1,Right_Discount,3,Interested
1184,39,Male,Desktop,29.22,14,3,1,0,16.87,5.85,1,Yes,0,Others,5,Interested
1185,41,Male,Desktop,1.16,17,3,0,0,1.41,61.24,1,Yes,1,Right_Discount,2,Interested
1186,34,Female,Mobile,29.58,19,9,1,0,34.45,46.34,1,Yes,0,Others,6,Interested
1187,27,Female,Mobile,29.43,17,4,0,1,43.94,71.9,1,Yes,0,Others,1,Interested
1188,47,Female,Tablet,29.89,14,12,1,1,36.31,12.8,1,Yes,0,Others,4,Interested
1189,40,Female,Desktop,14.82,13,6,1,0,19.15,36.37,1,Yes,0,Others,2,Interested
1190,49,Female,Mobile,28.95,0,13,0,1,35.17,50.1,1,Yes,0,Others,4,Interested
1191,34,Male,Mobile,12.47,16,11,0,0,13.97,44.7,1,Yes,1,Right_Discount,2,Interested
1192,34,Male,Mobile,1.76,15,6,1,0,1.85,58.3,1,Yes,0,Others,8,Interested
1193,31,Male,Tablet,7.51,19,0,0,1,11.03,10.18,1,Yes,1,Right_Discount,7,Interested
1194,26,Female,Mobile,28.41,11,9,1,0,40.81,50.37,1,Yes,0,Others,1,Interested
1195,57,Female,Mobile,1.4,12,6,0,1,1.31,55.48,1,Yes,1,Right_Discount,7,Interested
1196,19,Male,Mobile,16.83,11,4,0,1,0,88.1,1,Yes,1,Right_Discount,7,Interested
1197,42,Female,Desktop,3.19,5,11,1,1,3.22,57.11,1,Yes,1,Right_Discount,0,Technical Error
1198,56,Female,Mobile,9.31,8,12,0,1,11.6,54.73,1,Yes,0,Others,2,Interested
1199,26,Female,Desktop,3.55,6,8,0,1,3.2,0,1,Yes,1,Right_Discount,9,Interested
1200,39,Male,Mobile,25.93,16,1,0,1,26.9,6.5,1,Yes,1,Right_Discount,4,Interested
1201,21,Male,Desktop,18.14,12,7,0,0,14.49,64.8,1,Yes,0,Others,1,Interested
1202,43,Female,Desktop,27.16,6,9,0,1,25.2,81.18,1,Yes,1,Right_Discount,9,Interested
1203,46,Female,Mobile,20.96,13,7,0,1,30.54,9.46,1,Yes,1,Right_Discount,5,Interested
1204,51,Female,Mobile,0,7,2,1,1,0,81.16,1,Yes,0,Others,1,Interested
1205,40,Female,Mobile,15.79,8,4,0,0,23.51,78.72,1,Yes,0,Others,3,Interested
1206,54,Male,Mobile,19.52,12,13,0,1,13.97,0.09,1,Yes,0,Others,2,Interested
1207,28,Female,Desktop,17.71,2,7,1,0,14.51,24.62,1,Yes,0,Others,0,Technical Error
1208,23,Male,Mobile,15.04,9,9,0,1,8.83,15.13,1,Yes,1,Right_Discount,7,Interested
1209,35,Male,Mobile,25.53,13,12,1,1,31.97,51.13,1,Yes,1,Right_Discount,7,Interested
1210,38,Male,Mobile,19.69,17,8,0,0,10.19,91.4,1,Yes,0,Others,0,Technical Error
1211,59,Female,Mobile,24.24,13,6,0,0,31.22,60.27,1,Yes,1,Right_Discount,5,Interested
1212,53,Male,Desktop,23.8,16,3,0,1,25.64,60.18,1,Yes,1,Right_Discount,0,Technical Error
1213,58,Male,Mobile,6.54,1,3,0,1,8.17,12.28,1,Yes,0,Others,8,Interested
1214,55,Female,Tablet,19.85,7,2,0,1,25.47,66.64,1,Yes,1,Right_Discount,0,Technical Error
1215,51,Female,Tablet,6.79,13,10,1,0,4.24,88.83,1,Yes,1,Right_Discount,2,Interested
1216,34,Female,Mobile,17.92,14,0,0,1,9.34,42.93,1,Yes,0,Others,8,Interested
1217,54,Male,Mobile,20.65,17,5,0,1,13.81,68.18,1,Yes,1,Right_Discount,0,Technical Error
1218,42,Female,Desktop,29.92,16,9,1,1,0,29.49,1,Yes,0,Others,1,Interested
1219,55,Male,Mobile,1.89,15,5,0,1,1.08,26.89,1,Yes,1,Right_Discount,3,Interested
1220,29,Male,Mobile,3.65,17,9,1,1,3.49,18.51,1,Yes,1,Right_Discount,6,Interested
1221,40,Female,Unknown,3.23,2,9,0,0,2.54,24.15,1,Yes,0,Others,7,Interested
1222,59,Male,Mobile,12.55,12,8,1,0,10.84,34.28,1,Yes,1,Right_Discount,0,Technical Error
1223,39,Male,Desktop,24.83,3,10,1,1,35.76,56.67,1,Yes,0,Others,0,Technical Error
1224,38,Male,Mobile,25.48,9,2,1,1,31.19,78.07,0,No,0,Others,4,Not Interested
1225,44,Male,Mobile,22.37,6,3,0,0,25.91,28.96,1,Yes,0,Others,7,Interested
1226,48,Female,Tablet,27.01,6,2,1,0,31.16,16.81,1,Yes,1,Right_Discount,0,Technical Error
1227,23,Male,Desktop,10.36,7,2,1,1,10.93,44.98,1,Yes,1,Right_Discount,2,Interested
1228,44,Female,Mobile,3.56,8,0,0,0,3.61,78.95,1,Yes,0,Others,5,Interested
1229,57,Male,Desktop,2.69,3,13,1,1,3.72,38.93,1,Yes,0,Others,0,Technical Error
1230,51,Male,Mobile,25.71,15,9,0,1,14.78,91.33,1,Yes,0,Others,2,Interested
1231,29,Female,Desktop,22.18,6,5,1,1,17.49,24.79,1,Yes,1,Right_Discount,0,Technical Error
1232,24,Male,Mobile,21.26,11,14,1,0,12.84,75.83,1,Yes,0,Others,3,Interested
1233,27,Male,Mobile,10.85,3,14,1,1,5.54,46.78,1,Yes,1,Right_Discount,8,Interested
1234,34,Male,Desktop,12.02,16,8,1,0,6.18,10.71,1,Yes,0,Others,4,Interested
1235,43,Male,Mobile,28.79,6,4,1,0,15.09,28.11,1,Yes,1,Right_Discount,2,Interested
1236,38,Male,Tablet,2.85,11,11,1,0,3.37,85.82,1,Yes,1,Right_Discount,9,Interested
1237,45,Male,Mobile,23.44,8,11,0,0,14.33,0.59,1,Yes,1,Right_Discount,6,Interested
1238,19,Female,Tablet,9.98,10,11,0,0,0,75.63,1,Yes,1,Right_Discount,5,Interested
1239,18,Female,Tablet,2.13,10,13,0,0,1.96,81.14,1,Yes,1,Right_Discount,8,Interested
1240,53,Female,Mobile,22.53,3,9,0,0,17.33,11.98,1,Yes,1,Right_Discount,3,Interested
1241,43,Male,Desktop,10.6,14,1,0,0,13.96,96.22,1,Yes,0,Others,3,Interested
1242,46,Male,Mobile,21.94,19,9,0,0,24.65,87.23,1,Yes,0,Others,8,Interested
1243,38,Male,Tablet,21.52,9,3,1,0,17.93,17.85,1,Yes,0,Others,1,Interested
1244,28,Female,Mobile,16.51,13,11,1,0,13.5,24.15,1,Yes,1,Right_Discount,9,Interested
1245,57,Male,Desktop,23.54,9,5,1,0,27.86,81.85,1,Yes,1,Right_Discount,1,Interested
1246,28,Female,Mobile,17.85,12,13,0,1,11.97,54.64,1,Yes,1,Right_Discount,8,Interested
1247,53,Male,Mobile,9.31,14,6,0,0,7.27,92.26,1,Yes,0,Others,6,Interested
1248,56,Male,Mobile,22.29,5,11,1,1,19.02,97.91,1,Yes,1,Right_Discount,4,Interested
1249,57,Male,Mobile,18.09,6,12,1,0,17.27,34.34,1,Yes,0,Others,4,Interested
1250,52,Female,Unknown,1.37,13,12,0,1,0.95,9.7,1,Yes,0,Others,8,Interested
1251,51,Male,Desktop,27.15,13,6,0,0,17.84,70.35,1,Yes,0,Others,9,Interested
1252,41,Female,Desktop,16.82,0,13,1,0,25.06,92.31,1,Yes,1,Right_Discount,4,Interested
1253,39,Male,Mobile,26.19,14,3,0,1,37.01,16.49,1,Yes,0,Others,8,Interested
1254,22,Male,Mobile,26.6,11,9,0,0,27.23,98.54,1,Yes,0,Others,7,Interested
1255,50,Female,Mobile,13.9,13,9,0,1,17.59,19.59,1,Yes,1,Right_Discount,5,Interested
1256,53,Male,Desktop,15.72,12,4,1,0,18.46,8.63,1,Yes,0,Others,4,Interested
1257,37,Male,Tablet,13.06,16,12,0,0,7.51,49.57,1,Yes,0,Others,4,Interested
1258,36,Male,Mobile,14.03,6,3,1,0,14.28,80.56,1,Yes,0,Others,4,Interested
1259,52,Male,Mobile,26.96,9,11,1,1,18.44,35.44,1,Yes,1,Right_Discount,0,Technical Error
1260,34,Female,Mobile,23.86,17,9,0,1,25.87,33.18,1,Yes,1,Right_Discount,4,Interested
1261,51,Female,Desktop,4.67,16,5,1,1,2.62,19.71,1,Yes,1,Right_Discount,2,Interested
1262,26,Male,Desktop,18.7,12,10,1,0,12.4,98.61,1,Yes,1,Right_Discount,5,Interested
1263,43,Male,Desktop,29.88,18,13,1,1,38.3,34.19,1,Yes,0,Others,8,Interested
1264,19,Female,Mobile,18.27,9,6,1,0,24.54,66.65,1,Yes,1,Right_Discount,2,Interested
1265,26,Male,Desktop,23.79,3,1,1,0,33.48,13.24,1,Yes,1,Right_Discount,0,Technical Error
1266,26,Female,Desktop,23.3,10,13,1,1,32.54,44.98,1,Yes,0,Others,7,Interested
1267,57,Male,Mobile,11.16,11,9,0,1,15.7,79.58,1,Yes,0,Others,8,Interested
1268,34,Female,Mobile,11.78,2,11,0,0,7.01,97.03,1,Yes,1,Right_Discount,9,Interested
1269,18,Female,Mobile,22,8,2,0,0,0,17.73,1,Yes,0,Others,3,Interested
1270,42,Female,Mobile,15.5,11,10,1,0,0,9.47,1,Yes,0,Others,9,Interested
1271,57,Female,Desktop,17.55,18,7,0,1,13.48,98.75,1,Yes,1,Right_Discount,4,Interested
1272,59,Male,Mobile,21.67,7,6,0,1,32.35,55.42,1,Yes,1,Right_Discount,2,Interested
1273,42,Male,Desktop,23.55,14,0,1,1,18.51,34.54,1,Yes,0,Others,7,Interested
1274,56,Female,Mobile,8.87,7,0,1,1,9.53,96.03,1,Yes,0,Others,2,Interested
1275,52,Female,Mobile,5.26,1,3,0,1,7.22,39.02,1,Yes,1,Right_Discount,3,Interested
1276,20,Female,Mobile,9.46,12,4,0,1,7.47,0,1,Yes,1,Right_Discount,9,Interested
1277,54,Female,Mobile,15.72,1,13,0,0,17.39,80.35,1,Yes,1,Right_Discount,6,Interested
1278,47,Male,Mobile,10.92,3,2,1,1,0,31.4,1,Yes,0,Others,1,Interested
1279,55,Female,Mobile,17.48,2,14,0,1,19.69,32.2,1,Yes,0,Others,0,Technical Error
1280,51,Female,Mobile,2.55,3,3,0,0,2.31,44.5,1,Yes,0,Others,3,Interested
1281,29,Female,Mobile,15.78,4,9,1,0,0,69.3,1,Yes,1,Right_Discount,7,Interested
1282,36,Female,Mobile,11.67,14,9,1,0,12.98,84.18,1,Yes,1,Right_Discount,0,Technical Error
1283,54,Female,Mobile,0,18,13,1,1,11.96,22.62,1,Yes,1,Right_Discount,9,Interested
1284,34,Female,Mobile,13.25,5,9,0,0,17.31,36.25,1,Yes,1,Right_Discount,2,Interested
1285,27,Female,Tablet,9.24,15,6,1,1,10.68,49.62,1,Yes,1,Right_Discount,3,Interested
1286,29,Male,Mobile,27.22,16,7,1,1,16.59,2.56,1,Yes,0,Others,3,Interested
1287,33,Female,Desktop,6.36,8,11,1,0,4.95,69.71,1,Yes,0,Others,2,Interested
1288,41,Female,Mobile,20.76,8,8,1,1,13.66,56.6,1,Yes,0,Others,2,Interested
1289,36,Female,Desktop,27.81,7,14,1,0,15.93,13.36,1,Yes,0,Others,6,Interested
1290,25,Male,Mobile,16.62,6,12,0,1,12.14,13.03,1,Yes,0,Others,7,Interested
1291,0,Male,Tablet,26.42,7,1,0,0,20.56,89.52,1,Yes,0,Others,9,Interested
1292,38,Male,Mobile,4.62,19,3,0,1,4.47,68.33,1,Yes,1,Right_Discount,3,Interested
1293,34,Female,Desktop,15.32,1,0,0,1,22.51,38.81,1,Yes,1,Right_Discount,7,Interested
1294,40,Female,Mobile,14.25,13,2,0,0,20.57,33.81,1,Yes,1,Right_Discount,7,Interested
1295,54,Female,Mobile,1.24,7,7,1,0,1.55,0,1,Yes,1,Right_Discount,5,Interested
1296,33,Male,Desktop,13.85,1,6,0,1,15.88,65.47,1,Yes,0,Others,0,Technical Error
1297,23,Female,Mobile,11.7,10,14,1,1,16.93,17.87,1,Yes,0,Others,6,Interested
1298,25,Male,Mobile,20.42,13,14,0,1,13.12,98.74,1,Yes,0,Others,6,Interested
1299,42,Male,Mobile,28.21,4,7,0,0,23.42,68.71,1,Yes,1,Right_Discount,4,Interested
1300,35,Male,Desktop,3.49,7,14,0,0,3.68,12.71,1,Yes,1,Right_Discount,5,Interested
0,42,Male,Tablet,10.5,6,10,1,0,13.8,13.8,1,Yes,1,Right_Discount,8,Interested
1302,29,Male,Mobile,13.88,6,5,0,0,15.6,64.83,1,Yes,0,Others,2,Interested
1303,32,Female,Desktop,14.2,11,4,1,1,0,38.32,1,Yes,0,Others,3,Interested
1304,43,Female,Mobile,23.47,9,11,0,1,15.33,66,1,Yes,1,Right_Discount,8,Interested
1305,58,Male,Mobile,0,7,11,1,1,9.6,72.25,1,Yes,1,Right_Discount,9,Interested
1306,0,Unknown,Tablet,1.79,9,9,0,0,2.22,53.79,1,Yes,1,Right_Discount,1,Interested
1307,49,Female,Desktop,21.59,6,8,1,0,18.32,25.66,1,Yes,1,Right_Discount,8,Interested
1308,27,Male,Desktop,26.66,19,4,1,0,24.96,55.12,1,Yes,1,Right_Discount,4,Interested
1309,33,Male,Mobile,15.9,14,8,0,0,20.54,42.19,1,Yes,1,Right_Discount,2,Interested
1310,24,Female,Mobile,17.85,1,14,0,0,10.18,89.03,1,Yes,0,Others,7,Interested
1311,34,Female,Mobile,5.73,16,14,0,1,3.83,74.02,1,Yes,1,Right_Discount,8,Interested
1312,40,Female,Mobile,7.4,9,14,0,1,5.89,61.9,0,No,0,Others,0,Not Interested
1313,43,Female,Mobile,7.82,15,12,0,0,10.82,3.97,1,Yes,0,Others,4,Interested
1314,38,Male,Desktop,13.49,19,3,1,1,12.21,99.02,1,Yes,1,Right_Discount,8,Interested
1315,39,Female,Desktop,27.92,10,11,0,1,21,56.63,1,Yes,0,Others,1,Interested
1316,24,Male,Mobile,16.13,0,4,0,1,19.01,25.9,1,Yes,1,Right_Discount,0,Technical Error
1317,31,Male,Mobile,6.57,3,0,0,0,3.48,59.15,1,Yes,1,Right_Discount,7,Interested
1318,32,Female,Desktop,8.72,19,5,0,1,11.12,81.79,1,Yes,1,Right_Discount,5,Interested
1319,24,Female,Mobile,12.14,13,2,1,0,14.54,53.86,1,Yes,1,Right_Discount,1,Interested
1320,26,Female,Desktop,19.07,14,10,1,0,10.59,77.69,1,Yes,0,Others,2,Interested
1321,25,Male,Mobile,13.76,7,14,1,1,13.73,41.3,1,Yes,0,Others,4,Interested
1322,40,Male,Mobile,12.38,2,9,1,0,11.19,59,1,Yes,1,Right_Discount,0,Technical Error
1323,46,Male,Tablet,17.38,14,1,1,0,11.44,42.23,1,Yes,0,Others,1,Interested
1324,35,Male,Mobile,8.01,17,5,1,0,5.24,52.78,1,Yes,1,Right_Discount,0,Technical Error
1325,48,Female,Mobile,3.29,13,0,1,0,2.17,16.75,1,Yes,1,Right_Discount,6,Interested
1326,47,Male,Mobile,1.71,2,13,1,0,1.88,59.86,1,Yes,1,Right_Discount,6,Interested
1327,56,Male,Tablet,8.29,5,11,0,0,5.56,97.9,1,Yes,1,Right_Discount,9,Interested
1328,52,Female,Desktop,3.66,4,8,0,0,2.05,76.48,1,Yes,1,Right_Discount,4,Interested
1329,35,Male,Mobile,10.75,3,4,0,0,15.67,32,1,Yes,0,Others,9,Interested
1330,0,Male,Mobile,23.42,14,6,1,0,12.63,86.39,1,Yes,0,Others,5,Interested
1331,56,Female,Desktop,0,11,10,1,0,25.34,89.57,1,Yes,0,Others,2,Interested
1332,34,Male,Mobile,18.72,8,9,0,1,26.88,17.68,1,Yes,1,Right_Discount,1,Interested
1333,0,Male,Desktop,25.72,9,8,0,1,13.84,5.31,1,Yes,1,Right_Discount,9,Interested
0,48,Male,Mobile,9.18,16,8,0,0,13.46,57.25,1,Yes,0,Others,8,Interested
1335,41,Male,Mobile,26.67,3,12,1,0,26.73,47.59,1,Yes,0,Others,1,Interested
1336,52,Female,Desktop,12.58,10,6,1,1,16.17,71.47,1,Yes,1,Right_Discount,0,Technical Error
1337,51,Male,Mobile,12.63,1,14,1,0,14.21,29.31,1,Yes,1,Right_Discount,0,Technical Error
1338,20,Female,Desktop,12.76,9,3,1,0,14.25,38.02,1,Yes,1,Right_Discount,7,Interested
1339,54,Male,Mobile,3.84,16,14,1,1,4.95,26.39,1,Yes,1,Right_Discount,7,Interested
1340,57,Female,Mobile,29.29,9,3,0,1,16.56,29.21,1,Yes,0,Others,6,Interested
1341,43,Female,Tablet,5.02,12,6,1,1,4.48,0.93,1,Yes,0,Others,8,Interested
1342,40,Female,Mobile,10.89,1,7,1,0,16,51.08,1,Yes,1,Right_Discount,2,Interested
1343,56,Male,Desktop,10.26,16,6,1,1,5.69,47.32,1,Yes,0,Others,7,Interested
1344,32,Unknown,Mobile,3.17,8,10,1,1,2.42,35.59,1,Yes,0,Others,0,Technical Error
1345,21,Male,Desktop,5.42,14,13,0,1,6.35,54.02,1,Yes,1,Right_Discount,0,Technical Error
1346,46,Female,Desktop,2.3,14,13,1,0,1.38,39.18,1,Yes,0,Others,5,Interested
1347,39,Male,Mobile,9.48,10,9,0,1,9.83,43.26,1,Yes,0,Others,7,Interested
1348,42,Male,Desktop,26.13,1,3,0,1,31.71,0.2,1,Yes,0,Others,7,Interested
1349,30,Male,Desktop,10.84,6,3,0,0,13.63,6.63,0,No,1,Low_Discount,9,Not Interested
1350,35,Male,Mobile,4.59,9,7,1,0,0,15.07,1,Yes,1,Right_Discount,0,Technical Error
1351,50,Female,Mobile,19.73,19,11,0,0,19.74,18.4,1,Yes,0,Others,0,Technical Error
1352,33,Female,Mobile,29.9,16,13,0,0,0,45.22,1,Yes,1,Right_Discount,8,Interested
1353,59,Male,Mobile,7.74,19,8,1,0,0,87.49,1,Yes,1,Right_Discount,8,Interested
1354,19,Male,Mobile,9.11,11,0,0,0,10.75,40.6,1,Yes,1,Right_Discount,6,Interested
1355,52,Male,Unknown,29.18,11,14,1,0,41.41,62.72,1,Yes,1,Right_Discount,0,Technical Error
1356,59,Female,Mobile,6.18,0,11,0,1,7.31,2.58,1,Yes,0,Others,9,Interested
1357,51,Male,Desktop,15.83,7,13,0,1,8.65,85.48,1,Yes,1,Right_Discount,1,Interested
1358,47,Female,Mobile,7.95,12,12,1,0,8,0,1,Yes,0,Others,7,Interested
1359,30,Female,Tablet,28.04,5,13,1,1,34.38,28.43,1,Yes,0,Others,7,Interested
1360,30,Male,Mobile,29.46,1,2,1,1,16,81.67,1,Yes,0,Others,4,Interested
1361,35,Male,Mobile,24.63,11,11,1,0,31.09,26.49,1,Yes,1,Right_Discount,1,Interested
1362,49,Male,Desktop,10.13,15,9,0,1,7.92,25.8,1,Yes,0,Others,2,Interested
1363,49,Female,Mobile,12.7,10,0,0,1,13.83,60.3,1,Yes,1,Right_Discount,4,Interested
1364,52,Female,Mobile,8.03,15,14,0,1,11.77,90.32,1,Yes,1,Right_Discount,2,Interested
1365,56,Male,Mobile,26.83,13,4,1,1,40.11,21.36,1,Yes,1,Right_Discount,9,Interested
1366,46,Female,Mobile,27.52,15,5,1,1,31.22,62.08,1,Yes,0,Others,0,Technical Error
1367,46,Male,Mobile,13.15,2,10,1,1,13.04,60.02,1,Yes,1,Right_Discount,5,Interested
1368,33,Male,Tablet,20.04,13,8,0,1,13.58,65.95,0,No,0,Others,4,Not Interested
1369,27,Female,Mobile,5.8,12,4,0,0,4.11,94.68,1,Yes,1,Right_Discount,2,Interested
1370,47,Female,Desktop,13.61,4,0,1,0,12.65,16.59,1,Yes,1,Right_Discount,8,Interested
1371,42,Female,Desktop,19.31,12,10,0,1,23.22,65.44,1,Yes,0,Others,9,Interested
1372,56,Female,Mobile,12.18,15,10,1,1,15.46,18.24,1,Yes,1,Right_Discount,7,Interested
1373,37,Male,Mobile,11.37,13,3,1,0,8.21,31.43,1,Yes,1,Right_Discount,6,Interested
1374,22,Male,Desktop,1.03,2,1,1,1,1.07,39,1,Yes,0,Others,1,Interested
1375,18,Male,Desktop,24.32,16,3,0,0,26.55,83.54,1,Yes,0,Others,0,Technical Error
1376,47,Female,Mobile,26.79,14,13,0,1,37.32,5.37,1,Yes,0,Others,4,Interested
1377,20,Male,Mobile,29.11,2,6,0,1,40.07,73.37,1,Yes,0,Others,4,Interested
1378,31,Female,Mobile,21.86,17,8,1,0,28.8,91.26,1,Yes,0,Others,5,Interested
1379,47,Female,Mobile,16.91,16,11,0,0,17.19,7.92,1,Yes,1,Right_Discount,5,Interested
1380,21,Female,Mobile,8.81,0,2,0,1,4.98,79.07,0,No,1,Low_Discount,2,Not Interested
1381,35,Male,Desktop,29.98,11,2,1,1,25.02,10.76,1,Yes,0,Others,3,Interested
1382,54,Female,Mobile,18.1,13,10,0,0,20.3,96.29,1,Yes,0,Others,0,Technical Error
1383,42,Female,Desktop,20.75,6,3,0,1,23.61,81.54,1,Yes,1,Right_Discount,0,Technical Error
1384,18,Female,Desktop,20.79,17,6,1,1,28.05,69.5,1,Yes,0,Others,4,Interested
1385,32,Female,Mobile,25.51,1,5,0,1,22.43,55.01,1,Yes,1,Right_Discount,3,Interested
0,26,Female,Mobile,1.28,0,13,0,0,1.84,92.08,1,Yes,0,Others,6,Interested
1387,32,Female,Desktop,7.39,18,4,1,1,4.9,11.91,1,Yes,1,Right_Discount,6,Interested
1388,41,Female,Desktop,20.3,11,3,0,0,11.16,12.18,1,Yes,1,Right_Discount,3,Interested
1389,21,Female,Unknown,26.96,14,11,0,1,18.24,82.25,1,Yes,0,Others,9,Interested
1390,29,Female,Mobile,20.87,2,7,1,1,20.08,48.23,1,Yes,0,Others,1,Interested
1391,54,Female,Mobile,12.99,11,11,0,1,17.18,84.51,1,Yes,1,Right_Discount,9,Interested
1392,54,Female,Mobile,11.49,2,3,0,1,7.51,39.07,1,Yes,1,Right_Discount,3,Interested
1393,23,Female,Mobile,22.4,4,2,0,0,23.48,45.19,1,Yes,0,Others,7,Interested
1394,56,Male,Desktop,22.5,13,6,0,0,28.72,33.21,1,Yes,0,Others,1,Interested
1395,41,Unknown,Mobile,18.6,6,1,0,0,9.95,95.07,1,Yes,1,Right_Discount,4,Interested
1396,28,Female,Desktop,9.45,7,3,0,0,5.12,46.5,1,Yes,1,Right_Discount,6,Interested
0,30,Female,Mobile,27.83,3,7,0,1,27.57,75.51,1,Yes,1,Right_Discount,9,Interested
1398,51,Female,Desktop,17,4,3,1,0,11.6,69.59,1,Yes,0,Others,5,Interested
1399,42,Male,Tablet,23.92,3,9,0,1,22.74,23.51,1,Yes,0,Others,8,Interested
1400,24,Male,Mobile,7.21,1,11,0,0,3.92,91.4,1,Yes,0,Others,0,Technical Error
1401,21,Male,Tablet,10.98,19,6,0,0,16.22,54.47,1,Yes,0,Others,3,Interested
1402,25,Female,Mobile,26.36,13,1,1,1,30.42,85.58,1,Yes,0,Others,6,Interested
1403,37,Female,Mobile,2.45,14,10,0,0,2.91,83.22,1,Yes,1,Right_Discount,7,Interested
1404,46,Female,Desktop,15.86,16,4,1,1,16.01,5.87,1,Yes,1,Right_Discount,4,Interested
1405,27,Female,Tablet,14.97,4,11,0,0,19.83,61.98,1,Yes,0,Others,4,Interested
1406,51,Male,Mobile,22.79,17,12,1,1,30.39,78.9,1,Yes,1,Right_Discount,3,Interested
1407,43,Female,Mobile,9.17,10,3,0,0,6.04,90.65,1,Yes,1,Right_Discount,8,Interested
1408,58,Male,Desktop,7.35,7,8,1,1,9.32,50.63,1,Yes,1,Right_Discount,9,Interested
1409,20,Male,Desktop,27.86,0,6,0,0,29.72,75.07,1,Yes,1,Right_Discount,3,Interested
1410,23,Female,Mobile,17.58,13,13,1,0,22.19,96.96,1,Yes,1,Right_Discount,2,Interested
1411,22,Male,Desktop,4.04,14,8,0,1,5.73,82.78,1,Yes,0,Others,8,Interested
1412,22,Male,Mobile,6.6,6,10,0,1,5.51,85.44,1,Yes,1,Right_Discount,6,Interested
1413,40,Male,Mobile,29.97,0,12,0,0,32.1,40.73,1,Yes,0,Others,8,Interested
1414,26,Male,Mobile,6.67,9,12,0,0,8.59,9.17,1,Yes,0,Others,3,Interested
1415,52,Female,Mobile,18.7,16,9,1,0,27.8,96.6,1,Yes,1,Right_Discount,2,Interested
1416,37,Female,Unknown,13.18,12,6,0,0,14.66,69.58,0,No,1,Low_Discount,9,Not Interested
1417,59,Male,Mobile,26.68,16,1,1,0,0,17.12,1,Yes,1,Right_Discount,7,Interested
1418,52,Female,Tablet,22.9,5,11,1,1,30.83,97.38,1,Yes,1,Right_Discount,3,Interested
1419,35,Male,Mobile,18.31,11,1,1,0,22.91,71.58,1,Yes,0,Others,9,Interested
1420,34,Female,Desktop,1.31,1,1,0,0,1.89,9.04,1,Yes,1,Right_Discount,2,Interested
1421,41,Female,Desktop,26.51,10,4,0,0,19.34,17.08,1,Yes,0,Others,3,Interested
1422,20,Female,Desktop,13.9,11,0,1,0,19.57,0,1,Yes,0,Others,1,Interested
1423,49,Female,Desktop,28.02,15,12,0,1,19.81,95.38,1,Yes,1,Right_Discount,3,Interested
0,52,Female,Mobile,15.37,3,6,1,1,16.37,36.48,1,Yes,0,Others,6,Interested
1425,55,Male,Desktop,21.13,15,1,1,0,21.61,41.33,1,Yes,0,Others,2,Interested
1426,30,Female,Desktop,3.01,11,3,1,0,0,39.55,1,Yes,0,Others,0,Technical Error
1427,42,Male,Mobile,22.61,9,8,1,0,20.32,83.54,1,Yes,1,Right_Discount,9,Interested
1428,26,Male,Desktop,10.8,2,7,1,0,6.95,45.33,1,Yes,0,Others,7,Interested
1429,21,Female,Mobile,11.19,12,9,0,1,13.5,37.53,1,Yes,1,Right_Discount,5,Interested
1430,31,Male,Unknown,4.44,16,1,1,1,4.91,62.19,1,Yes,0,Others,2,Interested
1431,54,Female,Desktop,5.26,16,13,0,1,6.98,49.05,1,Yes,0,Others,7,Interested
1432,51,Male,Mobile,6.39,1,3,1,0,8.04,53.34,1,Yes,1,Right_Discount,5,Interested
1433,28,Unknown,Desktop,10.52,16,3,0,0,14.67,40.7,1,Yes,0,Others,0,Technical Error
1434,58,Female,Mobile,26.87,6,1,1,0,35.98,46.05,1,Yes,1,Right_Discount,8,Interested
1435,20,Female,Mobile,11.68,14,1,0,0,13.85,3.6,1,Yes,0,Others,8,Interested
1436,45,Female,Mobile,22.01,11,4,0,1,21.26,92.58,1,Yes,0,Others,8,Interested
1437,46,Female,Mobile,3.4,1,10,0,0,0,3.06,1,Yes,1,Right_Discount,5,Interested
1438,0,Male,Desktop,18.14,17,3,1,0,14.65,77.28,1,Yes,0,Others,5,Interested
1439,20,Female,Mobile,14.97,19,14,1,1,18.38,29.83,1,Yes,1,Right_Discount,3,Interested
1440,42,Male,Mobile,29.36,2,7,1,0,16.43,11.23,1,Yes,0,Others,7,Interested
1441,51,Male,Mobile,25.54,14,3,0,0,32.09,60.97,1,Yes,1,Right_Discount,8,Interested
1442,29,Male,Mobile,14.19,8,14,0,0,14.42,70.7,1,Yes,0,Others,6,Interested
1443,59,Male,Desktop,23.48,6,14,0,0,32.12,63.02,1,Yes,1,Right_Discount,6,Interested
1444,26,Male,Mobile,6.6,9,7,1,0,7.65,57.61,1,Yes,1,Right_Discount,1,Interested
1445,32,Male,Unknown,17.31,5,13,1,1,22.48,53.62,1,Yes,1,Right_Discount,1,Interested
1446,57,Female,Tablet,3.16,5,4,1,0,2.12,54.11,1,Yes,0,Others,9,Interested
1447,42,Male,Desktop,11.09,18,0,1,1,7.46,86.54,1,Yes,1,Right_Discount,1,Interested
1448,22,Male,Desktop,7.55,14,13,1,0,5.37,9.02,1,Yes,0,Others,3,Interested
1449,28,Male,Mobile,21.85,12,13,1,1,18.21,15.74,1,Yes,1,Right_Discount,8,Interested
1450,51,Female,Mobile,15.21,12,8,1,1,21.36,81.27,1,Yes,1,Right_Discount,4,Interested
1451,41,Female,Desktop,22.78,6,7,1,1,29.03,30.3,1,Yes,1,Right_Discount,0,Technical Error
1452,32,Male,Desktop,15.94,4,0,1,0,13.78,77.16,1,Yes,0,Others,0,Technical Error
1453,55,Female,Desktop,3.51,15,11,0,0,4.98,35.27,1,Yes,1,Right_Discount,6,Interested
1454,25,Male,Desktop,22.33,15,2,0,0,28.56,92.54,1,Yes,0,Others,4,Interested
1455,0,Female,Mobile,25.16,17,2,1,0,29.09,28.13,1,Yes,0,Others,7,Interested
1456,43,Male,Mobile,27.2,3,14,1,1,25.47,42.69,1,Yes,1,Right_Discount,0,Technical Error
1457,35,Female,Desktop,17.59,10,0,0,1,20.26,15.88,1,Yes,1,Right_Discount,4,Interested
1458,23,Female,Desktop,22.85,8,6,1,0,24.98,66.67,1,Yes,0,Others,3,Interested
1459,54,Female,Mobile,22.81,9,0,0,1,29.24,40.29,1,Yes,1,Right_Discount,2,Interested
1460,30,Male,Desktop,5.52,3,0,0,1,4.01,94.12,1,Yes,0,Others,6,Interested
1461,45,Male,Mobile,5.76,1,9,0,1,7.98,1.57,1,Yes,1,Right_Discount,9,Interested
1462,22,Unknown,Mobile,3.06,11,12,0,0,3.34,38.77,1,Yes,0,Others,0,Technical Error
1463,30,Female,Desktop,10.28,13,0,1,0,13.43,2.36,1,Yes,0,Others,5,Interested
1464,34,Female,Desktop,14.73,12,13,1,1,12.48,32.9,1,Yes,1,Right_Discount,7,Interested
1465,57,Male,Mobile,29.94,7,4,1,0,26.7,38.02,1,Yes,1,Right_Discount,0,Technical Error
1466,49,Female,Mobile,13.5,2,11,1,0,19.4,25.81,1,Yes,0,Others,5,Interested
1467,46,Male,Mobile,22.06,1,11,1,1,24.75,25.55,0,No,0,Others,0,Not Interested
1468,20,Unknown,Desktop,21.11,3,12,1,0,17.26,26.01,1,Yes,0,Others,0,Technical Error
1469,57,Male,Mobile,6.93,4,2,1,1,4.03,26.63,1,Yes,1,Right_Discount,5,Interested
1470,51,Male,Desktop,2.7,17,12,0,0,2.52,28.23,1,Yes,0,Others,4,Interested
1471,57,Female,Tablet,16.83,18,2,0,0,22.71,85.13,1,Yes,1,Right_Discount,6,Interested
1472,44,Female,Unknown,21.31,17,3,0,1,16.01,3.91,1,Yes,1,Right_Discount,4,Interested
1473,30,Female,Mobile,29.95,19,14,1,0,40.74,98.89,1,Yes,0,Others,7,Interested
1474,50,Male,Desktop,11.4,4,12,0,0,7.54,28.15,1,Yes,0,Others,1,Interested
1475,23,Female,Mobile,26.99,17,10,1,1,17,2.79,1,Yes,0,Others,5,Interested
1476,41,Male,Mobile,12.08,2,9,1,0,13.36,17.52,1,Yes,0,Others,4,Interested
1477,36,Male,Mobile,20.99,10,1,1,0,27.38,94.19,1,Yes,0,Others,9,Interested
1478,33,Male,Mobile,18.35,12,12,0,1,23.49,99.75,1,Yes,0,Others,1,Interested
1479,57,Male,Tablet,2.54,13,8,0,1,2.65,24.68,1,Yes,0,Others,6,Interested
1480,45,Male,Mobile,3.27,11,12,0,1,3.72,22.54,1,Yes,1,Right_Discount,3,Interested
1481,50,Male,Mobile,1.6,8,11,0,1,1.21,83.61,1,Yes,0,Others,5,Interested
1482,58,Female,Tablet,11.75,5,3,0,1,12.35,91.42,1,Yes,0,Others,4,Interested
1483,30,Female,Mobile,22.63,2,9,0,1,16.02,65.04,1,Yes,0,Others,3,Interested
1484,42,Female,Desktop,6.01,12,2,0,1,8.58,93.58,1,Yes,1,Right_Discount,1,Interested
1485,59,Female,Mobile,18.57,2,9,1,1,21.88,95,1,Yes,0,Others,6,Interested
1486,53,Male,Mobile,9.38,6,10,1,0,9.99,75.97,1,Yes,0,Others,4,Interested
1487,44,Male,Tablet,24.11,19,6,0,0,18.01,34.87,1,Yes,1,Right_Discount,2,Interested
1488,55,Female,Mobile,24.15,12,12,1,1,21.95,14.95,0,No,0,Others,5,Not Interested
1489,24,Female,Mobile,23.49,13,8,1,0,30.07,51.77,1,Yes,0,Others,7,Interested
1490,22,Female,Mobile,16.22,17,11,1,1,11.99,28.96,1,Yes,0,Others,9,Interested
1491,48,Female,Mobile,9.25,12,12,1,1,5.82,11.85,1,Yes,1,Right_Discount,9,Interested
1492,40,Female,Mobile,24.47,3,1,1,0,19.76,39.4,1,Yes,1,Right_Discount,1,Interested
1493,59,Female,Mobile,6.4,8,13,1,1,8.28,47.98,1,Yes,1,Right_Discount,9,Interested
1494,27,Female,Mobile,9.4,16,5,0,0,13,66.2,1,Yes,1,Right_Discount,3,Interested
1495,49,Female,Desktop,6.33,4,4,1,1,5.79,22.11,1,Yes,1,Right_Discount,2,Interested
1496,47,Male,Mobile,20.55,13,0,1,1,26.33,86.85,1,Yes,1,Right_Discount,6,Interested
1497,56,Male,Mobile,20.9,8,10,0,0,17.39,18.54,1,Yes,0,Others,9,Interested
1498,48,Male,Mobile,19.92,1,6,0,1,20.1,99.72,1,Yes,1,Right_Discount,7,Interested
1499,35,Male,Tablet,13.05,3,0,0,1,6.79,55.69,1,Yes,0,Others,7,Interested
1500,53,Female,Tablet,3.9,1,9,1,0,4.73,14.68,1,Yes,1,Right_Discount,3,Interested
1501,19,Male,Desktop,27.42,15,8,0,1,33.42,83.44,1,Yes,0,Others,9,Interested
1502,31,Female,Desktop,15.72,18,3,1,1,9.44,25.37,1,Yes,0,Others,1,Interested
1503,30,Male,Mobile,12.8,3,13,1,0,10.99,18.83,1,Yes,1,Right_Discount,5,Interested
1504,46,Female,Mobile,18.08,15,7,1,1,17.78,13.48,1,Yes,0,Others,2,Interested
1505,29,Female,Desktop,6.59,5,0,0,1,8.4,55.09,1,Yes,1,Right_Discount,7,Interested
1506,56,Male,Desktop,4.84,10,4,1,0,6.41,87.93,1,Yes,0,Others,2,Interested
1507,19,Male,Mobile,12.76,7,2,0,1,15.56,89.71,1,Yes,0,Others,1,Interested
1508,49,Female,Mobile,7.59,8,3,1,1,5.43,78.56,1,Yes,1,Right_Discount,8,Interested
1509,30,Female,Tablet,8.08,3,11,1,1,6.92,58.14,1,Yes,0,Others,8,Interested
1510,44,Female,Desktop,26.88,18,3,0,1,20.09,52.99,1,Yes,0,Others,8,Interested
1511,58,Male,Unknown,16.39,17,7,1,1,18.64,37.38,1,Yes,0,Others,2,Interested
1512,34,Male,Desktop,15.02,16,9,1,0,17.23,4.41,1,Yes,1,Right_Discount,1,Interested
0,57,Female,Mobile,20.99,13,9,1,0,10.83,83.66,1,Yes,0,Others,3,Interested
1514,48,Male,Mobile,28.59,4,12,1,1,35.21,99.95,1,Yes,0,Others,1,Interested
1515,51,Female,Mobile,4.25,3,2,0,1,3.1,92.08,1,Yes,1,Right_Discount,7,Interested
1516,41,Male,Mobile,25.17,11,0,1,1,32.76,93.3,1,Yes,0,Others,9,Interested
1517,52,Male,Mobile,17.94,2,4,0,1,23.91,33.32,1,Yes,0,Others,0,Technical Error
1518,23,Male,Desktop,0,18,1,1,0,6.8,9.93,1,Yes,1,Right_Discount,1,Interested
1519,36,Male,Mobile,9.62,4,12,1,1,8.74,87.16,1,Yes,0,Others,5,Interested
1520,47,Male,Mobile,14.99,17,10,0,0,12.72,76.38,1,Yes,0,Others,8,Interested
1521,24,Female,Mobile,21.04,6,12,0,1,19.67,39.04,1,Yes,1,Right_Discount,9,Interested
1522,27,Female,Mobile,8.04,10,14,0,1,8.26,83.36,1,Yes,1,Right_Discount,4,Interested
1523,58,Male,Desktop,0,11,13,0,1,12.38,13.87,1,Yes,1,Right_Discount,4,Interested
1524,49,Female,Desktop,20.86,5,5,0,1,29.86,65.11,1,Yes,0,Others,2,Interested
1525,0,Female,Tablet,14.01,18,3,1,1,14.07,95.34,1,Yes,0,Others,7,Interested
1526,45,Male,Tablet,26.03,10,8,1,1,14.92,91.04,1,Yes,0,Others,5,Interested
1527,32,Female,Mobile,26.21,9,6,0,0,39.24,76.08,1,Yes,0,Others,9,Interested
1528,0,Male,Mobile,14.65,16,1,0,0,14.42,0,1,Yes,0,Others,1,Interested
1529,54,Female,Desktop,29.21,10,6,0,0,42.27,10.26,1,Yes,0,Others,4,Interested
1530,46,Female,Tablet,3.19,10,9,0,1,2.84,32.47,1,Yes,0,Others,3,Interested
1531,39,Female,Desktop,1.1,4,13,1,1,0.8,61.74,1,Yes,0,Others,9,Interested
1532,21,Female,Desktop,12.04,14,7,1,0,14.89,31.65,1,Yes,0,Others,8,Interested
1533,37,Female,Desktop,18.43,8,2,1,0,17.19,41.31,1,Yes,0,Others,3,Interested
1534,49,Female,Mobile,19.25,1,2,1,0,26.59,40.36,1,Yes,1,Right_Discount,7,Interested
1535,53,Female,Mobile,14.82,16,10,1,1,14.29,33.58,1,Yes,0,Others,0,Technical Error
1536,21,Male,Desktop,4.62,17,1,1,1,3.87,92.35,1,Yes,1,Right_Discount,4,Interested
1537,44,Male,Desktop,5.94,10,11,0,1,8.71,32,1,Yes,0,Others,8,Interested
1538,34,Male,Mobile,25.71,6,14,0,0,0,99.35,1,Yes,1,Right_Discount,2,Interested
1539,29,Male,Mobile,26.17,7,0,1,1,18.47,20.93,1,Yes,1,Right_Discount,5,Interested
1540,39,Female,Mobile,20.54,18,2,1,1,20.31,87.26,1,Yes,1,Right_Discount,9,Interested
1541,34,Female,Mobile,20.26,2,9,1,0,12.43,73.23,1,Yes,0,Others,5,Interested
1542,27,Female,Tablet,18.33,9,11,0,0,11.14,66.88,1,Yes,0,Others,5,Interested
1543,18,Male,Mobile,6.88,5,10,0,0,9.31,44.53,1,Yes,1,Right_Discount,3,Interested
1544,39,Male,Mobile,13.42,8,6,0,1,19.22,81.66,1,Yes,0,Others,6,Interested
1545,43,Male,Mobile,21.18,5,10,0,0,26.24,49.22,1,Yes,1,Right_Discount,2,Interested
1546,35,Female,Desktop,16.58,15,8,0,1,24.69,13.55,1,Yes,0,Others,5,Interested
1547,31,Male,Mobile,1.54,8,13,1,1,0.84,28.05,1,Yes,1,Right_Discount,9,Interested
1548,46,Female,Mobile,28.65,5,8,1,1,23.82,18.24,1,Yes,1,Right_Discount,4,Interested
1549,29,Male,Mobile,25.5,5,12,1,1,16.12,56.96,1,Yes,1,Right_Discount,2,Interested
1550,53,Female,Mobile,8.56,17,5,0,1,10.97,65.54,1,Yes,1,Right_Discount,1,Interested
1551,52,Male,Mobile,18.88,9,13,0,0,26.25,33.59,1,Yes,1,Right_Discount,0,Technical Error
1552,29,Female,Mobile,27.77,2,14,0,0,26.3,0,1,Yes,0,Others,7,Interested
1553,24,Male,Tablet,3.78,1,5,0,0,5.02,65.87,1,Yes,0,Others,0,Technical Error
1554,46,Male,Mobile,15.59,11,10,0,0,21.01,6.2,1,Yes,1,Right_Discount,4,Interested
1555,28,Female,Mobile,14.23,15,4,1,1,9.1,96.57,1,Yes,0,Others,4,Interested
1556,50,Female,Desktop,12.9,1,14,1,0,11.31,88.73,1,Yes,0,Others,0,Technical Error
1557,23,Male,Mobile,25.23,7,1,0,1,17.36,83.09,1,Yes,1,Right_Discount,8,Interested
1558,32,Female,Desktop,12.04,19,6,1,0,14.09,36.75,1,Yes,0,Others,4,Interested
1559,49,Male,Mobile,2.85,15,0,0,1,2.53,74.5,1,Yes,0,Others,8,Interested
1560,28,Female,Mobile,2.91,6,5,0,1,3.4,4.59,1,Yes,1,Right_Discount,5,Interested
1561,40,Male,Desktop,2.24,10,13,0,1,3.08,8.96,1,Yes,0,Others,6,Interested
1562,43,Female,Tablet,12.87,12,3,0,0,11.75,49.45,1,Yes,1,Right_Discount,6,Interested
1563,51,Male,Unknown,21.83,13,2,0,1,32.13,58.68,1,Yes,1,Right_Discount,1,Interested
1564,51,Male,Mobile,6.91,15,14,1,0,6.28,76.7,1,Yes,0,Others,4,Interested
1565,46,Male,Mobile,19.75,19,10,1,1,14.1,29.77,1,Yes,1,Right_Discount,1,Interested
1566,21,Female,Tablet,20.93,17,12,1,1,21.54,54.26,1,Yes,0,Others,3,Interested
1567,34,Male,Tablet,8.4,13,0,1,1,7.55,6.25,1,Yes,1,Right_Discount,2,Interested
1568,52,Unknown,Mobile,18.42,2,13,0,0,11.51,47.09,1,Yes,1,Right_Discount,5,Interested
1569,30,Female,Mobile,20.86,18,5,1,1,10.91,67.13,1,Yes,1,Right_Discount,4,Interested
1570,58,Unknown,Mobile,14.53,11,12,0,0,18.08,98.96,1,Yes,1,Right_Discount,0,Technical Error
1571,56,Male,Mobile,10.76,5,6,0,0,15.42,76.8,1,Yes,0,Others,1,Interested
1572,32,Female,Mobile,18.96,4,10,0,0,17.83,99.55,1,Yes,0,Others,6,Interested
1573,0,Female,Mobile,29.36,2,0,1,1,16.6,49.79,1,Yes,0,Others,8,Interested
1574,46,Female,Desktop,13.38,16,10,0,1,16.6,43.3,1,Yes,0,Others,0,Technical Error
1575,28,Male,Tablet,12.36,7,0,1,0,16.9,83.42,1,Yes,0,Others,3,Interested
1576,49,Female,Tablet,14.46,8,6,0,0,11.91,46.24,1,Yes,0,Others,2,Interested
1577,19,Female,Mobile,3.21,8,10,0,1,2.32,75.61,1,Yes,1,Right_Discount,4,Interested
1578,31,Female,Mobile,17.04,2,11,0,1,14.26,99.45,1,Yes,0,Others,4,Interested
1579,37,Female,Desktop,10.53,15,5,1,1,14.83,72.46,1,Yes,0,Others,9,Interested
1580,39,Male,Mobile,4.52,5,6,0,1,4.15,1.43,1,Yes,0,Others,9,Interested
1581,28,Male,Desktop,14.52,19,14,1,1,16.76,18.03,1,Yes,0,Others,1,Interested
1582,44,Female,Mobile,1.1,10,12,1,0,0.63,27.63,1,Yes,0,Others,4,Interested
1583,20,Female,Mobile,12.65,9,7,0,1,9.89,82.21,1,Yes,0,Others,3,Interested
1584,34,Female,Mobile,4.07,8,7,0,0,2.96,93.21,1,Yes,0,Others,0,Technical Error
1585,45,Female,Mobile,1.7,5,8,1,1,0.96,64.97,1,Yes,0,Others,0,Technical Error
1586,46,Male,Desktop,24.91,19,12,1,1,15.46,8.8,1,Yes,1,Right_Discount,0,Technical Error
1587,38,Male,Mobile,27.57,13,8,0,1,25.27,49.95,1,Yes,0,Others,7,Interested
1588,33,Male,Mobile,7.02,14,6,1,0,7.43,85.9,1,Yes,1,Right_Discount,2,Interested
0,54,Male,Mobile,16.64,8,8,0,0,13.51,36.22,1,Yes,0,Others,8,Interested
1590,37,Female,Desktop,9.06,16,5,0,0,8.33,6.53,1,Yes,0,Others,9,Interested
1591,23,Female,Mobile,15.31,5,8,0,0,19.28,77.96,1,Yes,0,Others,1,Interested
1592,36,Male,Mobile,13.66,1,10,0,1,10.21,65.71,1,Yes,0,Others,8,Interested
1593,22,Male,Mobile,8.8,19,1,0,1,4.7,46.7,1,Yes,0,Others,8,Interested
1594,20,Female,Mobile,21.31,19,10,1,1,16.13,84.98,1,Yes,0,Others,3,Interested
1595,18,Female,Mobile,4.67,17,1,0,1,6.64,84.97,1,Yes,0,Others,3,Interested
1596,55,Female,Desktop,2.54,10,13,1,1,1.32,70.1,1,Yes,0,Others,3,Interested
1597,32,Female,Mobile,23.26,5,5,0,0,14.63,94.23,1,Yes,1,Right_Discount,0,Technical Error
1598,51,Female,Mobile,20.31,7,2,0,1,11.48,45.39,1,Yes,1,Right_Discount,4,Interested
1599,52,Male,Desktop,15.46,16,1,1,0,13.56,72.89,1,Yes,1,Right_Discount,5,Interested
1600,42,Male,Mobile,14.57,3,7,1,0,16.72,83.07,1,Yes,0,Others,3,Interested
1601,41,Female,Mobile,15.42,12,6,1,0,21.75,63.56,1,Yes,0,Others,7,Interested
1602,0,Female,Mobile,13.67,14,7,0,0,17.69,55.31,1,Yes,0,Others,2,Interested
1603,35,Male,Mobile,12.39,1,5,1,0,9.3,73.2,1,Yes,1,Right_Discount,8,Interested
1604,32,Female,Desktop,15.49,7,8,1,0,17.58,35.45,1,Yes,1,Right_Discount,6,Interested
1605,33,Male,Desktop,16.33,18,8,1,1,19.01,36.64,1,Yes,0,Others,7,Interested
1606,44,Male,Desktop,21.07,4,1,1,1,12.44,97.66,1,Yes,1,Right_Discount,6,Interested
0,25,Male,Desktop,21.63,16,9,1,1,20.05,11.88,1,Yes,1,Right_Discount,8,Interested
1608,42,Male,Mobile,11.95,11,4,0,1,9.69,84.2,1,Yes,0,Others,1,Interested
1609,34,Female,Mobile,12.99,18,8,1,0,8.54,78.87,1,Yes,1,Right_Discount,3,Interested
1610,46,Female,Mobile,11.84,16,2,0,1,6.61,5.42,1,Yes,1,Right_Discount,1,Interested
1611,25,Male,Mobile,0,7,4,0,0,8.73,70.35,1,Yes,0,Others,7,Interested
1612,32,Female,Tablet,14.15,3,14,1,0,19.23,9.39,1,Yes,1,Right_Discount,1,Interested
1613,44,Female,Desktop,26.8,5,7,1,1,22.26,21.05,1,Yes,0,Others,7,Interested
1614,24,Female,Mobile,21.19,18,1,0,0,21.04,95.82,1,Yes,0,Others,5,Interested
1615,20,Female,Mobile,27.06,17,14,0,1,21.42,36.22,1,Yes,0,Others,6,Interested
1616,46,Unknown,Mobile,21.56,1,5,1,1,14.36,5.68,1,Yes,0,Others,5,Interested
1617,41,Female,Mobile,29.16,16,10,0,1,22.2,52.12,1,Yes,1,Right_Discount,8,Interested
0,20,Male,Mobile,19.44,15,3,0,1,13.02,20.64,1,Yes,1,Right_Discount,3,Interested
1619,37,Male,Mobile,28.94,13,11,0,1,36.4,42.63,1,Yes,0,Others,0,Technical Error
1620,32,Female,Desktop,5.59,7,14,0,1,7.87,10.17,1,Yes,1,Right_Discount,8,Interested
1621,42,Male,Desktop,2.52,3,14,0,1,2.35,9.6,1,Yes,0,Others,9,Interested
1622,0,Female,Mobile,17.79,13,13,1,1,23.53,50.41,1,Yes,1,Right_Discount,7,Interested
1623,31,Female,Mobile,29.52,16,11,0,0,0,33.59,1,Yes,0,Others,0,Technical Error
1624,24,Male,Mobile,13.11,1,5,0,1,12.41,15.53,0,No,0,Others,9,Not Interested
1625,34,Female,Desktop,7.15,1,2,1,0,7.04,58.04,1,Yes,0,Others,5,Interested
1626,37,Male,Desktop,16.12,16,5,1,0,21.28,6.22,1,Yes,0,Others,9,Interested
1627,53,Male,Tablet,19.82,2,6,0,1,28.47,75.27,1,Yes,0,Others,3,Interested
1628,26,Female,Mobile,10.14,18,9,0,1,12.62,5.13,1,Yes,0,Others,1,Interested
1629,55,Female,Desktop,21.73,18,2,0,1,30.17,97.04,1,Yes,0,Others,2,Interested
1630,39,Female,Mobile,29.28,5,4,1,1,33.46,73.56,1,Yes,0,Others,8,Interested
1631,19,Male,Mobile,27.01,5,12,0,1,36.17,89.72,1,Yes,1,Right_Discount,4,Interested
1632,41,Female,Mobile,9.46,8,11,0,0,10,43.99,1,Yes,1,Right_Discount,6,Interested
1633,25,Male,Mobile,10.47,9,7,0,1,13.33,5.81,1,Yes,1,Right_Discount,1,Interested
1634,28,Male,Desktop,11.77,14,14,1,1,14.19,22.94,1,Yes,1,Right_Discount,7,Interested
1635,30,Female,Mobile,12.44,13,0,1,0,15.54,97.11,1,Yes,1,Right_Discount,2,Interested
1636,34,Female,Mobile,3.91,18,6,1,0,2.87,61.89,1,Yes,1,Right_Discount,0,Technical Error
1637,25,Female,Mobile,23.1,4,12,1,0,15.1,22.79,1,Yes,1,Right_Discount,7,Interested
1638,38,Male,Mobile,11.59,18,0,1,0,13.36,48.28,1,Yes,1,Right_Discount,8,Interested
1639,35,Female,Mobile,0,15,6,0,0,26.06,31.74,1,Yes,0,Others,7,Interested
1640,47,Male,Mobile,27.88,7,0,1,1,35.26,48.97,1,Yes,1,Right_Discount,0,Technical Error
1641,35,Female,Mobile,1.71,13,3,1,1,1.11,83.66,1,Yes,1,Right_Discount,6,Interested
1642,48,Female,Mobile,29.67,2,14,0,0,42.95,22.26,1,Yes,1,Right_Discount,6,Interested
1643,55,Male,Tablet,21.59,9,3,0,0,26,39.91,1,Yes,1,Right_Discount,3,Interested
1644,49,Male,Mobile,16.09,5,11,0,1,8.41,44.61,1,Yes,0,Others,7,Interested
1645,28,Female,Mobile,12.3,1,4,0,0,13.24,58.71,1,Yes,0,Others,4,Interested
1646,42,Female,Mobile,16.04,19,1,0,0,13.03,7.77,1,Yes,1,Right_Discount,3,Interested
1647,0,Female,Desktop,10.41,19,13,0,0,8.06,20.7,1,Yes,1,Right_Discount,4,Interested
1648,55,Female,Desktop,19.06,13,13,1,0,26.73,39.78,1,Yes,0,Others,1,Interested
1649,58,Female,Mobile,3.7,6,11,1,1,4.94,80.93,1,Yes,0,Others,3,Interested
1650,25,Male,Mobile,19.01,10,10,1,0,9.69,18.68,0,No,0,Others,9,Not Interested
1651,28,Male,Desktop,8.99,11,11,0,0,6.13,88.15,1,Yes,1,Right_Discount,7,Interested
1652,39,Male,Desktop,1.51,16,14,0,0,1.84,33.92,1,Yes,0,Others,6,Interested
1653,41,Male,Desktop,17.03,1,5,1,0,22.96,25.38,1,Yes,0,Others,7,Interested
1654,58,Female,Desktop,17.77,19,5,1,0,21.64,40.94,1,Yes,0,Others,6,Interested
0,34,Male,Desktop,13.37,5,13,0,1,13.71,55.37,1,Yes,0,Others,6,Interested
1656,29,Male,Mobile,3.1,6,7,1,1,4.6,73.4,1,Yes,0,Others,6,Interested
1657,49,Male,Mobile,26.91,6,12,0,1,34.91,47.69,1,Yes,0,Others,0,Technical Error
1658,32,Female,Desktop,18.73,5,9,0,1,18.13,81.8,1,Yes,1,Right_Discount,2,Interested
1659,33,Male,Desktop,4.36,6,11,0,1,4.72,81.87,1,Yes,1,Right_Discount,0,Technical Error
1660,39,Female,Mobile,15.82,13,0,0,0,8.62,0.17,1,Yes,0,Others,1,Interested
1661,45,Male,Tablet,15.42,1,3,1,0,22.59,79.16,1,Yes,0,Others,9,Interested
1662,37,Female,Mobile,2.75,1,11,1,1,2.37,44.28,1,Yes,0,Others,5,Interested
1663,50,Male,Mobile,18.6,14,1,1,1,21.6,96.71,1,Yes,1,Right_Discount,1,Interested
1664,27,Female,Desktop,24.44,8,10,1,0,28.52,0,1,Yes,1,Right_Discount,0,Technical Error
1665,57,Male,Mobile,22.72,9,7,0,1,12.65,38.4,1,Yes,1,Right_Discount,7,Interested
1666,49,Female,Mobile,6.89,10,11,1,1,5.28,63.46,1,Yes,1,Right_Discount,8,Interested
1667,50,Female,Mobile,26.01,6,3,1,1,30.07,19.42,1,Yes,0,Others,6,Interested
1668,19,Male,Mobile,10.93,9,13,0,1,15.43,29.03,1,Yes,1,Right_Discount,2,Interested
1669,50,Female,Mobile,28.45,18,7,0,0,36.38,20.21,1,Yes,0,Others,0,Technical Error
1670,50,Female,Mobile,3.08,15,12,1,1,3.33,75.12,1,Yes,0,Others,3,Interested
1671,0,Male,Mobile,15.1,4,1,0,1,11.06,0.82,1,Yes,0,Others,9,Interested
1672,30,Male,Tablet,18.32,2,12,0,1,26.54,40.73,1,Yes,0,Others,2,Interested
1673,47,Female,Tablet,8.18,6,13,0,1,7.39,83.76,1,Yes,0,Others,2,Interested
1674,50,Male,Mobile,23.37,17,3,0,0,15.19,70.91,1,Yes,0,Others,1,Interested
1675,30,Male,Desktop,19.18,7,11,0,0,10.01,42.18,1,Yes,0,Others,9,Interested
1676,0,Male,Mobile,1.53,15,8,0,0,2.22,63.3,1,Yes,0,Others,2,Interested
1677,39,Female,Mobile,18.64,2,4,0,0,23.82,0,1,Yes,1,Right_Discount,4,Interested
1678,56,Female,Mobile,15.25,12,5,0,0,10.92,84.4,1,Yes,0,Others,3,Interested
1679,19,Female,Tablet,6.68,10,9,1,0,4.29,57.26,1,Yes,1,Right_Discount,0,Technical Error
1680,55,Female,Tablet,29.88,17,14,1,1,43.61,63.26,1,Yes,0,Others,0,Technical Error
1681,56,Female,Mobile,27.02,18,14,0,0,20.02,98.86,1,Yes,0,Others,0,Technical Error
1682,43,Female,Mobile,9.48,16,14,1,0,9.12,77.01,1,Yes,0,Others,9,Interested
1683,32,Female,Mobile,16.69,10,11,0,1,18.54,28.6,1,Yes,0,Others,8,Interested
1684,51,Male,Mobile,10.18,8,8,0,1,0,77.3,1,Yes,0,Others,8,Interested
1685,59,Female,Mobile,23.49,13,8,1,0,19.84,92.85,1,Yes,1,Right_Discount,8,Interested
1686,57,Female,Mobile,27.98,16,6,1,0,40.39,29.51,1,Yes,0,Others,9,Interested
1687,28,Male,Desktop,11.41,8,10,0,1,13.7,81.73,1,Yes,1,Right_Discount,3,Interested
0,20,Male,Mobile,24.36,12,1,0,1,21.14,23.78,1,Yes,0,Others,3,Interested
1689,23,Male,Tablet,15.45,17,6,0,1,19.96,43.4,1,Yes,1,Right_Discount,9,Interested
1690,26,Female,Desktop,12.5,16,8,0,1,16.71,0,1,Yes,0,Others,6,Interested
1691,23,Unknown,Mobile,28.21,9,1,1,1,18.39,24.35,1,Yes,1,Right_Discount,2,Interested
1692,26,Female,Desktop,15.8,19,6,1,1,17.17,18.73,1,Yes,0,Others,9,Interested
1693,56,Female,Desktop,14.55,17,11,1,1,12.61,46.25,1,Yes,1,Right_Discount,2,Interested
1694,48,Female,Mobile,20.5,8,6,1,1,20.64,78.32,0,No,1,Low_Discount,3,Not Interested
1695,49,Male,Mobile,8.58,12,2,0,0,8.31,59.59,1,Yes,0,Others,5,Interested
1696,58,Male,Tablet,10.42,9,5,1,1,10.46,70.12,1,Yes,0,Others,0,Technical Error
1697,29,Female,Mobile,28.03,6,7,1,1,28.65,68.93,1,Yes,0,Others,2,Interested
1698,25,Female,Mobile,20.68,10,9,1,0,11.77,54.45,1,Yes,1,Right_Discount,4,Interested
1699,25,Female,Mobile,24.97,9,7,0,1,16.92,31.56,1,Yes,0,Others,3,Interested
1700,45,Male,Desktop,8.86,4,13,0,1,9.45,42.17,1,Yes,0,Others,7,Interested
1701,37,Female,Desktop,0,11,2,0,1,24.08,38.06,1,Yes,1,Right_Discount,8,Interested
1702,24,Male,Tablet,29.17,6,5,0,0,36.36,7.91,1,Yes,0,Others,7,Interested
1703,28,Female,Mobile,10.24,0,1,0,1,7.56,89.85,1,Yes,0,Others,8,Interested
1704,37,Male,Unknown,5.65,4,13,1,0,4.87,64.19,1,Yes,0,Others,7,Interested
1705,0,Female,Mobile,15.82,12,1,1,1,13.22,85.72,1,Yes,0,Others,9,Interested
1706,21,Male,Desktop,12.25,9,12,1,0,15.55,77.61,1,Yes,1,Right_Discount,0,Technical Error
1707,23,Male,Mobile,5.63,15,7,1,0,8.29,6.83,1,Yes,0,Others,6,Interested
1708,39,Male,Mobile,26.77,9,10,0,1,22.9,21.63,1,Yes,1,Right_Discount,8,Interested
1709,43,Male,Mobile,29.73,6,9,0,0,15.3,95.07,1,Yes,0,Others,0,Technical Error
1710,20,Male,Mobile,17.49,11,4,0,0,25.13,46.19,1,Yes,1,Right_Discount,9,Interested
1711,58,Male,Desktop,23.47,7,4,0,0,0,81.19,1,Yes,1,Right_Discount,0,Technical Error
1712,59,Female,Desktop,25.91,14,10,1,0,34.57,57.55,1,Yes,0,Others,9,Interested
1713,31,Female,Tablet,21.33,16,3,0,0,15.12,82.36,1,Yes,0,Others,1,Interested
1714,28,Female,Mobile,2.28,15,10,1,1,2.61,73.46,1,Yes,0,Others,4,Interested
1715,35,Female,Tablet,5.57,9,9,0,1,4.08,27.97,1,Yes,1,Right_Discount,7,Interested
1716,29,Male,Desktop,3.06,19,3,1,1,1.57,99.12,1,Yes,1,Right_Discount,7,Interested
1717,40,Female,Mobile,1.29,12,7,0,0,0.85,49.05,1,Yes,0,Others,9,Interested
1718,29,Male,Tablet,9.87,11,2,1,1,14.04,58.5,1,Yes,1,Right_Discount,3,Interested
1719,30,Male,Mobile,12.38,8,10,1,0,8.86,54.04,1,Yes,0,Others,6,Interested
1720,42,Male,Desktop,7.99,3,2,1,0,8.67,88.52,1,Yes,0,Others,6,Interested
1721,36,Female,Desktop,2.87,19,7,0,0,4.21,27.99,1,Yes,0,Others,8,Interested
1722,53,Male,Desktop,16.37,3,2,0,0,9.42,6.17,1,Yes,0,Others,8,Interested
1723,25,Female,Mobile,8.93,3,11,0,0,11.68,42.81,1,Yes,1,Right_Discount,2,Interested
1724,46,Female,Mobile,24.09,6,1,1,0,26.44,91.83,1,Yes,0,Others,7,Interested
1725,49,Female,Mobile,1.23,11,12,1,1,1.01,43.93,1,Yes,1,Right_Discount,4,Interested
1726,35,Female,Mobile,25.43,14,10,1,0,21.98,27.76,1,Yes,0,Others,4,Interested
1727,23,Female,Desktop,28.69,2,12,1,1,15.12,61.85,1,Yes,0,Others,7,Interested
1728,35,Male,Desktop,21.77,12,12,0,1,16.45,73.75,1,Yes,0,Others,5,Interested
1729,36,Male,Tablet,0,16,4,1,0,20.57,46.28,1,Yes,1,Right_Discount,9,Interested
1730,39,Female,Mobile,28.07,3,10,0,0,34.16,38,1,Yes,0,Others,9,Interested
1731,54,Male,Desktop,7.06,16,2,1,0,5.47,36.45,1,Yes,0,Others,0,Technical Error
1732,49,Female,Tablet,29.84,10,5,0,1,32.24,42.13,1,Yes,1,Right_Discount,3,Interested
1733,58,Male,Desktop,23.43,5,10,1,0,28.86,84.27,1,Yes,1,Right_Discount,8,Interested
1734,20,Male,Mobile,22.07,13,6,1,0,26.45,48.26,1,Yes,1,Right_Discount,4,Interested
1735,45,Male,Mobile,11.47,12,2,0,1,12.51,31.44,1,Yes,0,Others,3,Interested
1736,27,Male,Mobile,16.83,1,8,0,1,18.18,18.23,1,Yes,0,Others,9,Interested
1737,52,Male,Desktop,19.96,11,9,1,0,24.38,28.26,1,Yes,0,Others,0,Technical Error
1738,46,Male,Desktop,18.99,19,0,1,0,15.87,46.27,1,Yes,0,Others,8,Interested
1739,32,Male,Tablet,21.44,15,13,1,1,20.37,54.78,1,Yes,1,Right_Discount,7,Interested
1740,50,Male,Mobile,3.39,18,6,0,0,4.97,62.15,1,Yes,1,Right_Discount,2,Interested
1741,24,Male,Unknown,11.31,16,3,0,1,13.22,7.14,1,Yes,1,Right_Discount,8,Interested
1742,29,Male,Desktop,13.59,7,6,0,0,13.86,61.32,1,Yes,1,Right_Discount,0,Technical Error
1743,47,Male,Desktop,8.56,10,8,0,1,9.23,35.2,1,Yes,1,Right_Discount,3,Interested
1744,38,Male,Tablet,6.01,16,8,0,0,3.63,25.7,1,Yes,1,Right_Discount,4,Interested
1745,48,Male,Desktop,5.03,17,0,1,1,5.49,33.11,1,Yes,0,Others,3,Interested
1746,41,Female,Mobile,11.63,7,9,1,0,15.54,78.45,1,Yes,0,Others,3,Interested
1747,37,Male,Desktop,15.31,11,12,0,1,15.67,80.33,1,Yes,1,Right_Discount,8,Interested
1748,54,Male,Desktop,2.83,17,11,1,1,1.92,10.38,1,Yes,1,Right_Discount,4,Interested
1749,21,Male,Mobile,28.45,5,3,0,0,26.98,49.47,1,Yes,0,Others,0,Technical Error
1750,45,Male,Mobile,23.19,1,6,0,1,18.04,52.95,1,Yes,1,Right_Discount,6,Interested
1751,37,Male,Mobile,22.19,3,9,0,0,19.08,3.02,1,Yes,0,Others,5,Interested
1752,41,Male,Mobile,6.01,16,5,0,1,4.36,71.71,1,Yes,0,Others,8,Interested
1753,49,Female,Desktop,18.51,15,14,0,1,0,36.68,1,Yes,1,Right_Discount,3,Interested
1754,58,Female,Mobile,16.36,4,8,1,0,21.62,41.8,1,Yes,1,Right_Discount,9,Interested
1755,53,Female,Mobile,29.49,12,12,0,1,37.09,60.99,1,Yes,0,Others,5,Interested
1756,51,Male,Unknown,22.68,1,6,1,0,22.47,46.89,1,Yes,0,Others,0,Technical Error
1757,53,Male,Mobile,17.7,17,14,1,0,22.7,74.79,1,Yes,1,Right_Discount,6,Interested
1758,19,Male,Mobile,25.67,15,2,0,0,37.88,59.59,1,Yes,0,Others,0,Technical Error
1759,32,Female,Desktop,5.5,10,6,1,0,4.98,22.6,1,Yes,1,Right_Discount,8,Interested
1760,51,Male,Mobile,1.44,11,9,1,1,0,87.05,1,Yes,0,Others,0,Technical Error
1761,53,Male,Mobile,21.02,18,13,0,0,15.68,21.58,0,No,1,Low_Discount,0,Not Interested
1762,23,Female,Mobile,3.85,2,4,1,1,5.6,71.35,1,Yes,0,Others,2,Interested
1763,56,Female,Mobile,4.35,6,13,1,1,5.94,79.22,1,Yes,1,Right_Discount,8,Interested
1764,59,Male,Mobile,22.6,16,1,1,1,15.8,68.83,1,Yes,1,Right_Discount,4,Interested
1765,29,Male,Mobile,8.85,7,9,1,1,7.52,42.18,1,Yes,1,Right_Discount,0,Technical Error
1766,20,Male,Desktop,19.23,19,2,0,0,23.23,87.8,1,Yes,1,Right_Discount,4,Interested
1767,35,Male,Desktop,27.6,12,5,0,0,19.09,32.77,1,Yes,1,Right_Discount,5,Interested
1768,57,Female,Mobile,10.18,18,12,1,0,11.1,68.71,1,Yes,0,Others,3,Interested
1769,38,Male,Mobile,7.3,10,5,0,0,7.55,87.77,1,Yes,0,Others,6,Interested
1770,32,Male,Tablet,4.09,0,6,1,1,3.24,15.54,1,Yes,1,Right_Discount,2,Interested
1771,50,Female,Desktop,4.78,4,5,1,1,3.83,65.26,1,Yes,0,Others,4,Interested
1772,52,Male,Mobile,2.8,17,8,1,0,2.85,90.1,1,Yes,0,Others,5,Interested
1773,43,Male,Desktop,3.54,17,13,0,0,2.83,10.31,1,Yes,1,Right_Discount,6,Interested
1774,25,Female,Desktop,13.53,4,4,0,0,9.2,14.58,1,Yes,0,Others,9,Interested
1775,53,Female,Desktop,10.31,5,14,1,1,13.13,37.83,1,Yes,0,Others,1,Interested
1776,47,Male,Mobile,21.49,1,4,0,0,23.25,99.43,1,Yes,0,Others,4,Interested
1777,40,Female,Mobile,26.24,19,7,0,1,24.6,22.39,1,Yes,1,Right_Discount,6,Interested
1778,59,Unknown,Unknown,23.76,11,7,0,0,16.19,32.47,1,Yes,0,Others,6,Interested
1779,31,Male,Tablet,16.39,1,0,0,0,17.94,83.51,1,Yes,0,Others,2,Interested
1780,31,Female,Desktop,3.97,8,2,1,1,4.48,13.07,1,Yes,1,Right_Discount,7,Interested
1781,19,Male,Mobile,21.58,4,12,1,1,21.14,99.62,0,No,0,Others,0,Not Interested
1782,54,Male,Tablet,11.52,15,5,1,1,10.05,73.89,1,Yes,1,Right_Discount,3,Interested
0,22,Male,Tablet,3.48,17,5,1,1,4.76,95.92,1,Yes,0,Others,2,Interested
1784,55,Male,Tablet,25.43,18,0,1,1,30.64,14.44,1,Yes,1,Right_Discount,3,Interested
1785,58,Unknown,Desktop,10.81,3,1,0,0,9.26,23.24,1,Yes,1,Right_Discount,8,Interested
1786,31,Male,Tablet,7.33,18,9,0,1,8.01,37.08,1,Yes,1,Right_Discount,7,Interested
1787,0,Male,Mobile,26.27,7,6,1,0,19.28,5.1,1,Yes,0,Others,3,Interested
1788,42,Male,Desktop,27.16,17,0,1,1,13.89,6.07,1,Yes,1,Right_Discount,7,Interested
1789,37,Male,Desktop,10.83,18,9,1,0,14.82,90.38,1,Yes,0,Others,0,Technical Error
1790,19,Unknown,Mobile,11.29,8,4,1,1,14.89,4.27,1,Yes,0,Others,7,Interested
1791,56,Female,Mobile,17.81,11,0,0,1,20.29,75,1,Yes,0,Others,9,Interested
1792,23,Female,Tablet,22.27,3,5,0,0,29.2,71.76,1,Yes,0,Others,1,Interested
1793,34,Male,Mobile,2.83,7,14,1,1,3.62,7.28,1,Yes,1,Right_Discount,5,Interested
1794,42,Female,Desktop,18.21,15,6,1,1,24.77,18.76,1,Yes,1,Right_Discount,5,Interested
1795,45,Female,Mobile,28.63,10,7,0,0,39.85,45.48,1,Yes,1,Right_Discount,2,Interested
1796,19,Male,Mobile,8.6,12,12,1,0,11.34,64.17,1,Yes,0,Others,4,Interested
1797,52,Female,Mobile,27.36,12,11,1,0,36.98,89.58,1,Yes,1,Right_Discount,0,Technical Error
1798,54,Male,Mobile,28.55,19,2,1,0,28.6,52.68,1,Yes,0,Others,7,Interested
1799,22,Female,Desktop,8.81,19,13,1,0,10.64,93.64,1,Yes,0,Others,7,Interested
1800,18,Female,Mobile,22.87,15,13,0,0,19.06,19.03,1,Yes,1,Right_Discount,4,Interested
1801,57,Female,Mobile,7.92,5,2,1,0,10.78,0,1,Yes,1,Right_Discount,6,Interested
1802,29,Female,Mobile,22.39,13,10,0,0,30.42,84.46,1,Yes,0,Others,7,Interested
1803,53,Male,Mobile,24.13,9,0,0,1,13.66,23.33,1,Yes,0,Others,0,Technical Error
1804,0,Male,Mobile,8.17,10,11,1,0,6.92,78.85,1,Yes,1,Right_Discount,1,Interested
1805,48,Female,Desktop,21.76,8,2,1,1,14.61,40.03,1,Yes,1,Right_Discount,4,Interested
1806,28,Male,Unknown,24.55,9,4,1,1,15.61,99.96,1,Yes,1,Right_Discount,6,Interested
1807,27,Female,Mobile,11.4,6,5,1,0,10.43,9.16,1,Yes,0,Others,3,Interested
1808,20,Female,Mobile,5.86,0,2,0,1,6.6,55.33,1,Yes,0,Others,3,Interested
1809,31,Female,Mobile,3.67,10,3,1,1,3.1,78.3,1,Yes,1,Right_Discount,3,Interested
1810,33,Female,Mobile,17.69,15,4,1,1,14.32,67.62,1,Yes,0,Others,8,Interested
1811,27,Female,Mobile,29.36,13,4,0,1,17.45,50.56,1,Yes,0,Others,8,Interested
1812,46,Female,Desktop,24.87,11,8,1,1,21.96,51.31,1,Yes,1,Right_Discount,9,Interested
1813,27,Male,Tablet,13.64,0,7,1,1,13.24,40.54,1,Yes,0,Others,7,Interested
1814,29,Male,Desktop,16.56,8,0,0,0,14.88,34.23,0,No,0,Others,7,Not Interested
1815,47,Female,Mobile,9.11,18,1,1,0,10.75,59.37,1,Yes,0,Others,6,Interested
1816,58,Male,Mobile,5.73,3,11,0,1,4.52,74.84,1,Yes,1,Right_Discount,0,Technical Error
1817,18,Female,Mobile,14.98,3,14,1,1,18.22,27.93,1,Yes,1,Right_Discount,7,Interested
1818,22,Male,Desktop,14.44,7,4,0,0,19.97,94.66,1,Yes,1,Right_Discount,3,Interested
1819,37,Male,Tablet,16.14,18,11,0,1,17.61,36.48,1,Yes,1,Right_Discount,0,Technical Error
1820,25,Male,Mobile,28.63,9,2,1,0,25.44,43.4,1,Yes,1,Right_Discount,0,Technical Error
1821,29,Female,Mobile,18.51,18,6,0,0,12.58,41.11,1,Yes,0,Others,2,Interested
1822,18,Male,Desktop,18.57,1,13,1,1,26.6,11.13,1,Yes,1,Right_Discount,2,Interested
1823,37,Female,Desktop,4.71,4,10,1,1,5.9,11.59,1,Yes,1,Right_Discount,9,Interested
1824,45,Female,Desktop,29.9,4,5,1,0,22.32,79.53,1,Yes,0,Others,0,Technical Error
0,54,Female,Desktop,23.41,17,1,1,0,15.23,38.13,1,Yes,1,Right_Discount,7,Interested
1826,54,Male,Tablet,26.44,2,7,1,1,14.52,21.6,1,Yes,0,Others,3,Interested
1827,29,Male,Mobile,13.01,15,4,1,0,8.98,70.77,1,Yes,1,Right_Discount,3,Interested
1828,54,Male,Tablet,15.56,13,5,1,0,19.18,95.97,1,Yes,0,Others,5,Interested
1829,45,Female,Tablet,16.14,9,7,1,0,18.23,93.68,1,Yes,0,Others,8,Interested
1830,32,Female,Desktop,6.63,7,12,0,1,9.73,72.34,1,Yes,1,Right_Discount,8,Interested
1831,23,Male,Mobile,21,12,5,1,1,17.26,19.16,1,Yes,1,Right_Discount,7,Interested
1832,37,Female,Mobile,27.19,12,9,0,1,34.98,15.41,1,Yes,0,Others,0,Technical Error
1833,31,Male,Mobile,5.75,14,2,0,1,3.57,87.1,1,Yes,0,Others,9,Interested
0,19,Male,Mobile,3.5,15,12,0,1,3.72,96.28,1,Yes,1,Right_Discount,9,Interested
1835,26,Male,Desktop,22.41,1,6,0,0,21.67,62.23,1,Yes,0,Others,1,Interested
1836,54,Male,Mobile,8.92,9,13,1,1,11.94,90.13,1,Yes,0,Others,2,Interested
1837,37,Female,Mobile,19.09,16,3,1,0,22.94,81.49,1,Yes,0,Others,4,Interested
1838,43,Male,Desktop,21.18,9,12,0,1,14.71,15.4,1,Yes,1,Right_Discount,4,Interested
1839,46,Male,Mobile,10.34,16,5,0,0,15.34,22.3,1,Yes,0,Others,9,Interested
1840,18,Male,Mobile,24.64,2,5,0,0,32.6,6.78,1,Yes,1,Right_Discount,7,Interested
1841,52,Male,Mobile,16.95,10,10,1,1,14.49,47.41,1,Yes,0,Others,1,Interested
1842,23,Unknown,Desktop,26.2,18,4,1,1,34.74,32.39,1,Yes,0,Others,1,Interested
1843,54,Unknown,Mobile,23.14,13,12,1,0,33.71,42.6,1,Yes,1,Right_Discount,0,Technical Error
1844,22,Male,Desktop,26.19,2,0,1,1,36.41,0.87,1,Yes,1,Right_Discount,0,Technical Error
1845,50,Female,Mobile,1.58,13,13,1,0,1.67,72.12,1,Yes,1,Right_Discount,8,Interested
1846,31,Female,Tablet,8.06,3,7,0,0,8.68,20.06,1,Yes,0,Others,1,Interested
0,29,Female,Mobile,3.61,15,12,1,0,2.19,36.83,1,Yes,0,Others,4,Interested
1848,59,Female,Mobile,13.82,3,13,0,1,9.19,40.24,1,Yes,1,Right_Discount,2,Interested
1849,37,Male,Mobile,26.81,10,9,0,0,39.75,6.62,1,Yes,0,Others,0,Technical Error
1850,41,Female,Mobile,14.56,6,1,0,0,18.49,36.55,1,Yes,1,Right_Discount,7,Interested
1851,51,Female,Mobile,25.64,14,3,0,1,13.47,89.98,1,Yes,0,Others,7,Interested
1852,42,Female,Mobile,10.49,9,12,1,0,10.99,89.32,1,Yes,1,Right_Discount,5,Interested
1853,46,Male,Mobile,10.85,18,11,0,0,9.17,2.46,1,Yes,1,Right_Discount,8,Interested
1854,56,Female,Mobile,26.97,8,2,1,0,21.89,0,1,Yes,0,Others,6,Interested
1855,48,Female,Mobile,13.35,6,5,1,1,14.11,59.4,1,Yes,1,Right_Discount,1,Interested
1856,40,Male,Mobile,23.9,15,10,1,1,19.6,20.48,1,Yes,1,Right_Discount,0,Technical Error
1857,55,Female,Desktop,7.86,14,0,0,1,5.91,89.85,1,Yes,1,Right_Discount,7,Interested
0,37,Male,Tablet,28.52,15,8,1,0,41.01,48.29,1,Yes,1,Right_Discount,0,Technical Error
1859,40,Female,Mobile,17.66,6,4,1,1,9.53,32.58,1,Yes,1,Right_Discount,7,Interested
1860,33,Male,Mobile,23.02,12,4,1,1,21.55,95.33,1,Yes,0,Others,8,Interested
1861,59,Female,Tablet,3.6,10,3,0,1,3.64,31.79,1,Yes,1,Right_Discount,0,Technical Error
1862,25,Female,Mobile,15.29,19,3,0,1,14.37,32.08,1,Yes,0,Others,6,Interested
1863,38,Female,Tablet,27.13,8,12,1,0,31.4,13.31,1,Yes,1,Right_Discount,4,Interested
1864,18,Male,Mobile,26.43,5,14,0,1,13.89,22.23,1,Yes,0,Others,7,Interested
1865,25,Female,Desktop,2.36,10,12,0,0,3.27,76.05,1,Yes,1,Right_Discount,3,Interested
1866,0,Male,Mobile,9.81,11,0,0,0,9.81,75.97,1,Yes,0,Others,1,Interested
1867,49,Male,Tablet,13.86,14,8,0,1,14.6,38.66,1,Yes,1,Right_Discount,6,Interested
1868,55,Male,Mobile,6,14,8,1,1,5.78,34.94,1,Yes,1,Right_Discount,6,Interested
1869,22,Male,Desktop,22.17,2,12,1,1,20.94,41.84,1,Yes,0,Others,7,Interested
1870,39,Female,Mobile,6.35,17,3,0,0,4.36,30.08,1,Yes,0,Others,8,Interested
1871,51,Female,Mobile,11.05,15,9,0,0,11.1,60.78,1,Yes,0,Others,5,Interested
1872,18,Female,Desktop,20.24,3,9,0,0,18.65,83.66,1,Yes,1,Right_Discount,2,Interested
1873,43,Male,Mobile,14.98,3,3,0,1,14.5,0.94,1,Yes,0,Others,4,Interested
1874,27,Female,Tablet,22.42,3,11,0,1,11.52,93.6,1,Yes,1,Right_Discount,2,Interested
1875,47,Male,Mobile,28.88,3,6,0,0,18.22,11.8,1,Yes,0,Others,9,Interested
1876,35,Male,Desktop,4.38,18,3,1,0,5.53,89.97,1,Yes,1,Right_Discount,8,Interested
1877,34,Male,Mobile,0,6,0,0,1,19.83,23.36,1,Yes,1,Right_Discount,4,Interested
1878,43,Female,Tablet,7.68,14,10,1,1,9.55,91.7,1,Yes,0,Others,6,Interested
1879,25,Female,Tablet,13.02,3,14,1,0,8.74,78.73,1,Yes,1,Right_Discount,9,Interested
1880,57,Male,Mobile,1.95,1,12,1,0,2.34,26.92,1,Yes,1,Right_Discount,6,Interested
1881,29,Female,Desktop,4.94,10,8,0,0,3.9,2.83,1,Yes,0,Others,6,Interested
1882,44,Female,Desktop,10.27,13,1,0,1,12.38,71.58,1,Yes,0,Others,9,Interested
1883,25,Male,Mobile,10.92,9,4,1,1,6.41,82.18,1,Yes,0,Others,3,Interested
1884,0,Male,Desktop,27.09,0,0,1,0,22.58,67.98,1,Yes,0,Others,3,Interested
1885,0,Female,Mobile,22.51,10,7,0,1,13.94,38.17,1,Yes,0,Others,2,Interested
1886,50,Male,Desktop,29.19,12,5,0,0,32.97,12.74,1,Yes,1,Right_Discount,3,Interested
1887,18,Male,Mobile,18.37,19,14,0,0,16.4,34.7,1,Yes,1,Right_Discount,8,Interested
1888,36,Female,Mobile,8.01,3,6,0,0,4.6,26.86,1,Yes,1,Right_Discount,4,Interested
1889,48,Female,Mobile,10.5,19,1,0,0,10.78,72.31,1,Yes,1,Right_Discount,5,Interested
1890,33,Male,Mobile,10.28,1,3,1,0,0,15.94,1,Yes,0,Others,0,Technical Error
1891,31,Female,Desktop,10.47,15,13,0,0,13.8,81.95,1,Yes,0,Others,0,Technical Error
1892,22,Male,Tablet,20.52,13,3,1,0,29.51,61.19,1,Yes,1,Right_Discount,6,Interested
1893,58,Male,Mobile,16.39,7,11,1,0,21.47,48.26,1,Yes,1,Right_Discount,6,Interested
1894,43,Female,Mobile,12.18,2,12,1,0,17.68,36.02,1,Yes,1,Right_Discount,5,Interested
1895,45,Male,Desktop,5.32,11,1,1,1,7.43,50.75,1,Yes,1,Right_Discount,3,Interested
1896,19,Male,Mobile,1.64,16,9,0,0,2.29,54.01,1,Yes,1,Right_Discount,9,Interested
1897,23,Male,Mobile,7.35,14,3,1,0,5.48,23.7,1,Yes,0,Others,7,Interested
1898,26,Female,Mobile,4.12,15,8,1,0,0,98.88,1,Yes,1,Right_Discount,7,Interested
1899,50,Female,Mobile,23.78,19,7,0,0,31.14,90.95,1,Yes,1,Right_Discount,0,Technical Error
1900,58,Female,Mobile,4.26,7,10,0,0,4.22,39.08,1,Yes,1,Right_Discount,8,Interested
1901,42,Male,Desktop,22,9,13,1,0,31.73,25.4,1,Yes,1,Right_Discount,7,Interested
1902,30,Male,Mobile,12.18,4,0,0,1,17.02,30.7,1,Yes,0,Others,1,Interested
1903,26,Female,Desktop,3.13,6,12,0,0,4.36,98.02,1,Yes,0,Others,8,Interested
1904,30,Female,Mobile,24.57,10,7,0,0,20.3,40.71,1,Yes,1,Right_Discount,3,Interested
1905,48,Female,Mobile,17.81,3,13,0,1,11.27,91.19,1,Yes,1,Right_Discount,9,Interested
1906,58,Male,Desktop,7.84,1,10,0,1,9.24,5.9,1,Yes,0,Others,5,Interested
1907,28,Female,Mobile,26.95,6,0,1,1,25.35,77.68,1,Yes,0,Others,1,Interested
1908,21,Male,Mobile,0,5,7,0,0,3.31,76.21,1,Yes,0,Others,9,Interested
1909,51,Female,Desktop,6.85,15,13,0,0,9.27,65.1,1,Yes,1,Right_Discount,3,Interested
1910,55,Male,Mobile,22.81,11,14,0,1,32.59,12.11,1,Yes,1,Right_Discount,1,Interested
1911,21,Male,Desktop,21.57,13,9,0,1,23.03,98.14,1,Yes,1,Right_Discount,8,Interested
1912,55,Female,Mobile,9.39,6,0,1,0,9.64,21.28,1,Yes,1,Right_Discount,8,Interested
1913,36,Male,Desktop,2.8,5,7,0,1,3.77,70.97,1,Yes,1,Right_Discount,4,Interested
1914,23,Female,Mobile,25.88,2,11,1,0,26.19,75.15,1,Yes,1,Right_Discount,2,Interested
1915,51,Male,Mobile,10.1,17,4,0,1,14.14,75.99,1,Yes,1,Right_Discount,2,Interested
1916,35,Male,Tablet,6.68,12,8,1,0,3.57,82.6,1,Yes,1,Right_Discount,0,Technical Error
0,30,Female,Desktop,15.97,12,13,0,0,13.71,98.91,1,Yes,1,Right_Discount,7,Interested
1918,58,Male,Mobile,27.4,14,8,0,1,36.57,9.6,1,Yes,1,Right_Discount,2,Interested
1919,40,Female,Mobile,2.26,7,5,1,0,1.6,47.22,1,Yes,1,Right_Discount,3,Interested
1920,36,Female,Mobile,23.21,14,0,0,1,20.87,97.48,1,Yes,0,Others,1,Interested
0,28,Female,Unknown,17.6,7,11,1,0,8.98,88.21,1,Yes,0,Others,7,Interested
1922,18,Male,Desktop,13.34,9,6,0,1,10.69,99.06,1,Yes,1,Right_Discount,2,Interested
1923,41,Male,Desktop,22.58,14,2,1,1,18.48,58.24,1,Yes,1,Right_Discount,1,Interested
1924,24,Male,Mobile,29.01,17,6,1,1,35.76,67.28,1,Yes,1,Right_Discount,0,Technical Error
1925,42,Female,Desktop,7.65,17,7,0,1,9.01,26.38,1,Yes,0,Others,9,Interested
1926,38,Female,Mobile,5.17,13,4,1,1,4.89,45.83,1,Yes,1,Right_Discount,1,Interested
1927,32,Male,Mobile,27.47,18,4,0,0,33.75,2.09,0,No,1,Low_Discount,1,Not Interested
1928,18,Male,Mobile,20.4,19,13,1,1,18.94,71.97,1,Yes,1,Right_Discount,0,Technical Error
1929,29,Unknown,Tablet,13.7,17,3,0,0,12.8,92.59,1,Yes,0,Others,0,Technical Error
1930,24,Male,Desktop,17.62,6,2,1,0,20.18,11.21,1,Yes,1,Right_Discount,0,Technical Error
1931,0,Female,Mobile,22.62,12,11,1,1,27.66,45.44,1,Yes,0,Others,5,Interested
1932,38,Male,Desktop,23.42,6,7,0,0,31.54,62.32,1,Yes,1,Right_Discount,4,Interested
1933,36,Female,Tablet,27.68,3,10,1,0,34.64,63.22,1,Yes,0,Others,0,Technical Error
1934,46,Male,Mobile,0,15,5,0,0,15.66,30.65,1,Yes,0,Others,5,Interested
1935,42,Male,Mobile,9.51,3,13,0,1,10.09,1.98,1,Yes,1,Right_Discount,7,Interested
1936,50,Female,Tablet,19.55,15,5,0,0,15.8,88.78,1,Yes,1,Right_Discount,4,Interested
1937,49,Female,Desktop,13.06,1,1,0,0,9.94,0,1,Yes,0,Others,2,Interested
1938,52,Female,Mobile,18.24,3,3,0,0,24.5,17.77,1,Yes,1,Right_Discount,2,Interested
1939,55,Male,Mobile,13.18,5,14,0,1,16.04,96.28,1,Yes,0,Others,1,Interested
1940,43,Female,Mobile,5.44,14,4,0,1,6.34,0,1,Yes,0,Others,8,Interested
1941,28,Female,Mobile,14.61,4,10,0,1,11.09,87.4,1,Yes,1,Right_Discount,8,Interested
1942,52,Male,Tablet,21.04,9,9,0,1,30.92,89.69,1,Yes,0,Others,6,Interested
1943,25,Female,Mobile,24.18,18,4,0,1,14.06,98.94,1,Yes,0,Others,0,Technical Error
1944,31,Female,Desktop,15.31,10,2,0,1,20.49,4.07,1,Yes,0,Others,0,Technical Error
1945,27,Female,Mobile,5.79,8,9,1,1,4.12,5.3,1,Yes,1,Right_Discount,3,Interested
1946,19,Male,Mobile,13.03,13,4,0,1,11.63,19.07,1,Yes,1,Right_Discount,1,Interested
1947,26,Male,Mobile,23.8,2,4,0,1,22.08,65.64,1,Yes,0,Others,2,Interested
1948,20,Male,Desktop,12.97,7,1,0,1,15.08,26.2,1,Yes,0,Others,1,Interested
1949,38,Female,Mobile,21.2,11,4,1,0,22.19,49.56,1,Yes,1,Right_Discount,0,Technical Error
1950,43,Male,Desktop,15.71,5,2,0,1,10.78,78.64,1,Yes,1,Right_Discount,2,Interested
1951,25,Female,Mobile,8,18,14,0,0,4.24,18.58,1,Yes,0,Others,6,Interested
1952,19,Unknown,Mobile,24.09,8,2,0,0,29.32,28.59,1,Yes,1,Right_Discount,9,Interested
1953,23,Female,Mobile,3.44,10,4,1,0,3.46,72.75,1,Yes,1,Right_Discount,8,Interested
1954,45,Male,Mobile,16.22,2,8,0,0,13.98,0.77,1,Yes,1,Right_Discount,9,Interested
1955,46,Male,Desktop,7.06,3,13,1,0,5.54,75.74,1,Yes,0,Others,8,Interested
1956,43,Female,Mobile,2.94,5,1,0,0,3.89,67.63,1,Yes,1,Right_Discount,7,Interested
1957,42,Female,Desktop,15.59,16,8,0,1,20.2,12.96,1,Yes,1,Right_Discount,5,Interested
1958,29,Male,Mobile,15.49,10,2,1,0,20.54,24.39,1,Yes,0,Others,0,Technical Error
1959,22,Male,Mobile,21.5,11,12,1,0,15.46,1.54,1,Yes,1,Right_Discount,7,Interested
1960,51,Male,Mobile,22.6,0,11,1,1,30.55,58.14,1,Yes,1,Right_Discount,7,Interested
1961,54,Female,Mobile,22.11,16,6,0,0,32.85,39.71,1,Yes,1,Right_Discount,8,Interested
1962,32,Male,Desktop,12.88,12,11,1,0,14.16,42.34,1,Yes,0,Others,9,Interested
1963,53,Male,Desktop,19.32,2,13,0,1,10.57,10.32,1,Yes,1,Right_Discount,5,Interested
1964,32,Male,Mobile,17.73,11,0,0,0,21.32,35.23,1,Yes,0,Others,2,Interested
1965,40,Female,Mobile,13.23,1,0,0,1,13.73,91.9,1,Yes,1,Right_Discount,5,Interested
1966,23,Male,Desktop,18.32,5,7,0,1,22.2,6.47,1,Yes,0,Others,7,Interested
1967,38,Female,Unknown,28.47,14,8,1,0,19.59,97.5,1,Yes,1,Right_Discount,6,Interested
1968,40,Female,Desktop,6.59,18,2,0,0,7.29,84.8,1,Yes,0,Others,7,Interested
1969,33,Female,Mobile,27.27,7,5,0,0,28.34,20.3,1,Yes,0,Others,0,Technical Error
1970,32,Male,Mobile,2.55,5,14,1,0,2.81,70.54,1,Yes,1,Right_Discount,7,Interested
1971,42,Male,Tablet,9.94,8,13,0,1,12.2,9.09,1,Yes,0,Others,4,Interested
1972,53,Male,Desktop,9.36,15,2,0,1,9.77,15.97,1,Yes,1,Right_Discount,6,Interested
1973,28,Female,Mobile,19.16,5,5,1,1,15.75,48.8,1,Yes,0,Others,3,Interested
1974,32,Male,Desktop,4.81,13,6,1,0,3.89,40.05,1,Yes,1,Right_Discount,2,Interested
1975,21,Female,Desktop,26.59,19,4,1,0,31.78,81.5,1,Yes,0,Others,5,Interested
1976,38,Male,Mobile,25.03,2,2,1,0,29.13,93.93,1,Yes,1,Right_Discount,8,Interested
1977,30,Male,Mobile,19.91,5,0,1,0,18.36,0,0,No,0,Others,3,Not Interested
1978,39,Male,Mobile,14.29,5,12,0,0,12.2,14.7,1,Yes,0,Others,8,Interested
1979,36,Male,Mobile,28.06,6,4,1,1,31.43,68.62,1,Yes,1,Right_Discount,2,Interested
1980,51,Female,Desktop,25.09,16,0,1,1,20.38,57.08,1,Yes,1,Right_Discount,5,Interested
1981,31,Female,Mobile,15.48,2,11,0,1,22.65,37.02,1,Yes,0,Others,4,Interested
1982,21,Female,Desktop,21.35,5,14,1,1,23.41,99.48,1,Yes,0,Others,8,Interested
1983,44,Female,Tablet,17.44,15,8,1,1,19.04,45.6,1,Yes,0,Others,5,Interested
1984,46,Male,Mobile,18.05,1,2,0,0,11.49,66.53,1,Yes,0,Others,1,Interested
1985,45,Female,Mobile,10.6,19,1,0,1,11.76,50.28,1,Yes,1,Right_Discount,3,Interested
1986,52,Female,Desktop,14.4,3,2,0,1,11.45,10.29,1,Yes,1,Right_Discount,4,Interested
1987,25,Female,Desktop,3.27,19,6,0,1,3.11,14.11,1,Yes,0,Others,8,Interested
1988,33,Male,Desktop,11.36,15,11,0,0,11.79,0,1,Yes,1,Right_Discount,0,Technical Error
1989,59,Female,Mobile,21.18,3,10,0,0,20.71,80.17,1,Yes,1,Right_Discount,8,Interested
1990,53,Female,Mobile,28.64,8,11,0,1,37.5,36.38,1,Yes,0,Others,9,Interested
1991,47,Male,Mobile,28.93,15,9,0,0,17.34,6.7,1,Yes,0,Others,0,Technical Error
1992,35,Unknown,Tablet,17.12,1,7,0,0,11.42,95.7,0,No,0,Others,0,Not Interested
1993,19,Female,Mobile,18.59,6,1,0,1,12.21,49.71,1,Yes,1,Right_Discount,3,Interested
1994,30,Female,Tablet,6.39,17,13,0,0,8.41,13.41,1,Yes,1,Right_Discount,5,Interested
1995,21,Male,Mobile,21.16,16,12,1,0,13.08,19.85,1,Yes,0,Others,1,Interested
1996,0,Female,Tablet,3.05,13,6,0,0,4.49,4.54,1,Yes,0,Others,0,Technical Error
1997,42,Male,Desktop,9.26,1,10,1,1,13.6,70.99,1,Yes,0,Others,3,Interested
1998,47,Female,Mobile,20.38,3,4,1,1,30.4,70.41,1,Yes,1,Right_Discount,7,Interested
1999,28,Female,Desktop,10,6,8,0,1,14.8,60.25,1,Yes,0,Others,5,Interested
2000,24,Female,Mobile,2.45,3,6,1,0,1.59,54.63,1,Yes,1,Right_Discount,4,Interested
2001,48,Female,Mobile,25.12,15,0,0,1,29.07,38.15,1,Yes,1,Right_Discount,0,Technical Error
0,27,Female,Mobile,10,15,0,1,0,9,95.06,1,Yes,1,Right_Discount,2,Interested
2003,56,Male,Mobile,2.83,11,5,1,0,3.49,80.05,1,Yes,0,Others,6,Interested
2004,30,Male,Mobile,3.17,6,8,1,1,2.87,90.76,1,Yes,1,Right_Discount,9,Interested
2005,48,Female,Desktop,8.3,6,0,1,1,7.33,31.17,1,Yes,1,Right_Discount,2,Interested
2006,24,Female,Desktop,6.16,9,2,0,0,8.65,97.83,1,Yes,1,Right_Discount,4,Interested
2007,59,Female,Mobile,23.45,14,12,1,0,23.32,16.54,1,Yes,0,Others,5,Interested
2008,59,Male,Desktop,10.33,11,4,0,1,12.81,5.63,1,Yes,0,Others,8,Interested
2009,53,Male,Desktop,24.34,6,3,1,1,27.99,31.98,1,Yes,1,Right_Discount,2,Interested
0,37,Male,Tablet,6.04,18,0,0,0,6.99,20.13,1,Yes,1,Right_Discount,5,Interested
2011,21,Male,Desktop,15.29,15,9,1,0,12.98,51.75,1,Yes,1,Right_Discount,1,Interested
2012,24,Male,Mobile,20.95,9,3,0,1,15.76,35.02,1,Yes,1,Right_Discount,8,Interested
2013,18,Male,Mobile,19.91,11,3,1,0,27.58,17.17,1,Yes,1,Right_Discount,8,Interested
2014,59,Male,Desktop,18.43,2,10,0,0,9.67,84.43,1,Yes,0,Others,6,Interested
2015,30,Male,Mobile,27.82,6,11,0,0,18.72,50.8,1,Yes,1,Right_Discount,8,Interested
2016,39,Female,Mobile,7.63,14,9,1,0,4.83,10.95,1,Yes,0,Others,3,Interested
2017,38,Male,Mobile,15.32,14,12,1,1,22.2,7.53,1,Yes,0,Others,9,Interested
2018,39,Male,Mobile,26.64,13,3,1,1,13.45,38.32,1,Yes,1,Right_Discount,0,Technical Error
2019,45,Male,Mobile,3.26,5,2,1,1,1.66,90.8,1,Yes,1,Right_Discount,0,Technical Error
2020,0,Male,Mobile,2.62,9,6,1,0,1.9,50.8,1,Yes,1,Right_Discount,1,Interested
2021,43,Female,Mobile,7.77,11,0,0,0,6.05,13.91,1,Yes,0,Others,9,Interested
2022,26,Male,Desktop,19.36,7,1,0,1,20.52,24.66,1,Yes,1,Right_Discount,2,Interested
2023,32,Female,Mobile,8.54,2,0,1,0,12.48,4.95,1,Yes,0,Others,1,Interested
2024,27,Female,Mobile,6.52,12,13,1,0,6.29,83.18,1,Yes,1,Right_Discount,3,Interested
2025,41,Female,Mobile,14.31,5,3,1,0,11.29,94.61,1,Yes,1,Right_Discount,7,Interested
2026,59,Male,Mobile,18.79,2,4,1,1,24.75,7.78,1,Yes,0,Others,2,Interested
2027,25,Male,Mobile,8.21,14,10,1,0,7.27,17.3,1,Yes,1,Right_Discount,3,Interested
2028,41,Male,Mobile,9.72,7,14,0,0,6.24,17.11,1,Yes,0,Others,1,Interested
2029,33,Female,Unknown,0,5,9,0,1,24.33,80.37,1,Yes,1,Right_Discount,0,Technical Error
2030,43,Female,Desktop,28.43,4,4,0,1,14.28,83.93,1,Yes,0,Others,7,Interested
2031,44,Female,Mobile,20.57,10,1,0,1,14.5,41.93,1,Yes,0,Others,6,Interested
2032,54,Female,Mobile,23.7,16,10,1,0,26.9,96.93,1,Yes,1,Right_Discount,9,Interested
2033,21,Unknown,Mobile,11.64,6,2,1,1,7.01,25.95,1,Yes,1,Right_Discount,1,Interested
2034,41,Male,Desktop,8.9,0,3,0,0,6.73,52.51,1,Yes,1,Right_Discount,7,Interested
2035,36,Male,Desktop,14.17,9,9,1,1,12.66,99.63,1,Yes,0,Others,9,Interested
2036,53,Female,Desktop,24.41,1,5,1,1,21.88,82.71,1,Yes,1,Right_Discount,2,Interested
2037,56,Female,Mobile,14.23,16,5,1,1,20.96,48.72,1,Yes,1,Right_Discount,6,Interested
2038,27,Male,Mobile,25.56,17,11,0,1,30.05,10.85,1,Yes,1,Right_Discount,0,Technical Error
2039,42,Male,Mobile,29.67,13,1,0,0,15.93,90.44,1,Yes,0,Others,2,Interested
2040,35,Female,Desktop,3.09,6,1,0,0,2.23,54.21,1,Yes,0,Others,8,Interested
2041,36,Male,Mobile,2.32,2,8,0,0,2.59,30.83,1,Yes,0,Others,3,Interested
2042,53,Male,Tablet,5.34,8,11,0,1,6.48,45.12,1,Yes,1,Right_Discount,0,Technical Error
2043,27,Female,Unknown,12.15,4,1,0,0,10.7,31.09,1,Yes,0,Others,5,Interested
2044,50,Female,Desktop,4.8,9,1,1,1,6.51,55.11,1,Yes,0,Others,0,Technical Error
2045,22,Female,Mobile,26.25,7,2,1,1,37.89,0,1,Yes,1,Right_Discount,9,Interested
2046,52,Male,Desktop,1.67,1,14,1,0,1.86,44.6,1,Yes,1,Right_Discount,0,Technical Error
2047,51,Female,Mobile,10.16,14,8,0,1,10.79,42.63,1,Yes,1,Right_Discount,1,Interested
2048,50,Male,Mobile,6.36,2,13,0,1,7.96,61.61,1,Yes,1,Right_Discount,2,Interested
2049,38,Male,Mobile,28.01,8,5,0,1,35.91,1.42,1,Yes,0,Others,1,Interested
2050,34,Female,Desktop,20.41,11,10,0,1,14.6,59.88,1,Yes,0,Others,7,Interested
2051,39,Male,Mobile,27.45,5,14,1,1,27,59.31,1,Yes,0,Others,5,Interested
2052,54,Female,Mobile,29.2,18,14,1,0,27.67,39.23,1,Yes,0,Others,0,Technical Error
2053,32,Female,Unknown,15.42,12,11,0,0,22.23,24.69,1,Yes,1,Right_Discount,5,Interested
2054,52,Male,Desktop,7.8,19,0,0,1,4.77,83.93,1,Yes,0,Others,0,Technical Error
2055,45,Male,Desktop,6.62,5,11,0,1,9.56,34.48,1,Yes,1,Right_Discount,8,Interested
2056,24,Female,Desktop,7.46,7,9,1,0,8,31.17,1,Yes,1,Right_Discount,2,Interested
2057,49,Female,Mobile,21.55,2,4,0,1,16.98,46.32,1,Yes,0,Others,0,Technical Error
2058,28,Female,Mobile,2.17,17,14,1,0,2.97,27.8,1,Yes,1,Right_Discount,0,Technical Error
2059,27,Unknown,Mobile,2.49,13,6,1,0,1.37,83.08,1,Yes,1,Right_Discount,1,Interested
2060,26,Female,Mobile,18.64,11,10,0,1,15.27,56.49,1,Yes,1,Right_Discount,5,Interested
2061,31,Female,Tablet,19.62,5,14,0,1,24.57,75.44,1,Yes,1,Right_Discount,0,Technical Error
2062,30,Male,Mobile,20.29,13,3,0,1,26.94,74.54,1,Yes,1,Right_Discount,6,Interested
2063,42,Male,Mobile,11.78,13,14,1,0,7.86,78.82,1,Yes,0,Others,3,Interested
2064,19,Male,Mobile,24.37,8,9,1,0,35.14,86.92,1,Yes,1,Right_Discount,6,Interested
2065,52,Male,Desktop,16.48,11,9,1,1,9.13,91.95,1,Yes,0,Others,3,Interested
2066,24,Female,Mobile,4.06,8,2,1,1,3.79,38.36,1,Yes,1,Right_Discount,3,Interested
2067,38,Male,Mobile,24.12,10,6,1,0,14.41,44.37,1,Yes,1,Right_Discount,0,Technical Error
2068,35,Male,Desktop,28.64,11,13,1,0,17.12,5.01,1,Yes,0,Others,9,Interested
2069,20,Female,Unknown,2.74,1,9,0,0,3.87,92.57,1,Yes,0,Others,9,Interested
2070,59,Male,Desktop,12.35,7,0,0,0,17.34,58.71,1,Yes,1,Right_Discount,7,Interested
2071,56,Female,Mobile,15.14,8,5,0,1,16.89,71.23,1,Yes,0,Others,1,Interested
2072,58,Female,Desktop,5.25,6,12,1,0,7.7,43.6,1,Yes,0,Others,7,Interested
2073,28,Female,Mobile,26.16,14,10,0,1,25.93,47.38,1,Yes,0,Others,9,Interested
2074,56,Female,Mobile,9.24,7,10,0,0,11.85,54.32,1,Yes,1,Right_Discount,0,Technical Error
2075,41,Female,Desktop,23.71,3,10,0,0,14.16,0,0,No,0,Others,6,Not Interested
2076,36,Male,Mobile,20.46,2,1,1,0,18.32,61.3,1,Yes,0,Others,6,Interested
2077,21,Male,Mobile,18.34,18,1,0,0,18.62,81.12,1,Yes,0,Others,5,Interested
2078,43,Male,Mobile,6.57,3,10,0,1,8.4,21.67,1,Yes,1,Right_Discount,3,Interested
2079,55,Female,Desktop,7.4,14,7,1,1,6.18,20.58,1,Yes,0,Others,4,Interested
2080,59,Male,Mobile,2.37,18,2,0,1,3.51,20.68,1,Yes,0,Others,0,Technical Error
2081,49,Male,Tablet,7.98,13,8,0,0,9.85,0.48,1,Yes,1,Right_Discount,1,Interested
2082,56,Male,Tablet,11.02,8,3,1,1,11.38,17.91,1,Yes,0,Others,9,Interested
2083,0,Male,Desktop,25.16,4,13,0,1,20.9,11.87,1,Yes,1,Right_Discount,6,Interested
2084,57,Female,Mobile,11.63,15,5,1,1,13.28,45.38,1,Yes,1,Right_Discount,1,Interested
2085,54,Male,Mobile,22.88,12,0,1,1,26.84,12.72,1,Yes,1,Right_Discount,7,Interested
2086,50,Female,Desktop,13.74,14,10,0,0,16.2,41.59,1,Yes,0,Others,6,Interested
2087,53,Female,Mobile,23.76,7,14,1,0,25.81,99.95,1,Yes,0,Others,9,Interested
2088,20,Male,Mobile,29.31,12,9,0,0,26.39,50.34,1,Yes,1,Right_Discount,7,Interested
2089,26,Female,Mobile,7.96,9,9,0,0,10.48,92.46,1,Yes,0,Others,3,Interested
2090,25,Female,Mobile,26.01,10,2,0,1,19.72,70.19,1,Yes,0,Others,0,Technical Error
2091,50,Female,Mobile,19.03,8,3,0,0,21.42,89.43,1,Yes,1,Right_Discount,6,Interested
2092,23,Female,Mobile,24.7,2,4,0,0,24,62.56,1,Yes,0,Others,0,Technical Error
2093,58,Female,Desktop,19.9,16,12,1,0,27.72,81.01,1,Yes,0,Others,6,Interested
2094,56,Female,Mobile,0,18,0,1,1,14.49,30.28,1,Yes,0,Others,8,Interested
2095,21,Female,Unknown,7.61,10,13,0,0,10.32,37.19,1,Yes,0,Others,4,Interested
2096,30,Male,Mobile,3.03,0,3,1,0,4.4,96.03,1,Yes,1,Right_Discount,1,Interested
2097,19,Male,Mobile,16.53,6,4,0,0,10.36,26.75,1,Yes,0,Others,0,Technical Error
2098,22,Female,Mobile,29.72,13,3,0,0,31.36,42.14,1,Yes,1,Right_Discount,7,Interested
2099,44,Female,Desktop,22.4,19,9,0,1,31,65.12,1,Yes,1,Right_Discount,3,Interested
2100,49,Male,Tablet,10.49,17,9,0,1,14.39,39.24,1,Yes,1,Right_Discount,7,Interested
2101,38,Male,Mobile,24.99,2,6,1,1,0,2.09,1,Yes,0,Others,1,Interested
2102,25,Male,Mobile,23.3,18,7,0,0,22.87,79.22,1,Yes,1,Right_Discount,2,Interested
2103,55,Male,Mobile,9.17,7,11,0,0,6.63,33.56,1,Yes,0,Others,2,Interested
2104,25,Female,Tablet,1.41,14,7,0,1,1.97,22.77,1,Yes,1,Right_Discount,3,Interested
2105,20,Female,Desktop,4.43,15,2,0,0,2.23,50.56,1,Yes,0,Others,8,Interested
2106,20,Male,Desktop,26.44,8,12,1,1,18.99,0.84,1,Yes,1,Right_Discount,8,Interested
2107,39,Male,Mobile,25.26,9,4,0,1,22.96,86.39,0,No,1,Low_Discount,4,Not Interested
2108,23,Male,Tablet,9.56,11,9,1,0,6.89,26.13,1,Yes,1,Right_Discount,6,Interested
2109,19,Male,Mobile,9.27,3,14,1,1,13.66,92.27,1,Yes,1,Right_Discount,8,Interested
2110,40,Female,Mobile,23.99,14,7,1,1,17.85,67.78,1,Yes,1,Right_Discount,0,Technical Error
2111,19,Male,Desktop,28.19,8,6,1,0,24.31,54.86,1,Yes,1,Right_Discount,1,Interested
2112,55,Male,Tablet,23.59,3,13,0,0,15.9,80.63,1,Yes,1,Right_Discount,5,Interested
2113,34,Male,Mobile,18.56,18,8,1,0,26.48,99.33,1,Yes,1,Right_Discount,2,Interested
2114,52,Female,Mobile,8.04,14,12,1,1,0,25.12,1,Yes,1,Right_Discount,6,Interested
2115,51,Female,Mobile,16.25,8,9,1,0,12.38,35.51,0,No,0,Others,4,Not Interested
2116,40,Female,Mobile,7.77,17,6,1,0,5.8,48.44,1,Yes,0,Others,9,Interested
2117,47,Male,Mobile,24.43,8,1,1,0,26.52,53.95,1,Yes,0,Others,7,Interested
2118,25,Male,Tablet,12.22,5,3,0,0,18.06,55.3,1,Yes,1,Right_Discount,0,Technical Error
2119,39,Male,Desktop,25.18,12,11,0,0,37.12,54.9,1,Yes,0,Others,8,Interested
2120,53,Female,Desktop,12.07,2,13,1,0,17.88,82.82,1,Yes,1,Right_Discount,9,Interested
2121,22,Female,Desktop,24.9,17,11,1,0,22.08,40.46,1,Yes,0,Others,5,Interested
2122,30,Male,Mobile,10.67,13,7,0,0,15.09,1.1,0,No,0,Others,4,Not Interested
2123,46,Male,Desktop,13.76,14,8,1,0,12.99,87.57,1,Yes,1,Right_Discount,7,Interested
2124,48,Female,Mobile,18.85,0,6,0,0,19.05,66.23,1,Yes,0,Others,3,Interested
2125,33,Male,Mobile,3.04,9,4,1,1,3.1,18.95,1,Yes,1,Right_Discount,8,Interested
2126,59,Male,Mobile,28.5,9,0,1,1,16.06,2.96,1,Yes,0,Others,4,Interested
2127,47,Male,Unknown,17.63,6,14,0,1,11.94,31.58,1,Yes,0,Others,0,Technical Error
2128,33,Female,Desktop,15.73,12,8,1,1,21.8,12.44,1,Yes,0,Others,7,Interested
2129,29,Male,Tablet,25.34,10,11,1,0,35.38,89.68,1,Yes,1,Right_Discount,8,Interested
2130,34,Male,Mobile,26.11,5,5,0,0,18.33,27.79,0,No,0,Others,4,Not Interested
2131,33,Male,Desktop,16.15,18,1,1,1,12.96,70.57,1,Yes,1,Right_Discount,4,Interested
2132,29,Male,Mobile,27.89,7,10,0,0,37.09,65.8,1,Yes,0,Others,5,Interested
2133,25,Female,Desktop,2.88,13,9,1,0,2.03,71.4,1,Yes,0,Others,8,Interested
2134,37,Female,Mobile,4.28,1,9,0,0,5.91,53,1,Yes,1,Right_Discount,4,Interested
2135,20,Female,Mobile,18.31,6,1,1,0,24.23,0,1,Yes,1,Right_Discount,1,Interested
2136,33,Male,Mobile,11.27,8,9,0,0,14.74,0,1,Yes,0,Others,2,Interested
2137,47,Female,Desktop,14.46,9,0,0,1,20.12,37.76,1,Yes,0,Others,9,Interested
2138,40,Male,Mobile,10.51,7,11,0,1,14.58,85.84,1,Yes,1,Right_Discount,2,Interested
2139,45,Female,Tablet,12.74,10,3,1,1,18.06,45.87,1,Yes,1,Right_Discount,8,Interested
2140,57,Male,Mobile,24.86,8,9,1,1,0,56.8,1,Yes,0,Others,7,Interested
2141,22,Female,Tablet,18.21,2,10,0,1,20.16,46.5,1,Yes,1,Right_Discount,5,Interested
2142,37,Female,Desktop,29.92,18,12,1,1,19.68,77.55,1,Yes,0,Others,4,Interested
2143,57,Female,Mobile,23.82,15,1,0,1,26.42,53.98,1,Yes,1,Right_Discount,9,Interested
2144,18,Male,Mobile,8.94,6,9,1,1,12.89,47.08,1,Yes,1,Right_Discount,1,Interested
2145,47,Male,Desktop,8.67,14,10,0,1,12.72,25.78,1,Yes,0,Others,8,Interested
2146,38,Male,Desktop,10.74,18,8,1,0,13.19,91.15,1,Yes,0,Others,9,Interested
2147,37,Female,Desktop,25.45,0,1,1,0,30.38,86.32,1,Yes,0,Others,7,Interested
2148,0,Unknown,Mobile,1.79,1,10,1,0,2.57,43.15,1,Yes,0,Others,4,Interested
2149,39,Male,Mobile,7.68,1,8,1,1,6.08,65.97,1,Yes,1,Right_Discount,5,Interested
2150,35,Male,Tablet,27.24,14,0,1,1,17.73,50.81,1,Yes,1,Right_Discount,8,Interested
2151,25,Male,Mobile,19.56,1,13,1,1,15.45,17.62,1,Yes,1,Right_Discount,0,Technical Error
2152,56,Male,Mobile,7.58,1,6,1,1,10.98,37.6,1,Yes,1,Right_Discount,3,Interested
2153,49,Male,Mobile,7.36,4,14,1,1,0,85.32,1,Yes,1,Right_Discount,4,Interested
2154,50,Female,Desktop,26.02,12,5,0,1,18.86,79.74,1,Yes,0,Others,8,Interested
2155,33,Female,Desktop,26.92,15,5,0,1,18.65,10.25,1,Yes,0,Others,4,Interested
2156,29,Male,Mobile,8.43,4,1,0,0,8.3,7.53,1,Yes,1,Right_Discount,4,Interested
2157,55,Female,Mobile,13.19,10,14,1,0,17.1,85.35,1,Yes,1,Right_Discount,2,Interested
2158,51,Female,Mobile,25.2,11,0,1,1,22.22,89.93,1,Yes,0,Others,7,Interested
2159,31,Male,Mobile,23.36,6,9,0,1,14.02,29.42,1,Yes,1,Right_Discount,6,Interested
2160,53,Male,Mobile,24.6,10,7,0,0,30.51,34.93,1,Yes,0,Others,7,Interested
2161,50,Female,Tablet,16.03,12,7,0,1,17.79,33.58,0,No,1,Low_Discount,3,Not Interested
2162,40,Male,Mobile,27.43,3,1,0,0,26.86,12.7,1,Yes,1,Right_Discount,7,Interested
2163,19,Female,Mobile,10.45,15,3,0,1,15.3,74.5,1,Yes,1,Right_Discount,9,Interested
2164,58,Female,Desktop,5.54,16,12,0,0,5.38,37.01,1,Yes,0,Others,3,Interested
2165,38,Female,Mobile,21.55,10,12,0,0,26.56,83.62,1,Yes,0,Others,0,Technical Error
2166,19,Male,Mobile,16.64,11,3,0,1,10.96,87.85,1,Yes,1,Right_Discount,3,Interested
2167,44,Female,Mobile,25.78,16,14,0,1,23.63,91.28,1,Yes,1,Right_Discount,4,Interested
2168,26,Male,Mobile,3.35,17,1,0,0,2.39,81.79,1,Yes,0,Others,9,Interested
2169,18,Male,Tablet,25.47,14,10,1,1,21.6,78.89,1,Yes,0,Others,7,Interested
2170,28,Male,Mobile,9.51,16,8,1,0,9.32,44.95,1,Yes,1,Right_Discount,9,Interested
2171,20,Male,Mobile,19.99,14,11,1,0,13.48,2.69,1,Yes,0,Others,5,Interested
0,40,Male,Desktop,2.16,6,13,0,0,2.81,11.21,1,Yes,1,Right_Discount,9,Interested
2173,43,Female,Tablet,18.68,10,3,0,1,16.36,53.09,1,Yes,1,Right_Discount,4,Interested
2174,21,Male,Mobile,21.8,17,3,1,0,30.45,36,1,Yes,1,Right_Discount,2,Interested
2175,35,Male,Mobile,11.69,10,14,1,0,13.73,82.91,1,Yes,0,Others,3,Interested
2176,23,Male,Tablet,7.25,10,14,0,1,4.91,56.31,1,Yes,0,Others,5,Interested
2177,52,Male,Mobile,16.59,14,3,0,1,18.95,9.88,1,Yes,1,Right_Discount,5,Interested
2178,39,Male,Desktop,25.16,17,4,1,0,13.16,47.85,1,Yes,1,Right_Discount,5,Interested
2179,32,Female,Desktop,0,9,9,1,0,13.57,82.2,1,Yes,1,Right_Discount,1,Interested
2180,39,Male,Desktop,8.32,15,11,1,0,12.27,86.31,1,Yes,1,Right_Discount,7,Interested
2181,54,Male,Mobile,9.09,7,11,1,1,10.71,16.61,1,Yes,0,Others,7,Interested
2182,59,Female,Mobile,28.52,2,7,1,0,40.68,10.03,1,Yes,1,Right_Discount,5,Interested
2183,29,Male,Desktop,11.42,4,3,1,1,9.08,38.7,1,Yes,0,Others,3,Interested
2184,59,Female,Mobile,1.1,18,2,1,1,1.02,6.55,1,Yes,1,Right_Discount,1,Interested
2185,55,Female,Mobile,23.67,11,10,1,1,21.89,72.64,1,Yes,1,Right_Discount,5,Interested
2186,35,Female,Mobile,21.28,5,0,0,0,13.02,44.75,1,Yes,0,Others,5,Interested
2187,0,Female,Mobile,4.73,8,1,1,1,6.13,19.82,1,Yes,0,Others,9,Interested
2188,47,Male,Tablet,29.56,5,3,0,0,29.41,10.25,1,Yes,0,Others,2,Interested
2189,41,Male,Mobile,18.63,2,8,0,1,18.45,92.74,1,Yes,0,Others,1,Interested
2190,59,Female,Tablet,0,5,14,0,0,18.13,4.31,1,Yes,0,Others,3,Interested
2191,47,Female,Mobile,12.08,3,13,1,0,8.11,9.79,1,Yes,0,Others,7,Interested
2192,31,Unknown,Mobile,27.06,12,0,0,0,35.45,23.42,1,Yes,1,Right_Discount,4,Interested
2193,23,Female,Mobile,8.07,19,5,1,0,6.99,9.47,1,Yes,0,Others,2,Interested
2194,20,Female,Desktop,9.29,7,5,1,1,5.38,64.43,1,Yes,1,Right_Discount,4,Interested
2195,33,Female,Desktop,4.55,19,9,1,0,3.14,21.82,1,Yes,0,Others,8,Interested
2196,24,Male,Mobile,23.01,4,2,1,1,17.32,47.99,1,Yes,0,Others,7,Interested
2197,31,Female,Tablet,18.27,14,9,1,1,12.39,86.02,1,Yes,0,Others,9,Interested
2198,26,Male,Mobile,18.66,19,8,1,1,13.85,82.48,1,Yes,1,Right_Discount,6,Interested
0,32,Male,Desktop,7.34,18,13,1,1,10.98,14.62,1,Yes,1,Right_Discount,3,Interested
2200,38,Male,Tablet,19.88,7,9,0,1,20.63,8.87,1,Yes,0,Others,1,Interested
2201,52,Female,Desktop,23.2,15,2,0,0,25.59,66.43,1,Yes,0,Others,8,Interested
2202,19,Female,Tablet,11.38,1,0,1,1,7.58,21.03,1,Yes,1,Right_Discount,2,Interested
2203,44,Male,Mobile,24.24,12,1,1,0,13.19,78.15,1,Yes,0,Others,5,Interested
2204,19,Male,Mobile,11.11,19,14,0,0,9,43.45,1,Yes,1,Right_Discount,6,Interested
2205,52,Male,Mobile,22.99,6,14,1,0,29.19,15.45,1,Yes,0,Others,2,Interested
2206,35,Female,Mobile,1.98,13,3,1,0,2.1,97.42,1,Yes,1,Right_Discount,2,Interested
2207,31,Female,Desktop,16.98,6,3,0,1,8.67,5.56,1,Yes,1,Right_Discount,2,Interested
2208,37,Unknown,Mobile,29.12,13,1,1,1,37.53,12.43,1,Yes,0,Others,2,Interested
2209,35,Male,Desktop,29.46,15,9,0,1,17.79,81.2,1,Yes,0,Others,2,Interested
2210,27,Female,Mobile,9.17,16,5,0,0,8.62,45.27,1,Yes,1,Right_Discount,6,Interested
2211,42,Male,Mobile,13.8,8,14,1,0,20.69,93.81,1,Yes,0,Others,4,Interested
2212,19,Female,Unknown,2.83,13,5,1,1,1.76,11.3,1,Yes,0,Others,3,Interested
2213,42,Unknown,Mobile,26.33,13,2,0,1,34.62,15.7,1,Yes,0,Others,5,Interested
2214,50,Male,Desktop,17.49,12,0,1,0,22.72,0.18,1,Yes,0,Others,7,Interested
2215,53,Male,Mobile,12.17,19,9,0,1,11.5,21.71,1,Yes,1,Right_Discount,1,Interested
2216,48,Female,Desktop,4.27,17,8,1,0,6.35,65.73,1,Yes,1,Right_Discount,2,Interested
2217,31,Female,Mobile,28.46,3,3,0,0,22.99,72.33,1,Yes,1,Right_Discount,1,Interested
2218,18,Female,Mobile,0,15,8,1,1,13.36,42.99,1,Yes,1,Right_Discount,6,Interested
2219,33,Female,Desktop,9.2,17,4,0,1,6,25.74,1,Yes,1,Right_Discount,1,Interested
2220,20,Female,Desktop,11.16,6,6,0,0,9.71,71.63,1,Yes,0,Others,4,Interested
2221,52,Male,Mobile,8.85,19,2,0,0,7.05,17.26,1,Yes,1,Right_Discount,9,Interested
2222,58,Female,Mobile,18.45,12,14,1,1,20.38,76.71,1,Yes,1,Right_Discount,8,Interested
2223,23,Female,Mobile,27.97,4,2,0,1,15.12,78.66,1,Yes,0,Others,7,Interested
2224,42,Female,Mobile,25.84,12,7,1,1,20.94,44.11,1,Yes,1,Right_Discount,7,Interested
2225,30,Male,Desktop,14.35,2,0,1,1,7.24,19.36,1,Yes,0,Others,2,Interested
2226,51,Male,Desktop,24.97,7,7,0,0,0,62.99,1,Yes,1,Right_Discount,0,Technical Error
2227,25,Female,Mobile,13.27,16,7,0,0,17.52,85.35,1,Yes,0,Others,1,Interested
2228,38,Female,Mobile,8.32,12,2,1,0,10.4,52.95,1,Yes,1,Right_Discount,6,Interested
2229,51,Male,Desktop,29.52,16,0,0,0,36.73,46.11,1,Yes,1,Right_Discount,3,Interested
2230,21,Male,Mobile,9.81,14,8,0,0,8.37,97.92,1,Yes,1,Right_Discount,9,Interested
2231,42,Male,Desktop,10.39,1,3,1,1,12.46,53.74,1,Yes,0,Others,4,Interested
2232,32,Male,Mobile,29.7,9,6,0,0,22.47,3.42,1,Yes,0,Others,0,Technical Error
2233,21,Female,Desktop,0,7,8,1,0,3.95,50.2,1,Yes,1,Right_Discount,1,Interested
2234,29,Male,Mobile,23.06,5,2,0,1,24.5,44.53,1,Yes,1,Right_Discount,8,Interested
2235,49,Female,Desktop,28.14,10,4,0,0,33.76,29.21,1,Yes,0,Others,5,Interested
2236,49,Female,Mobile,15.84,10,9,1,1,12.13,31.74,1,Yes,0,Others,6,Interested
2237,45,Male,Mobile,1.07,18,10,0,1,1.26,93.08,1,Yes,0,Others,4,Interested
2238,30,Male,Desktop,11.88,7,12,1,0,17.37,13.36,1,Yes,0,Others,8,Interested
2239,48,Male,Mobile,4.24,18,2,0,0,4.21,76.4,1,Yes,0,Others,9,Interested
2240,31,Male,Mobile,13.07,13,4,0,0,11.86,90.24,1,Yes,0,Others,4,Interested
2241,37,Female,Mobile,23.91,11,10,1,0,17.51,25.95,1,Yes,0,Others,5,Interested
2242,35,Female,Mobile,13.72,10,1,1,1,11.75,6.68,1,Yes,0,Others,9,Interested
2243,46,Female,Tablet,13.53,9,3,0,1,13.92,30.71,1,Yes,0,Others,8,Interested
2244,23,Male,Desktop,17.15,15,0,1,1,24.77,43.29,1,Yes,0,Others,4,Interested
0,49,Female,Mobile,17.87,14,0,1,0,13.59,95.14,0,No,0,Others,3,Not Interested
2246,46,Male,Desktop,25.83,3,2,0,1,18.89,43.01,1,Yes,1,Right_Discount,4,Interested
2247,19,Female,Mobile,9.94,14,14,1,0,14.52,9.21,1,Yes,0,Others,4,Interested
2248,40,Male,Tablet,24.83,16,4,1,1,27.46,14.69,1,Yes,0,Others,4,Interested
2249,36,Female,Mobile,17.41,3,8,1,1,21.51,35.27,1,Yes,0,Others,0,Technical Error
2250,48,Female,Mobile,9.72,8,2,1,0,12.92,18.42,1,Yes,0,Others,4,Interested
2251,22,Male,Mobile,9.56,2,9,1,1,5.56,6.06,1,Yes,1,Right_Discount,4,Interested
2252,36,Female,Mobile,11.47,2,5,1,0,11.3,17.53,0,No,1,Low_Discount,0,Not Interested
2253,51,Female,Mobile,19.06,18,3,1,1,12.2,10.55,1,Yes,1,Right_Discount,3,Interested
2254,27,Male,Mobile,7.69,7,3,0,1,8.65,20.27,1,Yes,0,Others,7,Interested
2255,42,Unknown,Desktop,27.69,17,10,1,0,40.25,99.65,1,Yes,1,Right_Discount,3,Interested
2256,19,Male,Mobile,17.67,6,12,0,1,9.83,44.54,0,No,1,Low_Discount,6,Not Interested
2257,28,Male,Tablet,27.68,10,14,0,1,21.43,65.86,1,Yes,1,Right_Discount,5,Interested
2258,48,Male,Mobile,2.35,7,14,0,1,3.52,16.53,1,Yes,0,Others,4,Interested
2259,32,Female,Desktop,10.94,4,9,0,0,5.53,84.93,1,Yes,0,Others,8,Interested
2260,26,Male,Tablet,1.66,11,9,1,0,1.06,26.69,1,Yes,1,Right_Discount,7,Interested
2261,40,Female,Desktop,8.9,16,12,1,0,5.17,98.25,1,Yes,1,Right_Discount,4,Interested
2262,36,Female,Desktop,26,17,4,0,0,32.87,83.67,1,Yes,0,Others,9,Interested
2263,26,Male,Desktop,2.06,6,14,1,1,2.58,95.09,1,Yes,0,Others,6,Interested
2264,52,Female,Mobile,13.65,19,10,0,1,17.44,66.83,1,Yes,1,Right_Discount,8,Interested
2265,38,Female,Desktop,4.41,18,6,0,0,5.62,65.81,1,Yes,0,Others,6,Interested
2266,26,Male,Mobile,13.09,15,10,0,0,17.48,84.11,1,Yes,1,Right_Discount,2,Interested
0,45,Female,Mobile,0,2,13,0,1,32.24,71.54,1,Yes,0,Others,9,Interested
2268,24,Male,Mobile,19.07,19,3,0,0,18.76,0,1,Yes,1,Right_Discount,4,Interested
0,33,Male,Desktop,22.37,6,7,1,0,27.86,35.83,1,Yes,1,Right_Discount,8,Interested
2270,33,Male,Mobile,0,12,11,1,0,12.21,22.29,1,Yes,1,Right_Discount,8,Interested
2271,50,Female,Mobile,28.39,1,12,1,0,24.6,78.22,1,Yes,1,Right_Discount,7,Interested
2272,21,Unknown,Mobile,21.57,11,8,1,1,28.83,38.6,1,Yes,1,Right_Discount,5,Interested
2273,21,Female,Tablet,13.23,19,8,1,1,17.04,6.12,1,Yes,1,Right_Discount,6,Interested
2274,56,Female,Mobile,13.37,4,8,0,0,9,47.96,0,No,0,Others,6,Not Interested
2275,57,Male,Mobile,27.64,19,1,1,0,14.5,65.75,1,Yes,0,Others,0,Technical Error
2276,34,Female,Mobile,17.72,6,2,0,1,14.46,2.3,1,Yes,1,Right_Discount,7,Interested
2277,0,Male,Tablet,21.48,8,4,1,1,19.41,70.51,1,Yes,0,Others,5,Interested
2278,56,Female,Tablet,13.09,9,11,0,0,8.83,22.47,1,Yes,0,Others,6,Interested
2279,46,Female,Desktop,7.49,10,0,0,1,10.15,22.24,1,Yes,0,Others,9,Interested
2280,53,Unknown,Desktop,21.98,10,3,0,1,11.73,56.29,1,Yes,1,Right_Discount,9,Interested
2281,55,Female,Unknown,18.63,10,10,0,1,18.32,33.73,1,Yes,1,Right_Discount,1,Interested
2282,56,Female,Tablet,15.54,4,13,0,1,8.63,45.06,1,Yes,0,Others,6,Interested
2283,54,Male,Mobile,19.1,18,13,0,1,19.8,51.3,1,Yes,0,Others,7,Interested
2284,52,Female,Mobile,7.04,12,4,1,1,6.78,92.1,1,Yes,1,Right_Discount,4,Interested
2285,24,Female,Mobile,24.02,11,8,1,0,30.75,20.49,1,Yes,1,Right_Discount,0,Technical Error
2286,44,Female,Mobile,28.5,16,7,0,1,33.91,46.43,1,Yes,0,Others,5,Interested
2287,45,Female,Desktop,26.84,19,0,0,1,36.07,78.6,1,Yes,0,Others,2,Interested
2288,39,Male,Mobile,10.32,11,13,1,0,10.78,20.52,1,Yes,0,Others,4,Interested
2289,31,Female,Tablet,12.77,0,12,0,0,16.89,8.24,1,Yes,0,Others,8,Interested
2290,24,Male,Mobile,24.44,12,11,1,0,29.8,1.78,1,Yes,0,Others,6,Interested
2291,54,Female,Mobile,18.26,17,2,0,0,23.36,10.37,1,Yes,0,Others,7,Interested
2292,39,Male,Mobile,16.89,13,13,1,0,18.59,27.46,1,Yes,0,Others,5,Interested
2293,22,Male,Desktop,27.87,4,13,0,0,33.99,40.93,1,Yes,0,Others,8,Interested
2294,19,Male,Desktop,16.54,6,2,1,0,14.91,59.38,1,Yes,0,Others,2,Interested
2295,44,Male,Mobile,15.93,7,10,1,0,9.32,20.01,1,Yes,1,Right_Discount,0,Technical Error
2296,38,Male,Mobile,2.22,8,5,1,0,2.03,26.97,1,Yes,1,Right_Discount,9,Interested
2297,55,Female,Mobile,3.01,2,3,0,1,2.03,69.91,1,Yes,1,Right_Discount,3,Interested
2298,32,Male,Desktop,1.22,9,3,1,0,1.38,90.9,1,Yes,0,Others,7,Interested
2299,38,Female,Tablet,27.48,10,0,1,0,20.97,13.55,1,Yes,0,Others,5,Interested
2300,27,Male,Mobile,12.84,19,11,0,1,18.72,47.25,1,Yes,1,Right_Discount,0,Technical Error
2301,40,Male,Desktop,14.59,1,9,0,1,11.25,29.54,1,Yes,0,Others,8,Interested
2302,56,Female,Mobile,25.52,16,12,0,0,15.26,52.8,1,Yes,0,Others,1,Interested
2303,22,Male,Mobile,18.67,18,0,1,0,25.78,11.91,1,Yes,1,Right_Discount,6,Interested
2304,18,Male,Tablet,18.68,8,10,0,1,17.08,27.1,1,Yes,1,Right_Discount,3,Interested
2305,30,Male,Mobile,9.6,10,3,0,0,8.22,70.89,1,Yes,1,Right_Discount,6,Interested
2306,38,Male,Mobile,0,11,0,1,0,34.88,81.93,1,Yes,0,Others,7,Interested
2307,43,Female,Mobile,5.81,17,14,1,0,6.7,62.16,1,Yes,1,Right_Discount,1,Interested
2308,38,Male,Mobile,2.54,7,4,1,0,0,94.45,1,Yes,1,Right_Discount,6,Interested
2309,35,Male,Desktop,6.56,3,12,1,0,5.43,65.29,1,Yes,0,Others,7,Interested
2310,54,Female,Desktop,8.76,7,2,0,0,6.94,74.66,1,Yes,0,Others,0,Technical Error
2311,49,Female,Tablet,9.19,6,12,0,0,9.92,35.74,1,Yes,0,Others,9,Interested
2312,53,Male,Mobile,20.44,3,9,0,0,20.47,16.99,1,Yes,0,Others,4,Interested
2313,34,Male,Mobile,7.32,8,4,0,1,5.68,65.79,1,Yes,0,Others,8,Interested
2314,52,Female,Mobile,20.62,1,13,0,1,14.11,91.91,1,Yes,0,Others,1,Interested
2315,28,Male,Mobile,3.64,5,2,0,0,4.8,98.19,1,Yes,0,Others,5,Interested
2316,38,Female,Tablet,5.27,19,4,0,0,6.26,45,1,Yes,1,Right_Discount,1,Interested
2317,43,Male,Desktop,15.76,13,3,1,0,23.53,53.97,1,Yes,1,Right_Discount,2,Interested
2318,21,Female,Mobile,27.73,11,0,1,0,28.17,31.12,1,Yes,0,Others,5,Interested
2319,51,Female,Desktop,25.93,11,13,1,0,38.75,67.25,1,Yes,0,Others,4,Interested
2320,35,Female,Unknown,29.09,2,5,1,0,27.95,76.52,1,Yes,1,Right_Discount,3,Interested
2321,57,Male,Mobile,19.86,9,11,1,1,20.55,4.12,1,Yes,1,Right_Discount,6,Interested
2322,52,Male,Desktop,20.6,2,14,0,1,14.61,84.66,1,Yes,0,Others,2,Interested
2323,58,Male,Mobile,19.13,19,13,0,1,12.43,51.38,1,Yes,1,Right_Discount,9,Interested
2324,46,Unknown,Mobile,19.06,12,9,0,0,27.45,57.97,1,Yes,0,Others,6,Interested
2325,46,Female,Mobile,5.27,9,1,1,0,7.81,20.62,1,Yes,0,Others,8,Interested
2326,55,Female,Mobile,16.77,9,0,0,0,17.57,1.03,1,Yes,1,Right_Discount,1,Interested
2327,59,Female,Mobile,12.2,10,0,1,1,9.42,95.22,1,Yes,0,Others,4,Interested
2328,38,Male,Mobile,13.83,5,0,1,1,20.07,92.84,0,No,0,Others,0,Not Interested
2329,59,Male,Mobile,16.18,0,8,0,1,20.98,77.43,1,Yes,1,Right_Discount,6,Interested
2330,30,Male,Desktop,4.72,18,4,1,0,3.21,47.36,1,Yes,1,Right_Discount,1,Interested
2331,58,Female,Tablet,11.43,10,13,1,1,9.13,31.76,1,Yes,1,Right_Discount,4,Interested
2332,34,Male,Desktop,2.84,0,3,0,1,1.43,15.61,1,Yes,0,Others,0,Technical Error
2333,26,Male,Mobile,29.41,10,9,0,1,31.82,8.09,1,Yes,1,Right_Discount,0,Technical Error
2334,58,Female,Mobile,4.44,14,4,0,1,0,45.73,1,Yes,0,Others,3,Interested
2335,18,Female,Mobile,8.5,4,8,0,0,5.64,79.22,1,Yes,0,Others,6,Interested
2336,19,Male,Mobile,26.85,10,2,1,0,22.54,72.59,1,Yes,0,Others,6,Interested
2337,46,Female,Mobile,15,18,2,0,0,21.59,75.59,1,Yes,0,Others,7,Interested
2338,50,Male,Desktop,4.93,5,11,0,1,5.66,11.87,1,Yes,1,Right_Discount,8,Interested
2339,27,Female,Desktop,12.14,9,1,0,0,16.55,86.27,1,Yes,0,Others,3,Interested
2340,57,Female,Desktop,4.36,6,7,0,1,5.84,80.4,1,Yes,1,Right_Discount,1,Interested
2341,38,Female,Mobile,6.81,16,6,1,0,9.67,9.41,1,Yes,1,Right_Discount,9,Interested
2342,45,Male,Mobile,2.51,16,1,1,0,1.36,35.65,1,Yes,1,Right_Discount,9,Interested
2343,28,Male,Desktop,13.71,11,3,1,0,10.45,37.52,0,No,1,Low_Discount,2,Not Interested
2344,51,Male,Mobile,24.39,15,6,0,0,22.33,73.51,1,Yes,1,Right_Discount,8,Interested
2345,25,Female,Mobile,17.99,19,0,0,1,20.51,86.05,1,Yes,1,Right_Discount,7,Interested
2346,39,Female,Mobile,18.58,3,0,1,1,20.59,37.57,1,Yes,1,Right_Discount,5,Interested
2347,25,Female,Mobile,6.82,16,7,1,0,5.09,13.08,1,Yes,0,Others,2,Interested
2348,32,Female,Mobile,10.97,5,5,0,1,7.6,8.26,1,Yes,1,Right_Discount,9,Interested
2349,34,Male,Desktop,25.51,9,1,1,0,23.91,63.88,1,Yes,0,Others,7,Interested
2350,40,Male,Desktop,3.55,5,9,0,0,2.66,49.8,1,Yes,1,Right_Discount,1,Interested
2351,41,Male,Mobile,25.88,4,9,0,0,37.92,90.2,1,Yes,0,Others,3,Interested
2352,36,Female,Mobile,15.03,13,14,1,0,22.03,95.35,1,Yes,0,Others,3,Interested
2353,22,Female,Desktop,25.28,17,0,1,0,15.51,89.81,1,Yes,0,Others,8,Interested
2354,49,Male,Mobile,10.22,12,2,0,0,12.32,7.56,1,Yes,1,Right_Discount,7,Interested
2355,18,Female,Mobile,10.83,7,11,0,1,7.89,28.43,1,Yes,1,Right_Discount,6,Interested
2356,40,Male,Mobile,22.8,1,3,1,0,27.76,0,1,Yes,0,Others,3,Interested
2357,54,Female,Mobile,23.76,16,12,1,1,30.11,6.87,1,Yes,1,Right_Discount,6,Interested
2358,25,Female,Desktop,7.66,7,4,1,0,4.2,91.83,1,Yes,0,Others,0,Technical Error
2359,30,Male,Desktop,29.21,2,10,0,0,34.92,89.48,1,Yes,1,Right_Discount,7,Interested
2360,25,Male,Mobile,3.45,12,9,1,0,4.82,39.08,1,Yes,1,Right_Discount,7,Interested
2361,40,Female,Mobile,2.99,11,2,1,0,2.14,95.87,1,Yes,0,Others,8,Interested
2362,18,Male,Mobile,18.27,8,14,1,1,11.25,56.33,1,Yes,1,Right_Discount,8,Interested
2363,41,Male,Mobile,21.96,1,14,0,0,23.43,43.4,1,Yes,1,Right_Discount,0,Technical Error
2364,52,Female,Tablet,28.87,3,12,0,1,29.37,54.97,1,Yes,0,Others,9,Interested
2365,41,Female,Desktop,12.74,8,13,0,0,17.65,42.21,1,Yes,0,Others,6,Interested
2366,34,Female,Mobile,1.73,8,4,0,0,1.65,29.19,1,Yes,1,Right_Discount,0,Technical Error
2367,22,Male,Desktop,18.48,11,11,0,1,16.88,18.11,1,Yes,1,Right_Discount,5,Interested
2368,37,Female,Desktop,9.4,0,6,1,1,11.41,46.06,1,Yes,0,Others,4,Interested
2369,38,Female,Desktop,13.56,8,10,0,1,7.83,53.08,1,Yes,0,Others,1,Interested
2370,57,Female,Mobile,15.17,9,8,1,1,8.45,82.16,1,Yes,0,Others,2,Interested
2371,48,Female,Mobile,2.87,17,4,0,0,2.88,47.34,1,Yes,0,Others,7,Interested
2372,53,Female,Desktop,15.09,5,3,0,1,8.89,82.94,1,Yes,1,Right_Discount,1,Interested
2373,28,Male,Mobile,13.36,19,9,0,1,19.23,95.47,1,Yes,0,Others,3,Interested
2374,32,Female,Tablet,21.66,19,0,1,1,25,72.15,1,Yes,0,Others,2,Interested
2375,36,Female,Desktop,19.72,2,12,0,0,24.72,11.97,1,Yes,0,Others,6,Interested
2376,24,Male,Tablet,6.37,19,8,1,1,4.64,46.13,1,Yes,1,Right_Discount,7,Interested
2377,45,Female,Mobile,6.98,15,7,1,0,6.94,85.67,1,Yes,0,Others,3,Interested
2378,22,Unknown,Desktop,8.28,8,4,0,1,5.25,49.16,1,Yes,1,Right_Discount,5,Interested
2379,22,Male,Mobile,6.19,8,8,1,0,4.35,81.07,1,Yes,0,Others,2,Interested
2380,47,Female,Tablet,20.06,1,10,1,1,0,77.59,1,Yes,1,Right_Discount,6,Interested
2381,49,Male,Mobile,29.84,14,13,0,1,23.27,15.98,1,Yes,0,Others,7,Interested
2382,25,Female,Mobile,19.91,11,8,1,0,28.22,32.95,1,Yes,1,Right_Discount,6,Interested
2383,27,Male,Desktop,18.59,7,0,0,0,27.8,76.39,1,Yes,1,Right_Discount,3,Interested
2384,55,Male,Mobile,12.89,18,11,0,0,6.5,15.92,1,Yes,0,Others,9,Interested
2385,49,Female,Mobile,10.06,15,5,1,0,12.67,42.28,1,Yes,0,Others,8,Interested
2386,45,Male,Tablet,27.42,10,10,1,1,16.87,0,1,Yes,1,Right_Discount,9,Interested
2387,34,Male,Mobile,29.1,4,4,1,1,31.27,23.57,1,Yes,0,Others,7,Interested
2388,48,Female,Desktop,15.41,1,5,0,1,11.23,28.56,1,Yes,0,Others,5,Interested
2389,25,Female,Mobile,9.42,14,9,0,1,13.8,53.03,1,Yes,0,Others,1,Interested
2390,57,Male,Desktop,23.33,9,2,0,1,32.1,91.19,1,Yes,0,Others,9,Interested
2391,42,Female,Desktop,4.84,13,13,1,1,5.3,38.56,1,Yes,0,Others,6,Interested
2392,26,Male,Mobile,23.2,17,2,0,1,15.68,85,1,Yes,0,Others,8,Interested
2393,19,Male,Mobile,24.75,4,9,1,0,31.75,69.52,1,Yes,0,Others,8,Interested
2394,32,Female,Mobile,4.62,5,4,0,0,4.71,78.05,1,Yes,1,Right_Discount,8,Interested
2395,20,Unknown,Mobile,29.33,18,6,1,1,32.6,76.22,1,Yes,1,Right_Discount,8,Interested
2396,53,Male,Mobile,29.58,17,3,1,1,36.03,30.21,1,Yes,1,Right_Discount,5,Interested
2397,21,Female,Desktop,0,7,5,1,0,25.8,23.63,1,Yes,1,Right_Discount,0,Technical Error
2398,31,Female,Mobile,15.39,10,4,1,1,7.81,97.76,1,Yes,0,Others,5,Interested
2399,58,Male,Mobile,8.14,9,1,0,0,7.03,73.78,1,Yes,1,Right_Discount,4,Interested
2400,58,Male,Desktop,17.88,13,12,0,1,16.34,36.58,1,Yes,0,Others,6,Interested
2401,42,Male,Mobile,13.18,0,10,1,0,11.43,55.44,1,Yes,0,Others,7,Interested
2402,27,Male,Mobile,6.97,0,11,1,0,9.28,77.59,1,Yes,1,Right_Discount,0,Technical Error
2403,38,Male,Mobile,13.29,8,0,0,0,11.06,5.58,1,Yes,0,Others,9,Interested
2404,53,Male,Mobile,20.25,18,5,1,0,18.56,9.9,1,Yes,1,Right_Discount,0,Technical Error
2405,29,Female,Desktop,3.06,5,4,0,0,1.72,2.51,1,Yes,0,Others,3,Interested
2406,44,Male,Desktop,10.67,7,8,1,0,12.98,16.41,1,Yes,0,Others,0,Technical Error
2407,57,Female,Mobile,1.52,15,11,1,0,1.09,11.94,1,Yes,1,Right_Discount,3,Interested
2408,19,Female,Mobile,22.74,3,6,0,0,16.71,46.31,1,Yes,0,Others,6,Interested
2409,30,Male,Mobile,19.58,18,0,0,1,21.28,28.72,1,Yes,0,Others,5,Interested
2410,49,Female,Mobile,2.82,6,12,0,0,4.18,4.56,1,Yes,1,Right_Discount,0,Technical Error
2411,48,Male,Tablet,28.98,6,9,0,0,26.38,44.94,1,Yes,1,Right_Discount,1,Interested
2412,33,Female,Mobile,1.66,1,5,1,1,0,57.86,1,Yes,0,Others,6,Interested
2413,49,Male,Mobile,18.11,17,10,1,1,9.71,37.02,1,Yes,1,Right_Discount,7,Interested
2414,49,Male,Mobile,23.51,11,6,0,1,30.27,26.03,1,Yes,0,Others,8,Interested
2415,51,Male,Desktop,23.85,2,2,0,1,18.16,39.05,1,Yes,1,Right_Discount,8,Interested
2416,28,Male,Desktop,1.99,9,13,1,1,2.52,51.99,1,Yes,1,Right_Discount,3,Interested
2417,27,Female,Desktop,27.29,19,8,1,1,21.35,43.6,1,Yes,0,Others,2,Interested
2418,32,Female,Desktop,27.64,6,10,1,0,14.65,9.33,1,Yes,1,Right_Discount,4,Interested
2419,34,Female,Mobile,17.28,7,13,0,1,17.25,45.68,1,Yes,0,Others,5,Interested
2420,57,Female,Mobile,14.98,4,13,0,1,21.06,72.03,1,Yes,1,Right_Discount,7,Interested
2421,35,Unknown,Mobile,2.3,3,10,1,1,1.63,82,1,Yes,0,Others,2,Interested
2422,26,Male,Desktop,17.3,2,0,0,1,11.31,43.95,1,Yes,0,Others,5,Interested
2423,42,Male,Desktop,12.87,10,0,1,1,8.81,99.38,1,Yes,1,Right_Discount,4,Interested
2424,57,Male,Mobile,23.41,10,9,1,0,27.86,84.29,1,Yes,1,Right_Discount,6,Interested
0,31,Male,Desktop,12.71,17,9,0,1,11.02,21.54,1,Yes,0,Others,8,Interested
2426,42,Male,Desktop,20.82,16,11,1,0,15.74,45.68,1,Yes,1,Right_Discount,6,Interested
2427,39,Female,Desktop,3.94,1,8,0,0,3.3,29.55,1,Yes,0,Others,0,Technical Error
2428,47,Male,Mobile,4.86,12,6,1,0,3.93,55.02,1,Yes,0,Others,8,Interested
2429,37,Male,Desktop,5.05,10,9,1,0,5.27,22.41,1,Yes,0,Others,9,Interested
2430,38,Female,Mobile,2.32,1,12,0,1,1.47,3.52,1,Yes,1,Right_Discount,3,Interested
2431,49,Female,Desktop,16.7,16,10,1,0,16.85,90.44,1,Yes,1,Right_Discount,0,Technical Error
2432,38,Male,Tablet,24.03,11,0,1,1,19.51,51.98,1,Yes,0,Others,7,Interested
2433,52,Male,Mobile,18.7,4,3,1,0,26.79,91.5,1,Yes,1,Right_Discount,5,Interested
2434,49,Female,Desktop,17.67,3,9,1,1,16.29,11.82,1,Yes,1,Right_Discount,5,Interested
2435,47,Male,Desktop,0,13,12,1,1,12.44,15.15,1,Yes,1,Right_Discount,4,Interested
2436,56,Male,Mobile,10.85,15,2,1,1,15.55,22.65,1,Yes,0,Others,9,Interested
2437,29,Male,Mobile,11.5,10,10,1,0,16.53,45.71,1,Yes,0,Others,2,Interested
2438,58,Female,Mobile,10.11,6,6,0,1,6.83,88,1,Yes,1,Right_Discount,5,Interested
2439,35,Male,Tablet,21.65,11,4,1,0,28.5,65.04,1,Yes,0,Others,0,Technical Error
2440,0,Male,Desktop,5.69,1,8,0,0,7.75,5.5,0,No,0,Others,6,Not Interested
2441,30,Female,Mobile,1.38,4,10,1,1,1.18,40.72,1,Yes,0,Others,5,Interested
2442,38,Female,Mobile,18.29,10,2,0,0,12.06,72.33,1,Yes,1,Right_Discount,4,Interested
2443,25,Female,Mobile,28.33,15,10,1,1,36.79,32.24,1,Yes,0,Others,2,Interested
2444,57,Male,Mobile,18.67,1,5,0,1,9.86,49.26,1,Yes,0,Others,7,Interested
2445,24,Unknown,Mobile,23.7,15,9,1,1,26.53,71.14,1,Yes,1,Right_Discount,3,Interested
2446,40,Male,Mobile,20.51,3,1,0,0,17.27,96.5,1,Yes,1,Right_Discount,8,Interested
2447,49,Female,Mobile,15.43,1,2,1,1,16.91,33.32,1,Yes,0,Others,8,Interested
2448,28,Male,Mobile,21.83,6,3,1,1,28.14,74.44,1,Yes,1,Right_Discount,4,Interested
2449,39,Female,Desktop,24.9,19,5,1,0,33.09,74.74,1,Yes,0,Others,6,Interested
2450,39,Male,Tablet,7.52,4,10,1,0,11.27,54.27,1,Yes,1,Right_Discount,5,Interested
2451,42,Male,Desktop,10.75,12,0,1,0,12.26,81.34,1,Yes,0,Others,5,Interested
2452,39,Female,Desktop,7.49,2,14,1,0,5.42,53.61,1,Yes,1,Right_Discount,3,Interested
2453,45,Female,Mobile,14.11,17,14,1,1,10.95,62.5,1,Yes,0,Others,9,Interested
2454,46,Male,Mobile,26.67,6,5,0,0,24.97,83.72,1,Yes,0,Others,7,Interested
2455,0,Female,Mobile,11.01,12,3,0,0,14.85,47.63,1,Yes,0,Others,9,Interested
2456,35,Male,Desktop,11.86,15,7,1,0,10.28,47.8,1,Yes,0,Others,2,Interested
2457,0,Female,Tablet,25.95,0,8,0,0,30.84,59.1,1,Yes,1,Right_Discount,4,Interested
2458,46,Female,Desktop,15.95,1,7,0,1,8.69,80.42,1,Yes,0,Others,0,Technical Error
2459,38,Male,Desktop,16.53,14,7,0,0,15.37,12.72,1,Yes,0,Others,0,Technical Error
2460,32,Female,Desktop,25.96,2,12,0,0,17.32,77.12,1,Yes,1,Right_Discount,8,Interested
2461,44,Female,Mobile,15.23,4,12,1,1,21.91,0,1,Yes,1,Right_Discount,3,Interested
2462,48,Male,Mobile,20.77,0,1,1,0,26.82,7.1,1,Yes,0,Others,8,Interested
2463,32,Male,Unknown,3.48,14,13,1,0,2.22,79.22,1,Yes,1,Right_Discount,0,Technical Error
2464,40,Female,Mobile,6.18,18,9,0,0,5.57,14.51,1,Yes,0,Others,9,Interested
2465,41,Male,Desktop,12.73,8,1,1,1,7.39,21.33,1,Yes,1,Right_Discount,7,Interested
2466,30,Female,Mobile,15.35,1,5,0,1,19.13,70.62,1,Yes,0,Others,8,Interested
2467,39,Female,Mobile,29.01,16,14,1,0,20.06,56.45,1,Yes,0,Others,0,Technical Error
2468,54,Male,Mobile,29.15,7,4,1,1,38.02,92.05,1,Yes,0,Others,6,Interested
2469,50,Male,Mobile,25.68,6,5,0,1,14.74,95.43,1,Yes,0,Others,7,Interested
2470,20,Male,Mobile,10.15,19,8,1,1,10.89,31.4,1,Yes,0,Others,1,Interested
2471,36,Male,Mobile,28.96,10,11,1,1,32.09,32.42,1,Yes,0,Others,9,Interested
2472,40,Male,Mobile,20.99,6,0,1,1,17.51,20.97,1,Yes,1,Right_Discount,8,Interested
2473,46,Male,Desktop,12.4,10,6,0,0,8.24,51.76,1,Yes,1,Right_Discount,0,Technical Error
2474,47,Female,Mobile,21.35,19,4,1,0,17.59,37.8,1,Yes,1,Right_Discount,2,Interested
2475,56,Unknown,Desktop,1.48,3,9,0,0,1.47,1.47,1,Yes,1,Right_Discount,8,Interested
2476,42,Male,Desktop,5.24,3,6,1,0,7.7,39.5,1,Yes,0,Others,0,Technical Error
2477,54,Female,Desktop,25.06,6,7,0,1,23.73,6.17,1,Yes,1,Right_Discount,3,Interested
0,25,Female,Desktop,19.72,17,10,0,0,13.59,79.9,1,Yes,1,Right_Discount,9,Interested
2479,59,Female,Mobile,11.56,18,11,1,0,6.08,92.89,1,Yes,1,Right_Discount,5,Interested
2480,33,Female,Mobile,15.52,10,0,0,0,7.89,29.58,1,Yes,1,Right_Discount,5,Interested
2481,25,Male,Mobile,27.25,6,9,1,0,24.98,65.07,1,Yes,0,Others,3,Interested
2482,18,Female,Mobile,19.32,13,10,1,1,15.38,8.85,1,Yes,0,Others,9,Interested
2483,22,Female,Tablet,12.55,6,10,1,1,7.72,36.35,1,Yes,1,Right_Discount,9,Interested
2484,0,Male,Unknown,4.49,12,6,0,0,3.02,57.59,1,Yes,1,Right_Discount,9,Interested
2485,18,Male,Mobile,9.52,14,3,0,0,8.09,10.42,1,Yes,1,Right_Discount,9,Interested
2486,21,Male,Mobile,29.37,17,4,0,1,34.85,37.71,1,Yes,1,Right_Discount,0,Technical Error
2487,57,Male,Mobile,13.68,8,12,1,0,15.18,95.52,1,Yes,0,Others,4,Interested
2488,52,Female,Desktop,14.68,5,1,1,0,8.51,16.61,1,Yes,1,Right_Discount,4,Interested
2489,0,Male,Desktop,15.46,4,9,1,0,9.94,62.02,1,Yes,0,Others,2,Interested
2490,59,Female,Desktop,26.64,6,4,1,0,37.52,83.33,1,Yes,1,Right_Discount,2,Interested
2491,51,Female,Tablet,18.51,11,8,0,0,10.57,77.12,1,Yes,0,Others,3,Interested
2492,42,Male,Mobile,21.12,5,0,0,0,14.76,77.14,1,Yes,1,Right_Discount,2,Interested
2493,27,Male,Mobile,12.29,14,2,0,1,10.05,5.91,1,Yes,0,Others,2,Interested
2494,0,Male,Mobile,1.84,10,3,0,1,1.34,97.36,1,Yes,0,Others,2,Interested
2495,56,Male,Mobile,28,11,8,0,1,22.14,72.71,1,Yes,0,Others,6,Interested
2496,44,Male,Tablet,28.52,3,1,0,0,35.02,95.43,1,Yes,1,Right_Discount,8,Interested
2497,44,Male,Mobile,28.53,8,6,0,1,16.98,97.93,1,Yes,1,Right_Discount,0,Technical Error
2498,19,Female,Unknown,28.37,5,8,0,0,24.18,35.7,1,Yes,0,Others,7,Interested
2499,58,Female,Mobile,24.64,10,11,1,1,27.39,54.34,1,Yes,0,Others,9,Interested
2500,30,Female,Mobile,20.85,8,9,1,1,11.44,72.95,1,Yes,1,Right_Discount,0,Technical Error
2501,26,Female,Mobile,25.49,9,3,0,1,13.87,84.91,1,Yes,1,Right_Discount,8,Interested
2502,53,Male,Mobile,18.42,15,4,0,1,18.39,97.09,1,Yes,0,Others,7,Interested
2503,39,Male,Desktop,4.9,1,11,0,0,6.86,97.45,1,Yes,1,Right_Discount,5,Interested
2504,59,Female,Mobile,12.35,5,11,1,0,11.67,0,1,Yes,0,Others,5,Interested
2505,43,Female,Desktop,29.17,15,11,0,1,26.45,68.05,1,Yes,1,Right_Discount,9,Interested
2506,29,Female,Desktop,11.18,4,9,0,0,5.7,14.69,1,Yes,1,Right_Discount,6,Interested
2507,34,Male,Mobile,26.17,19,3,0,0,32.26,81.05,1,Yes,0,Others,7,Interested
2508,31,Unknown,Desktop,3.7,10,11,0,1,2.46,15.95,1,Yes,1,Right_Discount,6,Interested
2509,31,Male,Mobile,10.69,2,6,0,0,12.81,89.07,1,Yes,1,Right_Discount,0,Technical Error
2510,51,Female,Desktop,11.18,5,7,0,0,9.49,97.91,1,Yes,1,Right_Discount,9,Interested
2511,0,Female,Desktop,2.5,18,7,1,1,1.36,8.63,1,Yes,0,Others,3,Interested
2512,28,Male,Tablet,4.45,6,14,1,0,3.68,51.24,1,Yes,0,Others,3,Interested
2513,33,Male,Mobile,6.6,10,13,1,1,7.65,26.47,1,Yes,1,Right_Discount,8,Interested
2514,48,Female,Mobile,25.3,15,13,1,1,32.09,47,1,Yes,0,Others,8,Interested
2515,23,Female,Mobile,2.84,9,14,1,1,3.22,29.38,1,Yes,1,Right_Discount,2,Interested
0,36,Male,Mobile,9.66,13,2,1,1,11.7,6.56,1,Yes,0,Others,8,Interested
2517,54,Female,Desktop,1.3,18,1,0,1,0.96,39.41,1,Yes,0,Others,0,Technical Error
2518,21,Male,Tablet,21.17,7,5,1,0,31.02,20.46,1,Yes,1,Right_Discount,5,Interested
2519,21,Male,Mobile,18.99,2,11,0,1,13.8,54.93,1,Yes,1,Right_Discount,6,Interested
2520,37,Female,Mobile,19.7,16,0,1,1,13.2,68.06,1,Yes,1,Right_Discount,2,Interested
2521,27,Female,Mobile,11.86,2,11,0,0,8.89,40.53,1,Yes,0,Others,3,Interested
2522,41,Female,Mobile,7.04,4,8,1,0,10.36,20.36,1,Yes,1,Right_Discount,4,Interested
2523,52,Male,Mobile,21.89,2,6,0,0,12.37,19.17,1,Yes,1,Right_Discount,0,Technical Error
2524,43,Female,Mobile,24.52,17,7,1,1,31.22,0.24,1,Yes,1,Right_Discount,7,Interested
2525,54,Female,Desktop,5.02,6,6,1,1,3.04,70.24,1,Yes,0,Others,6,Interested
2526,55,Male,Mobile,15.12,10,4,0,1,19.25,0,1,Yes,0,Others,1,Interested
2527,38,Male,Mobile,8.21,14,4,0,0,6.38,97.07,1,Yes,0,Others,6,Interested
2528,57,Female,Desktop,5.88,15,6,1,1,7.21,74.71,1,Yes,1,Right_Discount,8,Interested
2529,56,Male,Mobile,22.3,12,6,1,0,12.24,29.54,1,Yes,1,Right_Discount,4,Interested
2530,38,Male,Desktop,16.6,19,1,0,0,13.85,15.89,1,Yes,0,Others,5,Interested
2531,27,Male,Desktop,7.27,11,1,0,1,7.01,62.43,1,Yes,1,Right_Discount,4,Interested
2532,55,Female,Desktop,0,1,6,0,1,5.2,86.46,1,Yes,0,Others,0,Technical Error
2533,21,Female,Mobile,29.03,8,4,0,0,19.77,58.43,0,No,0,Others,5,Not Interested
2534,37,Male,Mobile,25.61,6,1,1,1,17.13,1.1,1,Yes,0,Others,6,Interested
2535,34,Male,Desktop,26.52,12,14,0,1,26.03,78.63,1,Yes,0,Others,0,Technical Error
2536,24,Male,Desktop,14.34,16,0,1,0,9.08,96.42,1,Yes,0,Others,2,Interested
2537,21,Female,Mobile,19.09,18,8,1,0,28.2,4.75,1,Yes,1,Right_Discount,5,Interested
2538,46,Male,Mobile,11.93,12,10,1,1,16.55,80.91,1,Yes,1,Right_Discount,6,Interested
2539,31,Male,Mobile,3.25,2,7,1,1,2.35,71.9,1,Yes,0,Others,9,Interested
2540,20,Female,Mobile,12.63,7,1,0,0,9.27,39.75,1,Yes,1,Right_Discount,9,Interested
2541,41,Male,Mobile,18.23,9,1,1,1,26.39,63.41,1,Yes,0,Others,8,Interested
2542,54,Female,Mobile,9.33,18,2,1,0,7.46,15.88,0,No,1,Low_Discount,6,Not Interested
2543,33,Female,Mobile,25.59,9,3,1,0,23.63,72.01,1,Yes,0,Others,2,Interested
2544,21,Female,Desktop,5.38,8,8,0,1,6.46,58.12,1,Yes,1,Right_Discount,0,Technical Error
2545,41,Male,Mobile,11.65,1,11,1,1,9.83,8.66,1,Yes,0,Others,6,Interested
2546,51,Male,Desktop,4.62,5,5,1,0,6.48,86.82,1,Yes,0,Others,7,Interested
2547,47,Female,Desktop,12.74,16,2,1,1,13.87,12.84,1,Yes,0,Others,0,Technical Error
2548,35,Male,Mobile,2.15,14,13,1,0,2.29,43.83,1,Yes,0,Others,4,Interested
2549,36,Female,Desktop,8.9,13,14,1,0,9.38,13.12,1,Yes,0,Others,7,Interested
2550,48,Male,Desktop,12.62,11,7,0,0,7.72,64.61,1,Yes,1,Right_Discount,9,Interested
2551,36,Female,Mobile,14.87,13,5,0,1,19.19,73.79,1,Yes,0,Others,6,Interested
2552,36,Female,Mobile,16.77,15,7,1,0,17.98,94.72,1,Yes,1,Right_Discount,1,Interested
2553,39,Male,Mobile,8.97,16,9,1,1,4.97,25.26,1,Yes,0,Others,3,Interested
2554,41,Male,Tablet,16.17,13,11,1,0,21.84,36.63,1,Yes,0,Others,5,Interested
2555,29,Male,Desktop,15.76,8,1,0,0,19.38,38.67,1,Yes,1,Right_Discount,6,Interested
2556,47,Male,Mobile,10.17,18,14,1,0,8.02,9.7,1,Yes,0,Others,6,Interested
2557,55,Female,Desktop,25.08,19,7,1,1,19.71,80.79,1,Yes,0,Others,2,Interested
2558,48,Female,Mobile,16.82,15,10,1,1,16.9,8.27,1,Yes,0,Others,7,Interested
2559,53,Male,Mobile,10.64,10,4,1,1,5.4,33.85,1,Yes,0,Others,6,Interested
2560,36,Male,Desktop,28.47,4,9,1,1,37.28,19.04,1,Yes,0,Others,3,Interested
2561,53,Female,Mobile,25.51,6,13,1,1,36.79,66.44,1,Yes,0,Others,9,Interested
2562,47,Male,Desktop,29.5,8,14,0,1,27.92,90.56,1,Yes,1,Right_Discount,3,Interested
2563,50,Male,Desktop,21.07,7,13,1,1,21.84,74.65,1,Yes,0,Others,3,Interested
2564,35,Male,Desktop,11.97,0,11,1,1,15.68,77.45,1,Yes,1,Right_Discount,4,Interested
2565,45,Male,Mobile,9.14,18,3,1,1,7.11,7.85,1,Yes,0,Others,1,Interested
2566,28,Female,Desktop,20.24,18,2,0,1,20.07,73.9,1,Yes,0,Others,8,Interested
2567,50,Female,Tablet,29.44,19,11,1,1,17.99,6.25,1,Yes,1,Right_Discount,5,Interested
2568,34,Male,Mobile,19.17,4,8,0,0,23.04,48.42,1,Yes,1,Right_Discount,7,Interested
2569,23,Female,Mobile,26.57,1,0,0,0,34.35,69.19,1,Yes,0,Others,0,Technical Error
2570,21,Male,Mobile,10.54,5,6,0,1,5.98,25.47,1,Yes,1,Right_Discount,5,Interested
2571,37,Male,Desktop,12.8,7,6,1,0,17.69,68.26,1,Yes,0,Others,5,Interested
2572,44,Male,Desktop,27.28,11,5,1,1,23.86,88.05,1,Yes,0,Others,7,Interested
2573,32,Female,Mobile,22.95,11,8,0,0,32.64,87.8,1,Yes,0,Others,0,Technical Error
2574,23,Female,Desktop,29.46,10,0,1,0,41.25,19.21,1,Yes,1,Right_Discount,4,Interested
2575,31,Female,Mobile,23.47,7,13,1,1,30.3,27.45,1,Yes,1,Right_Discount,2,Interested
2576,28,Female,Desktop,14.01,16,0,1,0,18.64,0,1,Yes,1,Right_Discount,5,Interested
2577,56,Female,Mobile,16.4,1,6,0,0,12.95,84.13,1,Yes,1,Right_Discount,8,Interested
2578,26,Male,Mobile,27.11,1,8,0,1,23.51,45.52,1,Yes,0,Others,9,Interested
2579,43,Male,Mobile,17,12,14,1,0,12.58,92.22,1,Yes,1,Right_Discount,2,Interested
2580,33,Female,Mobile,8.41,16,5,1,1,7.19,57.46,1,Yes,1,Right_Discount,8,Interested
2581,22,Female,Desktop,13.63,5,9,1,1,14.47,26.19,1,Yes,1,Right_Discount,8,Interested
2582,27,Female,Mobile,15.97,14,1,0,0,21.78,2,1,Yes,0,Others,0,Technical Error
2583,20,Male,Mobile,0,18,12,1,1,3.98,80.74,1,Yes,0,Others,1,Interested
0,30,Female,Mobile,22.57,9,7,0,1,27.01,0,1,Yes,0,Others,3,Interested
2585,47,Male,Mobile,4.17,2,8,0,1,2.65,7.84,1,Yes,1,Right_Discount,6,Interested
2586,23,Male,Desktop,12.74,12,9,0,0,18.34,77.71,1,Yes,0,Others,1,Interested
2587,34,Female,Desktop,24.33,10,14,1,0,26.35,3.16,1,Yes,0,Others,6,Interested
2588,36,Male,Mobile,14.56,2,7,0,0,18.58,84.28,1,Yes,0,Others,4,Interested
2589,59,Male,Mobile,25.42,15,8,0,0,38.09,59.87,1,Yes,1,Right_Discount,9,Interested
2590,52,Female,Mobile,10.91,4,0,1,0,14.83,63.65,1,Yes,1,Right_Discount,6,Interested
2591,43,Male,Tablet,28.77,19,2,0,1,28.9,93.81,1,Yes,0,Others,8,Interested
2592,22,Female,Tablet,7.07,4,2,1,1,9.67,86.67,1,Yes,0,Others,8,Interested
2593,46,Male,Desktop,2.11,9,13,0,0,2.45,7.6,1,Yes,0,Others,2,Interested
2594,54,Female,Tablet,0,13,8,1,0,32.35,85.3,1,Yes,0,Others,2,Interested
2595,37,Female,Desktop,22.81,10,2,1,1,25.94,66.71,1,Yes,0,Others,6,Interested
2596,0,Male,Desktop,7.73,14,14,0,0,6.09,31.68,1,Yes,1,Right_Discount,4,Interested
2597,27,Female,Mobile,29.56,3,13,0,1,24.67,85.34,1,Yes,0,Others,4,Interested
2598,22,Male,Mobile,15.57,3,9,0,0,16.48,2.33,1,Yes,0,Others,4,Interested
2599,53,Male,Mobile,28.58,16,0,1,0,39.27,83.75,0,No,0,Others,8,Not Interested
2600,23,Female,Mobile,15.65,9,2,1,1,14.91,0,1,Yes,1,Right_Discount,3,Interested
2601,43,Male,Desktop,14.68,14,1,0,0,15.28,26.12,1,Yes,1,Right_Discount,5,Interested
2602,21,Female,Mobile,14.03,16,8,0,1,12.19,0.6,1,Yes,0,Others,5,Interested
2603,56,Male,Mobile,10.71,9,13,1,1,5.55,52.13,1,Yes,1,Right_Discount,6,Interested
2604,56,Unknown,Mobile,16.48,5,0,0,1,18.85,42.23,1,Yes,1,Right_Discount,1,Interested
2605,52,Female,Mobile,14.12,13,10,1,1,15.05,86.25,1,Yes,1,Right_Discount,5,Interested
2606,18,Male,Mobile,2.07,15,1,1,1,3.06,78.79,1,Yes,0,Others,8,Interested
2607,41,Male,Tablet,8.55,4,0,1,1,8.62,58.97,1,Yes,0,Others,2,Interested
2608,53,Male,Desktop,7.18,14,8,1,0,7.43,15.08,1,Yes,0,Others,1,Interested
2609,23,Male,Desktop,26.16,7,6,1,1,20.46,72.61,1,Yes,0,Others,7,Interested
2610,58,Male,Mobile,18.37,4,13,0,1,11.01,59.36,1,Yes,0,Others,0,Technical Error
2611,48,Male,Mobile,23.15,17,12,1,0,27.96,2.25,1,Yes,1,Right_Discount,7,Interested
2612,37,Male,Mobile,28.75,9,0,1,1,37.62,76.18,1,Yes,1,Right_Discount,4,Interested
2613,41,Male,Desktop,19.68,4,12,0,0,26.96,83.17,1,Yes,1,Right_Discount,8,Interested
0,42,Female,Mobile,29.5,3,12,1,1,26.68,77.45,1,Yes,0,Others,8,Interested
2615,53,Male,Mobile,10.04,19,9,0,1,12.08,17.63,1,Yes,1,Right_Discount,3,Interested
2616,38,Male,Desktop,0,9,11,1,1,4.88,50.25,1,Yes,0,Others,0,Technical Error
2617,47,Female,Mobile,12.7,8,5,0,1,9.56,52.73,1,Yes,0,Others,4,Interested
2618,41,Female,Mobile,14.65,7,4,0,0,21.91,93.44,1,Yes,1,Right_Discount,6,Interested
2619,59,Female,Mobile,26.97,7,9,0,0,36.39,92.56,1,Yes,1,Right_Discount,8,Interested
2620,47,Male,Mobile,17.24,4,13,1,0,13.04,6.23,1,Yes,0,Others,9,Interested
2621,39,Unknown,Mobile,9.47,19,14,0,0,8.84,99.92,1,Yes,1,Right_Discount,8,Interested
2622,45,Female,Mobile,22.54,12,10,1,0,24,78.67,1,Yes,1,Right_Discount,8,Interested
2623,24,Male,Desktop,15.67,6,4,1,0,8.04,37.55,1,Yes,1,Right_Discount,5,Interested
2624,52,Male,Desktop,5.7,12,3,0,0,8.32,74.33,1,Yes,0,Others,1,Interested
2625,45,Female,Mobile,17.73,4,2,0,0,10.79,0,1,Yes,0,Others,4,Interested
2626,31,Female,Desktop,27.43,2,13,1,0,36.13,93.63,1,Yes,1,Right_Discount,2,Interested
2627,27,Male,Mobile,25.44,15,12,0,1,37.55,37.81,1,Yes,1,Right_Discount,5,Interested
2628,33,Male,Mobile,18.02,6,7,0,0,21.7,76.61,1,Yes,0,Others,4,Interested
2629,33,Male,Mobile,11.94,18,6,1,1,17.51,15.53,1,Yes,0,Others,9,Interested
2630,48,Male,Desktop,3.52,5,4,0,0,1.83,85.23,0,No,0,Others,0,Not Interested
2631,59,Male,Mobile,14.62,4,11,0,1,12.49,62.04,1,Yes,0,Others,9,Interested
2632,42,Female,Desktop,22.81,11,8,0,0,22.27,80.76,1,Yes,1,Right_Discount,9,Interested
2633,30,Male,Desktop,11.45,11,11,0,1,14.69,41.8,1,Yes,0,Others,1,Interested
2634,23,Male,Mobile,7.83,9,6,1,0,9.04,34.63,1,Yes,0,Others,4,Interested
2635,26,Male,Desktop,28.01,3,9,0,0,34.62,53.26,1,Yes,1,Right_Discount,5,Interested
2636,53,Male,Tablet,24.83,11,1,1,0,16.01,38.82,1,Yes,1,Right_Discount,0,Technical Error
2637,37,Male,Mobile,19.51,2,14,1,1,26.24,51.41,1,Yes,1,Right_Discount,6,Interested
2638,35,Female,Mobile,4.97,9,6,1,0,6.57,43.06,1,Yes,0,Others,2,Interested
2639,38,Male,Desktop,5.2,10,6,0,0,6.6,19.66,1,Yes,0,Others,0,Technical Error
2640,21,Female,Desktop,3.99,11,3,1,1,5.26,97.66,1,Yes,1,Right_Discount,6,Interested
2641,50,Male,Mobile,18.87,3,11,1,1,13.47,1.61,1,Yes,0,Others,6,Interested
2642,44,Female,Mobile,4.35,17,11,0,0,2.79,92.56,1,Yes,0,Others,9,Interested
2643,24,Female,Mobile,25.44,11,7,1,1,35.49,82.74,1,Yes,0,Others,2,Interested
2644,23,Male,Mobile,29.8,17,3,0,1,43.42,42.09,1,Yes,1,Right_Discount,5,Interested
2645,32,Male,Unknown,11.62,19,6,0,1,10.74,32.21,1,Yes,1,Right_Discount,3,Interested
2646,35,Male,Tablet,14.16,4,3,1,1,13.41,16.47,1,Yes,0,Others,3,Interested
2647,49,Male,Desktop,21.64,2,12,0,1,26.85,13.31,1,Yes,0,Others,8,Interested
2648,28,Male,Mobile,28.18,14,7,1,1,28.04,55.09,1,Yes,0,Others,6,Interested
2649,37,Female,Desktop,26.93,15,13,0,1,21.91,10.54,1,Yes,0,Others,5,Interested
2650,41,Male,Desktop,2.67,3,13,1,1,1.84,47.65,1,Yes,0,Others,8,Interested
0,32,Male,Mobile,5.9,13,2,1,1,3.08,81.47,1,Yes,1,Right_Discount,2,Interested
2652,24,Female,Mobile,22.88,13,1,0,0,24.89,75.7,1,Yes,1,Right_Discount,3,Interested
2653,38,Male,Mobile,20.98,18,9,1,1,13.47,13.25,1,Yes,0,Others,8,Interested
2654,59,Female,Desktop,4.86,7,5,1,1,6.6,96.11,1,Yes,1,Right_Discount,3,Interested
2655,43,Male,Mobile,15.56,16,6,0,1,23.07,28.62,1,Yes,0,Others,6,Interested
2656,31,Female,Tablet,23.64,16,6,0,1,22.64,70.57,1,Yes,0,Others,8,Interested
2657,54,Male,Unknown,7.34,6,5,0,0,4.52,30.05,1,Yes,0,Others,3,Interested
2658,38,Female,Mobile,26.27,6,10,1,0,28.45,61.74,1,Yes,1,Right_Discount,0,Technical Error
2659,35,Female,Mobile,2.54,4,7,0,0,2.73,57.25,1,Yes,1,Right_Discount,6,Interested
2660,22,Male,Mobile,23.68,3,11,1,1,15,17.83,1,Yes,1,Right_Discount,3,Interested
2661,20,Male,Desktop,18.86,1,5,0,0,21.63,65.26,1,Yes,1,Right_Discount,2,Interested
2662,40,Male,Tablet,10.14,3,14,1,0,8.27,32.6,1,Yes,1,Right_Discount,5,Interested
2663,43,Female,Mobile,21.91,19,5,0,0,29.48,61.12,1,Yes,1,Right_Discount,2,Interested
2664,54,Female,Tablet,23.69,9,2,1,1,25.77,54.14,1,Yes,0,Others,6,Interested
2665,41,Female,Desktop,28.08,14,11,0,1,26.2,84.27,1,Yes,0,Others,0,Technical Error
2666,36,Male,Mobile,11.67,19,1,0,1,17.08,21.36,1,Yes,0,Others,6,Interested
2667,42,Male,Desktop,20.89,19,14,0,0,20.71,15.14,1,Yes,0,Others,2,Interested
2668,38,Female,Mobile,18.48,13,6,0,1,25.64,85.49,1,Yes,1,Right_Discount,8,Interested
2669,29,Male,Mobile,16.23,16,5,0,1,12.4,44.45,1,Yes,1,Right_Discount,5,Interested
2670,58,Female,Mobile,26.82,8,0,0,0,25.26,78.18,1,Yes,0,Others,6,Interested
2671,50,Male,Desktop,1.09,16,1,1,0,0.64,95.96,1,Yes,1,Right_Discount,8,Interested
2672,21,Male,Mobile,9.18,9,1,0,1,8.47,54.43,1,Yes,1,Right_Discount,5,Interested
2673,59,Unknown,Desktop,16.61,9,0,0,0,23.16,30.07,1,Yes,1,Right_Discount,9,Interested
2674,24,Male,Desktop,6.17,3,2,0,1,8.2,79.42,1,Yes,1,Right_Discount,1,Interested
2675,39,Male,Mobile,27.33,7,4,0,1,40.33,93.09,1,Yes,1,Right_Discount,5,Interested
2676,50,Male,Mobile,19.78,18,3,1,1,24.72,24.51,1,Yes,1,Right_Discount,5,Interested
2677,34,Male,Mobile,14.86,2,11,0,1,11.46,68.83,1,Yes,0,Others,1,Interested
2678,41,Male,Mobile,24.63,1,1,1,1,0,78.06,1,Yes,1,Right_Discount,6,Interested
2679,51,Female,Mobile,14.08,12,7,1,0,9.57,2.66,1,Yes,1,Right_Discount,8,Interested
2680,45,Male,Mobile,17.2,16,8,0,0,19.98,59.23,1,Yes,0,Others,9,Interested
2681,58,Female,Mobile,1.08,12,7,1,0,0.95,63.32,1,Yes,0,Others,3,Interested
2682,56,Male,Mobile,11.61,10,6,1,0,10.61,63.65,1,Yes,0,Others,4,Interested
2683,39,Male,Mobile,5.02,9,9,0,0,6.83,8.41,1,Yes,0,Others,5,Interested
2684,34,Female,Mobile,21,18,1,0,1,25.76,2.17,1,Yes,0,Others,0,Technical Error
2685,51,Female,Desktop,14.89,4,14,1,1,0,29.37,1,Yes,0,Others,7,Interested
2686,23,Male,Tablet,9.75,8,14,1,1,6.54,35.78,1,Yes,0,Others,8,Interested
2687,23,Male,Mobile,14.57,4,5,1,0,19.26,14.46,1,Yes,0,Others,0,Technical Error
2688,51,Female,Mobile,7.08,16,10,1,0,10.29,50.96,1,Yes,0,Others,3,Interested
2689,18,Female,Mobile,27.83,8,3,1,0,19.07,22.75,1,Yes,1,Right_Discount,5,Interested
2690,27,Female,Mobile,2.57,7,4,0,0,3.73,33.75,1,Yes,1,Right_Discount,9,Interested
2691,38,Female,Mobile,26.1,13,8,0,1,24.27,29.28,1,Yes,0,Others,0,Technical Error
2692,0,Male,Desktop,15.83,8,12,0,1,22.25,77.2,1,Yes,0,Others,2,Interested
2693,19,Male,Tablet,18.95,7,8,1,0,23.7,87.71,1,Yes,0,Others,6,Interested
2694,39,Male,Mobile,9.78,5,3,1,0,13.74,29.85,1,Yes,1,Right_Discount,7,Interested
2695,19,Male,Desktop,29.03,18,7,1,1,33.24,37.66,1,Yes,0,Others,7,Interested
2696,27,Male,Mobile,9.17,19,10,1,0,6.02,81.53,1,Yes,1,Right_Discount,4,Interested
2697,51,Female,Mobile,18.08,10,4,0,1,10.13,75.91,1,Yes,1,Right_Discount,0,Technical Error
2698,33,Female,Unknown,29.81,11,8,0,0,33.6,70.88,1,Yes,1,Right_Discount,0,Technical Error
2699,56,Female,Mobile,26.55,8,1,1,0,14.82,70.79,1,Yes,1,Right_Discount,7,Interested
2700,39,Male,Mobile,16.55,6,14,0,0,12.18,29.72,1,Yes,0,Others,4,Interested
2701,29,Female,Mobile,29.72,11,3,0,0,20.99,93.65,0,No,0,Others,8,Not Interested
2702,41,Male,Mobile,21.34,16,2,1,0,19.78,80.92,1,Yes,0,Others,0,Technical Error
2703,0,Male,Mobile,7.05,4,6,1,0,7.74,21.19,1,Yes,0,Others,1,Interested
2704,55,Male,Desktop,12.76,2,13,1,1,18.01,66.22,1,Yes,0,Others,3,Interested
2705,27,Female,Tablet,10.7,13,1,0,1,15.37,15.49,1,Yes,1,Right_Discount,9,Interested
2706,52,Male,Mobile,10.98,7,2,0,0,16.28,57.76,1,Yes,1,Right_Discount,6,Interested
2707,0,Male,Mobile,0,17,8,1,0,29.13,28.91,1,Yes,0,Others,3,Interested
2708,24,Female,Mobile,17.94,13,7,0,1,25.5,10.52,1,Yes,1,Right_Discount,7,Interested
2709,38,Male,Desktop,2.1,10,1,1,1,2.71,60.32,1,Yes,1,Right_Discount,6,Interested
2710,37,Female,Mobile,26.45,13,5,0,1,37.31,88.43,1,Yes,0,Others,4,Interested
2711,43,Male,Mobile,9.61,10,13,0,0,5.81,14.07,1,Yes,0,Others,6,Interested
2712,21,Female,Mobile,29.92,7,2,0,0,43.73,89.91,1,Yes,1,Right_Discount,7,Interested
2713,39,Male,Mobile,28.67,10,11,1,1,21.06,12.78,1,Yes,0,Others,2,Interested
2714,32,Male,Mobile,28.28,16,12,1,0,30.22,74.19,1,Yes,1,Right_Discount,2,Interested
2715,57,Female,Tablet,24.52,3,5,1,1,24.93,98.96,1,Yes,0,Others,1,Interested
2716,38,Male,Desktop,7.4,4,13,0,0,7.88,9.37,1,Yes,1,Right_Discount,3,Interested
2717,32,Female,Mobile,16.45,4,14,1,1,19.77,21.27,1,Yes,1,Right_Discount,3,Interested
2718,39,Unknown,Mobile,7.5,4,4,0,0,7.8,46.36,1,Yes,0,Others,3,Interested
2719,45,Female,Mobile,8.53,16,9,0,1,10.14,73.76,1,Yes,1,Right_Discount,1,Interested
2720,31,Male,Mobile,18.72,9,3,1,1,19.36,89.79,1,Yes,1,Right_Discount,6,Interested
2721,44,Male,Desktop,2.18,6,11,0,0,1.12,72.91,1,Yes,0,Others,9,Interested
2722,58,Male,Mobile,29.11,10,6,0,1,32.82,77.12,1,Yes,1,Right_Discount,0,Technical Error
2723,57,Female,Mobile,27.64,4,10,0,1,29.17,45.21,1,Yes,1,Right_Discount,9,Interested
2724,45,Female,Mobile,12.04,12,9,0,1,13.07,35.58,1,Yes,0,Others,0,Technical Error
2725,43,Female,Desktop,15.95,10,6,0,1,8,50.78,1,Yes,0,Others,1,Interested
2726,19,Female,Desktop,14.52,12,3,1,0,14.07,64.95,1,Yes,1,Right_Discount,4,Interested
2727,42,Female,Mobile,0,19,2,1,1,36.55,50.23,1,Yes,1,Right_Discount,8,Interested
2728,20,Male,Mobile,20.97,19,3,1,0,17.46,79.03,1,Yes,0,Others,3,Interested
2729,25,Male,Mobile,9.07,1,1,0,1,8.57,15.71,1,Yes,1,Right_Discount,5,Interested
2730,50,Male,Tablet,13.96,4,3,1,1,8.69,39.62,1,Yes,0,Others,2,Interested
2731,59,Male,Mobile,13.44,13,14,0,0,12.77,6.65,1,Yes,1,Right_Discount,8,Interested
2732,52,Male,Mobile,28.82,8,3,0,1,25.82,67.14,1,Yes,0,Others,0,Technical Error
2733,23,Female,Mobile,6.08,14,11,0,0,8.41,75.7,1,Yes,0,Others,7,Interested
2734,56,Male,Desktop,3.6,16,4,0,1,1.93,66.74,1,Yes,0,Others,2,Interested
2735,40,Female,Mobile,26.54,2,0,0,1,38.52,95.52,1,Yes,0,Others,7,Interested
2736,42,Male,Mobile,27,8,1,0,1,29.06,93.21,1,Yes,1,Right_Discount,2,Interested
2737,36,Female,Mobile,26.28,13,0,1,1,27.06,27.04,1,Yes,1,Right_Discount,3,Interested
2738,22,Female,Desktop,15.82,1,7,1,0,21.93,24.32,1,Yes,0,Others,7,Interested
2739,28,Female,Desktop,20.13,12,7,1,1,13.91,2.53,1,Yes,0,Others,9,Interested
2740,29,Male,Desktop,17.34,17,4,1,1,12.29,50.26,0,No,0,Others,3,Not Interested
2741,27,Male,Mobile,3.01,7,7,0,1,4.14,86.11,1,Yes,1,Right_Discount,8,Interested
2742,25,Male,Mobile,18.28,16,8,0,1,0,15.75,1,Yes,0,Others,8,Interested
2743,41,Male,Tablet,1.39,14,13,0,0,1.86,59.34,1,Yes,1,Right_Discount,5,Interested
2744,45,Female,Mobile,10.42,10,3,0,1,5.64,72.04,1,Yes,1,Right_Discount,0,Technical Error
2745,58,Female,Desktop,28.04,3,3,1,0,32.3,36.77,0,No,0,Others,8,Not Interested
2746,53,Female,Desktop,9.82,12,6,0,1,9.34,70.29,1,Yes,1,Right_Discount,8,Interested
2747,54,Female,Mobile,28.25,8,4,0,0,36.95,83.73,1,Yes,1,Right_Discount,6,Interested
2748,38,Male,Mobile,8.25,16,10,0,1,5.43,1.05,1,Yes,0,Others,8,Interested
2749,25,Female,Desktop,10.12,1,9,0,0,14.37,73.52,1,Yes,1,Right_Discount,7,Interested
2750,26,Male,Desktop,19.22,17,0,1,1,16.06,59.98,1,Yes,0,Others,8,Interested
2751,32,Female,Mobile,23.09,6,7,0,0,19.01,84.48,1,Yes,1,Right_Discount,8,Interested
2752,57,Female,Mobile,15.54,1,3,0,0,10.54,13.86,1,Yes,0,Others,6,Interested
2753,35,Female,Mobile,26.58,15,7,1,1,13.47,80.71,0,No,1,Low_Discount,0,Not Interested
2754,59,Male,Mobile,0,13,1,0,1,1.76,14.12,1,Yes,1,Right_Discount,1,Interested
2755,37,Male,Mobile,27.74,6,11,0,1,17.98,58.49,1,Yes,1,Right_Discount,6,Interested
2756,23,Female,Mobile,6.69,13,11,0,0,8.28,27.09,1,Yes,0,Others,0,Technical Error
2757,29,Female,Tablet,26.64,4,3,0,0,33.48,24,1,Yes,1,Right_Discount,5,Interested
2758,19,Female,Desktop,12.63,1,14,1,1,16.77,49.87,1,Yes,1,Right_Discount,5,Interested
2759,24,Male,Desktop,25.15,10,1,1,0,12.71,75.73,1,Yes,1,Right_Discount,0,Technical Error
2760,33,Male,Mobile,20.48,4,4,0,1,17.44,64.52,1,Yes,0,Others,1,Interested
2761,20,Male,Mobile,6.1,13,9,0,0,3.09,98.86,1,Yes,0,Others,3,Interested
2762,20,Female,Tablet,27.62,4,9,1,1,27.83,11.91,1,Yes,0,Others,1,Interested
2763,44,Male,Mobile,8.12,16,13,0,0,11.44,72.18,1,Yes,1,Right_Discount,3,Interested
2764,57,Female,Mobile,8.08,9,7,0,1,7.34,5.55,1,Yes,1,Right_Discount,2,Interested
2765,55,Male,Mobile,24.61,4,10,0,0,33.81,35.75,1,Yes,0,Others,1,Interested
2766,50,Female,Desktop,4.07,8,6,1,0,5.89,34.35,1,Yes,0,Others,1,Interested
2767,45,Female,Unknown,7.44,4,10,1,0,5.49,25.62,1,Yes,1,Right_Discount,2,Interested
2768,18,Male,Mobile,0,9,14,1,1,7.96,53.24,1,Yes,1,Right_Discount,9,Interested
2769,25,Female,Desktop,25.08,11,4,1,0,31.09,24.36,1,Yes,1,Right_Discount,3,Interested
2770,54,Female,Mobile,5.28,5,10,1,1,5.7,36.76,1,Yes,0,Others,6,Interested
2771,49,Female,Unknown,16.88,9,6,1,1,14.3,85.95,1,Yes,1,Right_Discount,3,Interested
2772,54,Male,Unknown,21.63,8,4,0,0,18.77,32.37,1,Yes,0,Others,6,Interested
2773,21,Female,Desktop,25.96,4,6,0,1,15.08,98.6,1,Yes,0,Others,0,Technical Error
2774,47,Male,Mobile,28.13,1,3,1,0,38.57,27.6,1,Yes,0,Others,2,Interested
2775,23,Male,Mobile,23.75,13,3,1,1,17.62,90.3,1,Yes,0,Others,7,Interested
2776,0,Female,Desktop,19.93,5,9,0,0,11.9,43.13,1,Yes,1,Right_Discount,2,Interested
2777,49,Male,Desktop,13.57,10,3,1,1,17.36,90.75,1,Yes,0,Others,7,Interested
2778,26,Female,Desktop,4.25,16,10,1,0,4.19,42.68,1,Yes,1,Right_Discount,1,Interested
2779,29,Male,Mobile,21.58,8,7,1,1,27.25,77.04,1,Yes,0,Others,2,Interested
2780,28,Female,Tablet,29.79,12,0,0,1,41.76,40,1,Yes,0,Others,3,Interested
2781,33,Male,Tablet,22.37,3,9,1,0,19.73,0,1,Yes,0,Others,2,Interested
2782,18,Female,Mobile,1.48,4,4,0,0,0.82,5.15,1,Yes,0,Others,5,Interested
2783,38,Female,Desktop,15.39,17,11,0,1,11.59,59.9,1,Yes,1,Right_Discount,8,Interested
2784,47,Female,Mobile,18.82,13,9,0,1,10.37,31.59,1,Yes,1,Right_Discount,9,Interested
2785,30,Female,Mobile,21,6,1,0,0,13.63,99.63,1,Yes,1,Right_Discount,7,Interested
0,51,Male,Desktop,21.87,3,9,0,0,29.5,81.06,1,Yes,1,Right_Discount,3,Interested
2787,21,Male,Mobile,17.19,14,3,0,0,24.78,7.96,1,Yes,0,Others,1,Interested
2788,45,Female,Mobile,7.48,7,4,1,1,8.8,19.83,1,Yes,1,Right_Discount,9,Interested
2789,55,Male,Unknown,28.32,3,7,1,0,34.89,61.61,1,Yes,1,Right_Discount,0,Technical Error
2790,48,Female,Mobile,21.2,6,1,0,0,26.11,30.04,1,Yes,0,Others,3,Interested
2791,44,Female,Unknown,7.87,13,1,1,0,4.91,21.29,1,Yes,0,Others,4,Interested
2792,22,Male,Tablet,10.35,14,1,1,1,5.66,35.57,1,Yes,0,Others,1,Interested
2793,42,Male,Mobile,27.74,15,13,1,0,33.24,10.62,1,Yes,1,Right_Discount,2,Interested
2794,20,Female,Mobile,26.74,16,7,1,0,14.37,55.45,1,Yes,1,Right_Discount,3,Interested
2795,0,Male,Mobile,0,1,11,0,0,16.72,28.3,1,Yes,0,Others,2,Interested
2796,21,Female,Mobile,2.11,15,13,1,0,2.3,86.7,1,Yes,1,Right_Discount,7,Interested
2797,42,Male,Desktop,2.41,7,2,1,1,1.48,3.28,1,Yes,0,Others,1,Interested
2798,37,Male,Desktop,9.23,9,4,0,1,10.7,35.09,1,Yes,0,Others,8,Interested
2799,51,Male,Mobile,19.24,15,1,1,0,21.29,54.96,1,Yes,1,Right_Discount,5,Interested
2800,43,Male,Desktop,17.94,14,5,1,0,15.72,23.52,1,Yes,0,Others,0,Technical Error
2801,22,Male,Mobile,19.38,19,9,0,1,25.54,5.74,1,Yes,1,Right_Discount,7,Interested
2802,52,Female,Mobile,21.8,18,5,0,1,17.54,7.25,1,Yes,0,Others,9,Interested
2803,45,Male,Desktop,1.55,9,0,0,1,1.36,15.93,1,Yes,0,Others,5,Interested
2804,46,Male,Desktop,4.05,1,14,1,1,4.85,27.19,1,Yes,0,Others,3,Interested
2805,26,Female,Mobile,11.43,12,3,0,1,14.31,70.57,1,Yes,0,Others,5,Interested
2806,55,Female,Unknown,5.49,10,10,0,1,4.25,47.46,1,Yes,1,Right_Discount,1,Interested
2807,23,Female,Mobile,3.18,7,1,0,0,1.64,3.29,1,Yes,0,Others,0,Technical Error
2808,36,Male,Mobile,19.59,14,13,0,0,13.25,15.5,1,Yes,0,Others,5,Interested
2809,28,Male,Mobile,24.64,1,9,1,0,18.81,36.79,1,Yes,1,Right_Discount,7,Interested
2810,19,Female,Desktop,22.83,15,3,1,0,32.08,41.98,1,Yes,0,Others,4,Interested
2811,26,Female,Mobile,24.69,1,12,1,1,34.41,6.31,1,Yes,1,Right_Discount,7,Interested
2812,38,Female,Desktop,20.31,13,12,0,0,23.57,12.11,1,Yes,1,Right_Discount,2,Interested
2813,41,Female,Mobile,22.33,2,10,1,1,27,26.22,1,Yes,1,Right_Discount,5,Interested
2814,51,Male,Mobile,8.88,3,6,1,1,9.96,83.67,1,Yes,0,Others,0,Technical Error
2815,39,Male,Mobile,29.8,4,4,1,1,38.12,20.92,1,Yes,1,Right_Discount,2,Interested
2816,20,Male,Mobile,6.31,16,9,1,0,5.37,22.68,1,Yes,0,Others,3,Interested
2817,29,Male,Desktop,7.22,12,3,1,1,7.56,49.45,1,Yes,1,Right_Discount,4,Interested
2818,45,Male,Mobile,9.38,4,14,1,0,10.98,89.15,1,Yes,1,Right_Discount,2,Interested
2819,0,Female,Mobile,29.28,12,9,1,0,28.36,52.82,1,Yes,1,Right_Discount,7,Interested
2820,43,Male,Desktop,29.66,7,9,0,0,37.75,7.94,1,Yes,0,Others,4,Interested
2821,38,Female,Desktop,24.05,3,2,0,1,34.45,18.64,1,Yes,1,Right_Discount,6,Interested
2822,45,Female,Mobile,19.24,5,12,1,0,22.39,85.58,1,Yes,1,Right_Discount,4,Interested
2823,43,Female,Mobile,16.08,12,12,1,1,9.24,87.68,1,Yes,0,Others,7,Interested
2824,50,Male,Desktop,29.15,0,12,0,1,32.36,79.55,1,Yes,1,Right_Discount,0,Technical Error
2825,38,Female,Tablet,21.17,7,5,1,0,25.33,54.18,1,Yes,1,Right_Discount,2,Interested
2826,52,Male,Desktop,28.4,12,1,1,1,22.24,43.92,1,Yes,1,Right_Discount,2,Interested
2827,51,Female,Mobile,10.18,2,3,1,0,8.37,26.82,1,Yes,0,Others,9,Interested
2828,58,Male,Tablet,10.68,14,11,0,0,11.7,54.78,1,Yes,1,Right_Discount,9,Interested
2829,35,Female,Mobile,25.79,16,7,0,1,31.13,68.28,1,Yes,0,Others,2,Interested
2830,28,Male,Mobile,5.35,7,1,0,0,7.34,59.93,1,Yes,0,Others,5,Interested
2831,40,Female,Desktop,28.43,4,8,1,0,35.89,22.56,1,Yes,0,Others,8,Interested
2832,39,Female,Mobile,15.72,5,1,0,0,9.97,90.31,1,Yes,1,Right_Discount,5,Interested
2833,34,Female,Mobile,27.87,14,7,1,1,23.64,39.04,1,Yes,1,Right_Discount,4,Interested
2834,22,Female,Mobile,10.77,9,7,0,1,6.99,88.49,1,Yes,0,Others,0,Technical Error
2835,28,Male,Mobile,21.76,5,6,0,0,27.35,39.74,1,Yes,0,Others,1,Interested
2836,47,Male,Desktop,15,2,13,0,0,11.5,3.85,1,Yes,0,Others,0,Technical Error
2837,32,Male,Desktop,19.18,5,14,0,1,11.96,73.8,1,Yes,1,Right_Discount,5,Interested
2838,44,Female,Mobile,15.63,3,12,0,0,9.32,92.01,1,Yes,1,Right_Discount,2,Interested
2839,52,Female,Mobile,29.05,10,9,1,0,17.85,25.48,1,Yes,1,Right_Discount,4,Interested
2840,50,Female,Tablet,21.07,8,5,1,1,15.74,54.25,1,Yes,0,Others,5,Interested
2841,37,Female,Desktop,8.29,10,0,1,0,10.63,80.76,1,Yes,0,Others,4,Interested
2842,33,Female,Mobile,27.38,2,1,1,0,20.2,32.11,1,Yes,0,Others,0,Technical Error
2843,51,Female,Tablet,9.53,14,6,1,1,7.45,28.62,1,Yes,1,Right_Discount,1,Interested
2844,19,Male,Desktop,11.78,4,12,0,0,16.26,41.11,1,Yes,1,Right_Discount,1,Interested
2845,52,Male,Mobile,3.96,12,10,0,0,3.73,55.06,1,Yes,1,Right_Discount,1,Interested
2846,57,Male,Mobile,27.1,14,3,1,1,27.34,55.25,1,Yes,0,Others,9,Interested
2847,45,Male,Mobile,9.3,16,8,1,1,4.68,48.64,1,Yes,1,Right_Discount,3,Interested
2848,56,Male,Desktop,8.51,5,2,1,1,4.95,82.03,1,Yes,1,Right_Discount,3,Interested
2849,23,Male,Mobile,27.69,16,3,0,0,34.35,15.29,1,Yes,0,Others,2,Interested
2850,26,Male,Mobile,24.36,4,2,0,1,20.3,8.52,1,Yes,1,Right_Discount,7,Interested
2851,37,Male,Mobile,5.09,3,6,0,0,3.31,16.86,1,Yes,1,Right_Discount,3,Interested
2852,18,Female,Tablet,23.31,1,1,1,0,21.65,70.4,1,Yes,1,Right_Discount,7,Interested
2853,25,Female,Mobile,27.48,4,9,1,0,14.98,14.52,0,No,1,Low_Discount,2,Not Interested
2854,40,Female,Tablet,3.28,9,11,0,0,3.97,32.28,1,Yes,0,Others,1,Interested
2855,20,Female,Tablet,24.93,1,11,0,1,14.46,87.97,1,Yes,0,Others,7,Interested
2856,21,Female,Mobile,16.88,16,1,1,1,9.37,14.02,1,Yes,0,Others,5,Interested
2857,42,Female,Mobile,20.41,3,1,0,0,18.77,52.82,1,Yes,0,Others,1,Interested
2858,55,Female,Mobile,15.29,6,13,1,0,16.62,50.6,1,Yes,1,Right_Discount,6,Interested
2859,32,Male,Tablet,21.24,13,11,0,1,26.85,3.4,1,Yes,0,Others,9,Interested
2860,38,Male,Mobile,1.99,17,3,1,0,1.14,11.54,1,Yes,0,Others,6,Interested
2861,52,Female,Mobile,23.12,15,7,0,0,19.3,95.04,1,Yes,0,Others,3,Interested
2862,31,Male,Mobile,1.97,0,7,1,0,1.51,96.1,1,Yes,0,Others,7,Interested
2863,53,Male,Mobile,14.2,8,7,0,0,17.66,87.47,1,Yes,1,Right_Discount,2,Interested
2864,29,Male,Tablet,5.38,16,7,1,0,4.68,43.19,1,Yes,0,Others,8,Interested
2865,34,Male,Desktop,24.88,3,6,0,1,28.06,59.29,1,Yes,1,Right_Discount,4,Interested
2866,56,Male,Desktop,10.1,4,5,0,1,9.99,82.42,1,Yes,0,Others,2,Interested
2867,26,Female,Mobile,14.17,7,11,1,1,15.16,67.61,1,Yes,1,Right_Discount,8,Interested
2868,52,Male,Mobile,13.43,15,6,1,1,11.63,89.51,1,Yes,0,Others,1,Interested
2869,30,Female,Tablet,23.4,11,12,1,0,17.3,31.57,1,Yes,1,Right_Discount,1,Interested
2870,32,Female,Mobile,14.95,16,14,0,1,8.37,62.42,1,Yes,0,Others,2,Interested
2871,35,Female,Tablet,23.88,14,0,0,0,16.08,56.7,1,Yes,0,Others,8,Interested
2872,50,Male,Mobile,3.13,13,4,1,0,2.11,98.46,1,Yes,1,Right_Discount,9,Interested
2873,23,Female,Mobile,6.56,9,7,1,1,9.41,87.81,1,Yes,1,Right_Discount,2,Interested
2874,44,Female,Desktop,16.99,18,1,1,1,24.42,16.52,1,Yes,1,Right_Discount,4,Interested
2875,40,Female,Tablet,28.47,3,4,0,0,21.52,5.89,1,Yes,1,Right_Discount,8,Interested
2876,44,Female,Tablet,0,5,6,1,1,1.92,44.64,1,Yes,1,Right_Discount,9,Interested
2877,51,Male,Mobile,2.25,2,8,1,0,1.76,54.55,1,Yes,0,Others,5,Interested
2878,55,Female,Mobile,5.54,17,9,0,0,7.18,78.99,1,Yes,0,Others,5,Interested
2879,31,Female,Mobile,19.59,16,0,1,0,26.85,15.97,1,Yes,0,Others,0,Technical Error
2880,53,Female,Desktop,12.57,13,10,0,1,12.58,91.99,1,Yes,1,Right_Discount,1,Interested
2881,25,Female,Desktop,24.94,11,8,0,0,25.94,57.16,1,Yes,0,Others,8,Interested
2882,52,Male,Mobile,3.09,8,2,0,1,2.96,84.27,1,Yes,0,Others,7,Interested
2883,36,Female,Tablet,6.7,5,0,1,1,4.57,83.65,1,Yes,0,Others,1,Interested
2884,47,Female,Desktop,9.7,2,6,0,1,5.33,95.19,1,Yes,0,Others,4,Interested
2885,31,Female,Desktop,19.18,4,14,0,0,21.51,65.87,1,Yes,0,Others,4,Interested
2886,37,Female,Mobile,20.87,3,2,1,0,27.1,78.38,1,Yes,1,Right_Discount,5,Interested
2887,42,Female,Mobile,4.6,2,7,0,0,5.75,82.05,0,No,1,Low_Discount,3,Not Interested
2888,57,Female,Tablet,28.37,3,10,0,1,39.73,46.81,1,Yes,0,Others,8,Interested
2889,41,Male,Mobile,10.89,16,1,1,0,14.31,43.23,1,Yes,0,Others,4,Interested
2890,31,Female,Desktop,21.68,9,14,0,0,17.07,94.66,1,Yes,1,Right_Discount,3,Interested
2891,43,Male,Tablet,16.2,6,3,1,1,9.99,6.7,0,No,1,Low_Discount,8,Not Interested
2892,55,Male,Desktop,7.46,15,11,0,0,6.94,95.29,1,Yes,0,Others,1,Interested
2893,40,Female,Mobile,25.54,5,1,0,0,21.67,57.85,1,Yes,1,Right_Discount,1,Interested
2894,39,Male,Mobile,24.73,9,10,1,1,30.38,29.47,1,Yes,1,Right_Discount,2,Interested
2895,36,Female,Mobile,12.49,6,3,0,0,7.09,55.72,1,Yes,0,Others,9,Interested
2896,20,Male,Mobile,18.07,3,11,1,0,26.08,63.78,1,Yes,0,Others,3,Interested
2897,59,Female,Mobile,8.48,13,0,1,0,12.36,11.08,1,Yes,1,Right_Discount,9,Interested
2898,36,Male,Mobile,21.01,15,12,0,0,12.36,66.99,1,Yes,0,Others,8,Interested
2899,0,Male,Mobile,9.96,11,9,1,0,9.3,90.26,1,Yes,0,Others,4,Interested
2900,45,Female,Mobile,25.48,16,4,0,1,35.65,97.13,1,Yes,0,Others,1,Interested
2901,37,Male,Mobile,7.3,15,2,0,0,5.02,59.98,1,Yes,0,Others,2,Interested
2902,24,Male,Mobile,1.43,6,8,1,0,1.7,32.7,1,Yes,1,Right_Discount,7,Interested
2903,31,Male,Mobile,8.79,14,3,0,0,10.65,56.35,1,Yes,0,Others,5,Interested
2904,26,Male,Desktop,6.54,11,5,0,0,4.8,0.28,1,Yes,1,Right_Discount,4,Interested
2905,36,Male,Mobile,15.74,10,8,0,0,7.97,91.92,1,Yes,0,Others,3,Interested
2906,31,Female,Mobile,6.91,16,1,0,0,8.05,78.46,1,Yes,0,Others,3,Interested
2907,55,Male,Desktop,23.13,12,6,0,1,25.84,16.64,1,Yes,0,Others,7,Interested
2908,53,Male,Desktop,8,7,2,0,1,9.2,60.94,1,Yes,0,Others,5,Interested
2909,57,Female,Mobile,21.5,7,0,0,1,14.11,2.06,1,Yes,0,Others,4,Interested
2910,34,Female,Desktop,17.78,18,8,1,0,19.62,21.6,1,Yes,0,Others,4,Interested
2911,47,Female,Tablet,0,15,8,0,0,30.83,17,1,Yes,0,Others,5,Interested
2912,26,Male,Desktop,30,6,11,1,0,28.58,15.61,1,Yes,0,Others,2,Interested
2913,50,Male,Mobile,26.22,19,10,1,1,33.48,55.21,1,Yes,1,Right_Discount,6,Interested
2914,42,Male,Desktop,23.04,8,3,1,1,20.47,96.44,1,Yes,1,Right_Discount,0,Technical Error
2915,31,Male,Mobile,12.21,15,8,0,0,10.42,13.03,1,Yes,1,Right_Discount,4,Interested
2916,0,Female,Mobile,22.85,4,6,1,1,23.79,87.28,1,Yes,1,Right_Discount,5,Interested
2917,52,Female,Tablet,28.74,18,3,0,1,41.51,8.23,1,Yes,1,Right_Discount,1,Interested
2918,58,Male,Mobile,1.68,13,11,1,0,1.42,8.28,0,No,0,Others,1,Not Interested
2919,31,Male,Unknown,16.6,1,1,1,1,15.69,62.81,1,Yes,0,Others,8,Interested
2920,47,Male,Mobile,7.32,8,12,0,1,5.61,57.45,1,Yes,0,Others,1,Interested
2921,58,Male,Tablet,17.18,19,4,1,1,20.27,34.42,1,Yes,0,Others,2,Interested
2922,21,Female,Mobile,14.53,17,7,1,1,12.56,53.34,1,Yes,1,Right_Discount,0,Technical Error
2923,21,Female,Mobile,17.7,10,9,0,1,21.11,75.49,1,Yes,1,Right_Discount,8,Interested
2924,45,Male,Mobile,16.98,1,9,0,0,10.96,77.33,1,Yes,1,Right_Discount,0,Technical Error
2925,25,Female,Mobile,28.84,1,5,0,0,22.03,1.2,1,Yes,1,Right_Discount,3,Interested
2926,19,Male,Mobile,17.01,5,11,0,1,12.01,7.81,1,Yes,0,Others,6,Interested
2927,58,Male,Desktop,25.54,0,13,1,0,32.62,0.34,1,Yes,0,Others,1,Interested
2928,39,Female,Mobile,10.27,13,11,0,1,6.05,1.56,1,Yes,0,Others,7,Interested
2929,58,Male,Desktop,13.7,9,10,0,0,10.3,83.96,1,Yes,1,Right_Discount,7,Interested
0,33,Female,Mobile,14.64,16,4,1,1,14.75,8.36,1,Yes,1,Right_Discount,2,Interested
2931,46,Male,Mobile,9.08,8,3,1,1,5.34,71.1,1,Yes,0,Others,3,Interested
2932,47,Female,Tablet,12.01,14,10,1,1,6.14,98,1,Yes,0,Others,6,Interested
2933,29,Male,Mobile,18.36,17,14,0,0,21.87,82.09,1,Yes,0,Others,4,Interested
2934,52,Female,Desktop,17.83,4,5,0,1,19.86,6.64,1,Yes,1,Right_Discount,4,Interested
2935,28,Male,Desktop,19.46,7,12,1,0,9.89,89.39,1,Yes,1,Right_Discount,1,Interested
2936,38,Male,Mobile,11.2,17,10,1,1,6.14,95.82,1,Yes,0,Others,5,Interested
2937,38,Female,Tablet,10.16,16,2,0,1,7.31,70.64,1,Yes,1,Right_Discount,3,Interested
2938,22,Male,Desktop,18.74,14,1,0,0,26.35,61.63,1,Yes,0,Others,4,Interested
2939,37,Female,Mobile,4.85,16,0,0,1,5.59,60.18,1,Yes,0,Others,4,Interested
2940,54,Female,Desktop,8.34,2,8,1,0,10.88,82.03,1,Yes,0,Others,1,Interested
2941,20,Male,Mobile,2.22,15,0,1,1,2.8,55.35,1,Yes,1,Right_Discount,7,Interested
2942,50,Male,Mobile,3.11,11,10,1,0,4.61,33.38,1,Yes,1,Right_Discount,0,Technical Error
2943,26,Male,Tablet,8.06,13,3,0,0,11.69,97.04,0,No,1,Low_Discount,1,Not Interested
2944,26,Male,Desktop,1.57,4,5,0,1,0.89,4.85,1,Yes,1,Right_Discount,6,Interested
2945,21,Female,Desktop,8.12,1,8,1,1,4.24,66.53,1,Yes,1,Right_Discount,6,Interested
2946,52,Male,Desktop,19.99,0,3,1,1,19.93,58.56,1,Yes,0,Others,1,Interested
2947,34,Male,Desktop,2.77,12,6,0,1,2.14,63.91,1,Yes,0,Others,0,Technical Error
2948,51,Male,Tablet,13.67,9,6,1,0,13.73,64.22,1,Yes,1,Right_Discount,9,Interested
2949,41,Female,Mobile,27.48,7,12,0,0,16.23,12.35,1,Yes,1,Right_Discount,0,Technical Error
2950,49,Male,Mobile,23.95,3,13,0,0,33.74,13.35,1,Yes,0,Others,0,Technical Error
2951,0,Female,Mobile,9.86,16,5,0,0,12.56,6.74,1,Yes,1,Right_Discount,5,Interested
2952,25,Male,Desktop,27.82,4,8,0,0,29.27,93.84,1,Yes,1,Right_Discount,9,Interested
2953,40,Female,Mobile,10.56,14,10,1,1,10.19,60.99,1,Yes,1,Right_Discount,6,Interested
2954,57,Male,Mobile,3.1,13,9,0,1,3,7.71,1,Yes,1,Right_Discount,1,Interested
2955,29,Male,Mobile,29.83,19,6,1,0,33.3,43.37,1,Yes,0,Others,5,Interested
2956,29,Female,Tablet,26.23,2,2,1,1,27.42,35.93,0,No,1,Low_Discount,3,Not Interested
2957,32,Male,Desktop,14.51,10,5,0,0,14.25,14.82,1,Yes,0,Others,8,Interested
2958,58,Male,Mobile,20.32,19,6,1,0,23.96,82.2,1,Yes,1,Right_Discount,7,Interested
2959,36,Male,Mobile,20.47,15,11,1,1,25.89,77.56,0,No,1,Low_Discount,7,Not Interested
2960,43,Female,Mobile,6.64,7,6,1,0,7.59,46.41,1,Yes,0,Others,1,Interested
2961,46,Male,Mobile,6.8,15,12,1,1,6.06,52.25,1,Yes,0,Others,4,Interested
2962,39,Female,Mobile,14.62,17,5,1,1,13.37,43.64,1,Yes,1,Right_Discount,1,Interested
2963,57,Female,Tablet,27.44,16,2,0,0,16.42,55.1,1,Yes,0,Others,0,Technical Error
2964,38,Female,Tablet,1.29,17,5,1,0,1.18,73.26,1,Yes,0,Others,7,Interested
2965,55,Male,Mobile,23.69,16,1,0,0,0,87.6,1,Yes,0,Others,4,Interested
2966,37,Female,Mobile,2.67,18,14,1,1,1.51,59.23,1,Yes,1,Right_Discount,3,Interested
2967,46,Female,Mobile,14.87,17,9,0,0,10.04,12.58,1,Yes,1,Right_Discount,4,Interested
2968,21,Male,Mobile,19.5,4,12,1,0,26.18,77.21,1,Yes,1,Right_Discount,7,Interested
2969,24,Female,Mobile,20.92,2,0,1,1,22.34,37.23,1,Yes,1,Right_Discount,9,Interested
2970,45,Female,Mobile,2.7,17,7,1,1,3.16,62.99,1,Yes,0,Others,6,Interested
2971,45,Male,Mobile,13.14,17,2,0,1,10.8,19.86,1,Yes,1,Right_Discount,5,Interested
2972,21,Male,Desktop,17.93,2,13,0,1,17.73,16.34,1,Yes,1,Right_Discount,1,Interested
2973,39,Female,Unknown,2.92,2,7,1,1,3.68,5.27,1,Yes,1,Right_Discount,9,Interested
2974,29,Male,Desktop,4.92,15,2,0,1,6.77,31.45,1,Yes,0,Others,4,Interested
2975,20,Male,Mobile,20.25,16,1,0,0,29.85,59.71,1,Yes,0,Others,9,Interested
2976,39,Male,Tablet,16.13,11,11,1,1,21.79,31.88,1,Yes,1,Right_Discount,8,Interested
2977,19,Female,Tablet,5.69,2,7,0,1,3.23,24.09,1,Yes,0,Others,8,Interested
2978,41,Female,Mobile,16.52,8,2,1,0,13.93,99.49,1,Yes,0,Others,8,Interested
2979,0,Male,Mobile,27.47,12,14,0,1,34.31,99.88,1,Yes,1,Right_Discount,2,Interested
2980,44,Female,Mobile,1.45,14,7,0,0,1.33,60.49,1,Yes,0,Others,8,Interested
2981,58,Male,Mobile,19.64,14,1,0,0,18.39,32.36,1,Yes,0,Others,8,Interested
2982,18,Male,Mobile,3.14,12,3,0,0,4.06,86.16,1,Yes,1,Right_Discount,4,Interested
2983,0,Male,Mobile,1.19,2,8,1,0,1.59,73.68,1,Yes,0,Others,5,Interested
2984,40,Male,Mobile,5.37,14,14,0,1,6.93,61.59,1,Yes,0,Others,6,Interested
2985,55,Male,Mobile,13.26,12,0,0,1,11.33,90.83,1,Yes,1,Right_Discount,9,Interested
2986,23,Female,Mobile,24.27,9,1,1,1,17.67,44.53,1,Yes,0,Others,9,Interested
2987,39,Female,Tablet,9.17,8,14,1,1,7.87,25.55,1,Yes,0,Others,9,Interested
2988,42,Female,Mobile,19.14,16,1,1,1,22.99,96.7,1,Yes,1,Right_Discount,5,Interested
2989,35,Female,Desktop,12.92,10,8,1,0,11.17,86.02,1,Yes,0,Others,4,Interested
2990,34,Male,Unknown,7.8,7,9,0,1,4.33,91.21,1,Yes,0,Others,0,Technical Error
2991,29,Male,Mobile,15.91,15,0,0,1,20.7,0,1,Yes,0,Others,3,Interested
2992,23,Female,Mobile,24.13,9,4,0,1,13.6,38.26,1,Yes,1,Right_Discount,7,Interested
2993,43,Female,Mobile,25.14,4,10,1,1,37.61,86.08,1,Yes,0,Others,7,Interested
2994,44,Male,Mobile,25.55,6,12,0,0,34.79,88.93,1,Yes,0,Others,5,Interested
2995,25,Male,Mobile,10.82,12,3,0,0,15.76,54.76,1,Yes,0,Others,2,Interested
2996,36,Male,Mobile,24.01,15,9,1,0,32.01,62.53,1,Yes,1,Right_Discount,7,Interested
2997,59,Female,Desktop,7.15,19,9,1,0,4.3,57.75,1,Yes,1,Right_Discount,6,Interested
2998,18,Male,Mobile,22.41,2,14,0,0,20.59,1.6,1,Yes,1,Right_Discount,8,Interested
2999,46,Male,Desktop,28.5,19,3,0,0,40.13,53.55,1,Yes,0,Others,2,Interested
3000,52,Female,Mobile,1.4,2,6,1,0,0.83,3.78,1,Yes,1,Right_Discount,5,Interested
3001,57,Female,Desktop,13.77,15,2,1,1,11.09,45.11,1,Yes,1,Right_Discount,0,Technical Error
3002,31,Female,Mobile,19.79,12,8,0,1,19.14,4.57,1,Yes,0,Others,7,Interested
3003,52,Male,Desktop,21.35,1,4,0,1,20.28,45.54,1,Yes,1,Right_Discount,1,Interested
3004,37,Male,Tablet,6.11,14,10,1,0,8.82,30.47,1,Yes,0,Others,4,Interested
3005,30,Female,Tablet,29.19,4,8,0,1,26.13,77.39,1,Yes,0,Others,5,Interested
3006,55,Male,Mobile,18.84,11,0,0,1,13.92,47.91,1,Yes,0,Others,3,Interested
0,25,Male,Desktop,5.77,7,9,1,0,5.45,0,1,Yes,0,Others,8,Interested
3008,37,Male,Mobile,1.6,13,11,1,1,1.43,90.37,1,Yes,0,Others,2,Interested
3009,50,Female,Tablet,23.71,14,13,1,1,26.63,48.23,1,Yes,1,Right_Discount,1,Interested
3010,43,Female,Mobile,3.31,7,7,0,0,4.95,15.64,1,Yes,0,Others,2,Interested
3011,56,Male,Mobile,5.09,11,1,1,0,5.35,11.26,1,Yes,0,Others,4,Interested
0,38,Male,Mobile,17.67,11,14,1,0,17,30.58,1,Yes,0,Others,0,Technical Error
3013,59,Unknown,Mobile,18.5,9,0,1,1,20.24,26.54,1,Yes,0,Others,9,Interested
3014,58,Male,Desktop,20.92,4,0,1,0,30.96,81.85,1,Yes,0,Others,3,Interested
3015,26,Female,Tablet,12.41,2,3,1,1,13.96,75.89,1,Yes,0,Others,0,Technical Error
3016,41,Female,Desktop,23.44,2,1,0,1,14.6,5.86,1,Yes,0,Others,8,Interested
3017,54,Male,Desktop,29.26,9,12,1,1,41.34,20.1,1,Yes,1,Right_Discount,2,Interested
3018,58,Male,Desktop,8.86,19,1,1,1,9.66,44.88,1,Yes,1,Right_Discount,1,Interested
3019,34,Female,Mobile,21.39,15,12,0,1,14.08,8.72,1,Yes,1,Right_Discount,4,Interested
3020,41,Male,Mobile,27.93,18,5,1,1,20.4,16.62,1,Yes,0,Others,0,Technical Error
3021,38,Female,Mobile,20.9,16,2,0,0,12.97,90.84,1,Yes,1,Right_Discount,9,Interested
3022,56,Male,Mobile,20.75,2,10,0,1,30.31,54.12,1,Yes,1,Right_Discount,6,Interested
3023,58,Female,Mobile,7.49,12,13,1,1,4.28,79.66,1,Yes,0,Others,8,Interested
3024,56,Male,Mobile,16.52,1,13,1,1,20.89,33.05,1,Yes,1,Right_Discount,0,Technical Error
3025,30,Male,Mobile,17.31,2,9,0,0,14.5,37.48,1,Yes,0,Others,7,Interested
3026,28,Female,Mobile,21.3,14,2,1,1,12.38,85.84,1,Yes,0,Others,7,Interested
3027,36,Female,Tablet,29.91,7,8,1,0,27.93,65.72,1,Yes,0,Others,6,Interested
3028,28,Male,Mobile,1.98,17,4,1,0,0.99,67.84,1,Yes,0,Others,9,Interested
3029,30,Male,Mobile,2.89,15,13,1,0,3.81,63.89,1,Yes,1,Right_Discount,3,Interested
3030,18,Female,Mobile,3.26,17,6,1,1,3.4,54.11,1,Yes,0,Others,6,Interested
3031,57,Female,Mobile,22.55,9,11,0,1,21.46,99.11,1,Yes,1,Right_Discount,1,Interested
3032,36,Male,Mobile,4.95,0,4,0,0,6.58,89.42,1,Yes,1,Right_Discount,5,Interested
3033,29,Male,Mobile,19.05,2,1,0,0,19.42,71.09,1,Yes,0,Others,4,Interested
3034,25,Female,Mobile,10.42,15,10,0,0,11.41,67.82,1,Yes,1,Right_Discount,4,Interested
3035,25,Female,Mobile,14.26,11,10,0,0,18.75,8.43,1,Yes,0,Others,7,Interested
3036,29,Female,Mobile,7.25,19,7,0,1,8.85,48.52,1,Yes,0,Others,0,Technical Error
3037,50,Female,Mobile,26.12,14,8,1,0,30.27,49.6,1,Yes,0,Others,7,Interested
3038,43,Female,Desktop,18,4,10,1,1,21.67,5.19,1,Yes,1,Right_Discount,3,Interested
3039,56,Male,Mobile,28.39,11,1,0,0,21.66,75.56,1,Yes,0,Others,9,Interested
3040,45,Male,Mobile,17.66,16,1,0,0,10.9,0.2,1,Yes,1,Right_Discount,5,Interested
3041,22,Female,Mobile,4.59,2,3,1,1,5.15,42.52,1,Yes,1,Right_Discount,0,Technical Error
3042,25,Male,Desktop,5.96,2,12,1,0,4.32,90.33,1,Yes,0,Others,0,Technical Error
3043,42,Male,Mobile,29.68,9,14,1,0,16.25,34.04,1,Yes,0,Others,7,Interested
3044,44,Female,Desktop,22.04,4,7,0,1,16.63,58.26,1,Yes,1,Right_Discount,3,Interested
3045,40,Male,Desktop,2.43,8,4,0,1,2.97,30.8,1,Yes,1,Right_Discount,8,Interested
3046,47,Male,Mobile,21.41,18,4,1,1,25.87,17.9,1,Yes,0,Others,6,Interested
3047,40,Male,Mobile,12.95,15,6,0,0,18.17,73,1,Yes,0,Others,3,Interested
3048,37,Female,Mobile,9.91,2,11,0,1,11.65,20.46,1,Yes,0,Others,0,Technical Error
3049,35,Female,Mobile,5.47,11,3,1,1,5.14,7.22,1,Yes,0,Others,8,Interested
3050,35,Male,Mobile,25.36,17,11,1,1,19.29,43.51,1,Yes,0,Others,9,Interested
3051,19,Male,Mobile,2.85,7,8,1,0,3.59,70.89,1,Yes,1,Right_Discount,5,Interested
3052,21,Male,Mobile,9.41,8,3,0,1,8.58,58,1,Yes,1,Right_Discount,5,Interested
3053,47,Unknown,Mobile,9.89,10,7,1,0,13.01,24.44,1,Yes,1,Right_Discount,0,Technical Error
3054,50,Male,Desktop,5.67,3,2,0,1,7.66,81.78,1,Yes,0,Others,4,Interested
3055,53,Male,Mobile,15.74,13,5,1,0,13.4,9.71,1,Yes,0,Others,3,Interested
3056,35,Female,Unknown,1.34,17,0,1,0,1.13,67.03,1,Yes,0,Others,0,Technical Error
3057,54,Male,Tablet,9.73,13,6,1,1,13.75,60.67,1,Yes,0,Others,6,Interested
3058,36,Male,Tablet,28.08,19,10,1,0,25.2,89.89,1,Yes,1,Right_Discount,3,Interested
3059,45,Female,Desktop,10.01,9,6,0,1,12.08,52.69,1,Yes,1,Right_Discount,2,Interested
3060,57,Male,Mobile,11.45,16,12,1,0,10.05,81.9,1,Yes,1,Right_Discount,1,Interested
3061,37,Male,Mobile,14.72,5,1,1,0,18.12,21.53,1,Yes,1,Right_Discount,7,Interested
3062,50,Male,Mobile,17.29,9,4,1,0,11.65,54.53,1,Yes,0,Others,4,Interested
3063,29,Male,Mobile,24.45,9,3,0,0,32.66,0,1,Yes,1,Right_Discount,9,Interested
3064,32,Female,Desktop,6.52,6,9,1,0,9.67,29.53,1,Yes,0,Others,8,Interested
3065,58,Male,Unknown,26.28,10,12,0,0,33.26,0.51,1,Yes,1,Right_Discount,4,Interested
3066,56,Unknown,Mobile,22.97,18,8,1,1,19.73,74.42,1,Yes,1,Right_Discount,9,Interested
3067,19,Male,Mobile,21.96,11,11,0,1,23.17,39.67,1,Yes,0,Others,0,Technical Error
3068,46,Male,Mobile,3.52,15,12,0,1,4.12,30.01,1,Yes,0,Others,9,Interested
3069,58,Female,Mobile,1.63,7,1,0,0,1.13,19.41,0,No,0,Others,4,Not Interested
3070,27,Male,Mobile,18.23,14,2,0,0,14.27,85.17,1,Yes,0,Others,4,Interested
3071,19,Female,Mobile,26.03,8,12,0,1,33.89,33.39,1,Yes,1,Right_Discount,7,Interested
3072,28,Female,Desktop,17.95,19,0,0,0,25.94,20.4,1,Yes,0,Others,5,Interested
3073,30,Female,Mobile,7.18,15,9,1,1,5.54,52.35,1,Yes,1,Right_Discount,4,Interested
3074,27,Male,Tablet,3.63,19,4,0,1,2.35,78.18,1,Yes,1,Right_Discount,7,Interested
3075,31,Male,Desktop,21.29,18,2,0,1,31.54,60.25,1,Yes,1,Right_Discount,0,Technical Error
3076,35,Male,Desktop,21.93,17,11,1,0,17.98,96.02,1,Yes,1,Right_Discount,4,Interested
3077,26,Male,Mobile,6,3,3,0,1,0,95.68,1,Yes,0,Others,2,Interested
3078,56,Female,Desktop,1.82,3,14,0,0,1.6,90.24,1,Yes,0,Others,4,Interested
3079,45,Male,Desktop,12.84,7,3,1,1,18.61,56.52,1,Yes,1,Right_Discount,2,Interested
3080,20,Male,Mobile,17.9,10,5,1,0,19.68,76.83,1,Yes,1,Right_Discount,3,Interested
3081,37,Female,Mobile,21.47,17,9,1,0,19.65,28.85,1,Yes,0,Others,8,Interested
3082,23,Female,Tablet,24.49,15,6,1,1,16.61,57.54,1,Yes,0,Others,1,Interested
3083,44,Male,Mobile,18.71,8,6,0,0,14.14,6.65,1,Yes,1,Right_Discount,9,Interested
3084,19,Female,Mobile,0,17,14,0,0,5.73,26.34,1,Yes,1,Right_Discount,0,Technical Error
3085,46,Female,Mobile,20.79,3,13,0,1,11.58,32.53,1,Yes,1,Right_Discount,3,Interested
3086,55,Female,Desktop,29.54,4,14,1,1,19.4,36.12,1,Yes,0,Others,7,Interested
3087,20,Female,Desktop,27.26,8,10,1,1,18.88,16.1,1,Yes,0,Others,4,Interested
3088,33,Female,Mobile,26.28,13,7,1,0,0,8.33,1,Yes,1,Right_Discount,8,Interested
3089,47,Male,Mobile,9.76,1,2,1,1,11.57,57.84,1,Yes,1,Right_Discount,9,Interested
3090,57,Male,Tablet,22.77,18,4,0,0,33.73,49.13,1,Yes,1,Right_Discount,2,Interested
3091,19,Male,Desktop,25.68,11,11,1,1,16.41,58.45,1,Yes,1,Right_Discount,8,Interested
3092,34,Male,Desktop,20.67,6,9,1,1,26.85,12.93,1,Yes,1,Right_Discount,0,Technical Error
3093,58,Male,Mobile,8.27,16,5,0,1,5.59,94.77,1,Yes,1,Right_Discount,1,Interested
3094,29,Male,Mobile,28.66,19,13,1,1,42.24,41.34,1,Yes,0,Others,8,Interested
3095,52,Male,Mobile,14.07,17,11,1,0,14.17,44.95,1,Yes,0,Others,8,Interested
3096,18,Female,Desktop,4.76,18,5,0,0,6.41,54.7,1,Yes,0,Others,9,Interested
3097,32,Male,Mobile,4.18,11,11,1,0,2.8,69.01,1,Yes,0,Others,4,Interested
3098,43,Male,Mobile,19.78,14,7,1,1,27.4,38.49,1,Yes,0,Others,9,Interested
3099,54,Male,Mobile,13.69,12,12,0,0,7.96,14.32,1,Yes,1,Right_Discount,3,Interested
3100,38,Female,Mobile,3.74,7,4,1,0,1.96,78.31,1,Yes,0,Others,8,Interested
3101,48,Male,Desktop,22.47,17,4,1,0,27.17,26.06,1,Yes,1,Right_Discount,9,Interested
3102,42,Male,Mobile,24.18,5,0,0,0,14.67,44.29,1,Yes,0,Others,1,Interested
3103,40,Female,Desktop,22.04,14,0,0,0,30.1,63.23,1,Yes,1,Right_Discount,2,Interested
3104,41,Male,Tablet,6.87,13,5,1,1,7.7,96.54,1,Yes,1,Right_Discount,7,Interested
3105,55,Male,Mobile,21,12,9,0,0,17.45,3.36,1,Yes,1,Right_Discount,0,Technical Error
3106,45,Female,Desktop,0,14,9,0,0,1.02,51.89,1,Yes,1,Right_Discount,1,Interested
3107,38,Male,Tablet,9.85,9,4,1,1,5.73,93.61,1,Yes,0,Others,4,Interested
3108,35,Female,Tablet,12.57,4,10,1,0,14.92,25.51,1,Yes,0,Others,0,Technical Error
3109,53,Male,Mobile,25.22,19,9,1,1,35.74,11.23,1,Yes,0,Others,9,Interested
3110,52,Male,Mobile,12.32,1,5,1,0,15.48,59.68,1,Yes,1,Right_Discount,8,Interested
3111,26,Male,Mobile,1.33,13,14,0,0,1.49,15.22,1,Yes,1,Right_Discount,2,Interested
3112,55,Female,Desktop,11.22,6,8,0,0,6.94,87.89,1,Yes,0,Others,3,Interested
3113,47,Female,Desktop,15.47,1,7,1,1,20.54,72.32,1,Yes,1,Right_Discount,9,Interested
3114,51,Female,Desktop,28.52,17,6,0,0,41.79,12.1,1,Yes,0,Others,0,Technical Error
3115,49,Male,Mobile,28.29,3,6,1,1,21.58,57.74,1,Yes,1,Right_Discount,0,Technical Error
3116,20,Male,Mobile,6.25,17,5,1,1,5.75,2.71,1,Yes,1,Right_Discount,0,Technical Error
3117,20,Female,Mobile,6.37,2,0,0,0,3.27,84.52,1,Yes,1,Right_Discount,3,Interested
3118,45,Female,Mobile,5.74,7,0,1,0,7.65,20.54,1,Yes,1,Right_Discount,8,Interested
3119,32,Male,Desktop,23.88,1,11,1,0,12.44,73.18,1,Yes,0,Others,7,Interested
0,58,Male,Mobile,1.17,15,6,0,1,1.15,10.63,1,Yes,1,Right_Discount,3,Interested
3121,40,Male,Mobile,4.69,4,4,1,0,5.05,47.24,1,Yes,0,Others,7,Interested
3122,57,Male,Mobile,16.6,6,6,1,1,9.22,92.92,1,Yes,1,Right_Discount,6,Interested
3123,28,Female,Mobile,8.18,13,5,0,1,5.53,7.45,1,Yes,0,Others,5,Interested
3124,49,Male,Mobile,3.68,13,7,1,0,4.75,29.54,1,Yes,0,Others,9,Interested
3125,53,Male,Mobile,11.44,1,2,1,1,8.61,78.26,1,Yes,0,Others,1,Interested
3126,50,Unknown,Mobile,8.95,2,7,1,1,10.96,46.34,1,Yes,1,Right_Discount,2,Interested
3127,41,Male,Mobile,15.82,6,12,1,0,19.76,65.03,1,Yes,0,Others,3,Interested
3128,56,Male,Mobile,29.4,11,6,1,0,26.68,81.2,1,Yes,0,Others,6,Interested
3129,51,Male,Desktop,4.6,18,0,1,1,2.59,78.41,1,Yes,1,Right_Discount,7,Interested
3130,45,Male,Mobile,11.81,13,2,0,0,6.03,39.54,1,Yes,0,Others,7,Interested
3131,54,Female,Desktop,28.03,12,9,1,1,27.82,43.06,1,Yes,1,Right_Discount,3,Interested
3132,24,Female,Desktop,26.43,7,3,1,0,15.1,57.11,1,Yes,0,Others,8,Interested
3133,21,Female,Mobile,12.43,7,13,1,1,15.25,12.28,1,Yes,0,Others,7,Interested
3134,54,Male,Tablet,21.27,7,8,0,1,18.74,86.95,1,Yes,0,Others,4,Interested
3135,18,Female,Mobile,3.55,2,11,0,1,4.2,9.35,1,Yes,1,Right_Discount,2,Interested
3136,18,Male,Desktop,21.66,11,5,1,0,19.67,18.48,1,Yes,0,Others,1,Interested
3137,37,Male,Tablet,29.21,1,14,1,0,32.96,94.48,1,Yes,0,Others,8,Interested
3138,36,Male,Desktop,16.59,13,6,1,1,22.11,28.18,1,Yes,1,Right_Discount,0,Technical Error
3139,46,Male,Mobile,15.46,12,13,0,0,21.4,24.42,1,Yes,1,Right_Discount,6,Interested
3140,27,Female,Mobile,6.43,13,4,0,0,3.32,42.53,1,Yes,1,Right_Discount,6,Interested
3141,35,Male,Mobile,19.38,7,2,0,0,22.2,72.43,1,Yes,1,Right_Discount,0,Technical Error
3142,45,Male,Desktop,18.12,12,4,0,0,19.28,36.62,1,Yes,1,Right_Discount,6,Interested
3143,52,Female,Desktop,19.91,17,11,1,1,22.64,87.47,1,Yes,1,Right_Discount,0,Technical Error
3144,48,Female,Mobile,1.76,8,6,1,1,0.98,14.94,1,Yes,1,Right_Discount,1,Interested
3145,44,Female,Mobile,16.91,3,8,1,0,9.64,11.79,1,Yes,0,Others,8,Interested
3146,28,Male,Desktop,18.25,7,11,0,1,18.19,7.74,1,Yes,0,Others,7,Interested
3147,55,Female,Mobile,7.02,19,8,0,1,3.91,29.84,1,Yes,0,Others,8,Interested
3148,22,Male,Desktop,7.04,8,14,0,1,8.99,19.96,1,Yes,1,Right_Discount,8,Interested
3149,25,Male,Desktop,9.01,14,14,1,1,11.47,46.13,1,Yes,0,Others,3,Interested
3150,51,Female,Mobile,21.64,14,11,0,1,13.36,99.57,1,Yes,1,Right_Discount,4,Interested
3151,29,Female,Desktop,18.58,2,7,1,0,17.74,86.85,1,Yes,0,Others,9,Interested
3152,55,Female,Mobile,25.53,6,4,0,1,27.95,89.5,1,Yes,0,Others,6,Interested
3153,18,Male,Mobile,9.57,16,6,0,1,13.01,83.07,1,Yes,1,Right_Discount,5,Interested
3154,48,Male,Tablet,27.45,9,3,1,1,40.86,27.17,1,Yes,0,Others,8,Interested
3155,21,Male,Desktop,22.57,15,9,0,0,11.67,22.63,1,Yes,1,Right_Discount,1,Interested
3156,22,Male,Mobile,12.46,19,14,1,0,12.17,73.21,1,Yes,0,Others,7,Interested
3157,47,Male,Mobile,3.76,15,4,0,1,4.9,59.9,1,Yes,1,Right_Discount,1,Interested
3158,41,Male,Mobile,8.45,12,11,0,1,10.95,20.61,1,Yes,1,Right_Discount,1,Interested
3159,20,Female,Mobile,28.75,9,3,1,0,29.95,96.73,1,Yes,1,Right_Discount,2,Interested
3160,28,Male,Mobile,10,16,2,0,1,6.82,42.42,1,Yes,1,Right_Discount,3,Interested
3161,21,Female,Mobile,10.57,6,14,0,0,11.19,81.44,1,Yes,0,Others,5,Interested
3162,43,Female,Mobile,6.5,15,12,1,1,5.8,7.38,1,Yes,1,Right_Discount,5,Interested
3163,44,Female,Mobile,24.4,13,10,0,1,22.18,3.52,1,Yes,0,Others,1,Interested
3164,44,Female,Mobile,8.99,10,12,1,1,7.45,45.58,1,Yes,0,Others,5,Interested
3165,59,Female,Tablet,10.58,14,0,1,1,6.82,11.94,1,Yes,0,Others,7,Interested
3166,23,Male,Desktop,13.02,3,12,1,0,16.12,97.93,1,Yes,1,Right_Discount,4,Interested
3167,32,Male,Mobile,13.58,12,4,0,1,16.41,81.2,1,Yes,1,Right_Discount,0,Technical Error
3168,47,Male,Mobile,12.93,1,11,1,0,13.48,45.41,1,Yes,1,Right_Discount,7,Interested
3169,59,Male,Mobile,15.61,16,1,0,0,13.34,97.95,1,Yes,1,Right_Discount,5,Interested
3170,54,Unknown,Mobile,24.62,10,5,0,0,32.56,23.83,1,Yes,0,Others,1,Interested
3171,54,Female,Mobile,24.76,9,4,1,0,16.34,67.9,1,Yes,1,Right_Discount,6,Interested
3172,59,Female,Desktop,24.15,18,10,0,0,22.57,1.75,1,Yes,1,Right_Discount,7,Interested
3173,54,Male,Desktop,3.93,1,1,1,1,4.53,37.23,1,Yes,0,Others,1,Interested
3174,52,Male,Desktop,24.19,10,7,1,0,31.97,7.93,1,Yes,0,Others,0,Technical Error
3175,40,Male,Mobile,4.49,7,4,1,0,5.16,36.74,1,Yes,1,Right_Discount,5,Interested
3176,23,Male,Tablet,4.62,10,1,0,1,2.85,38.06,1,Yes,0,Others,5,Interested
3177,21,Female,Tablet,28.49,12,0,1,0,17.13,37.52,1,Yes,1,Right_Discount,7,Interested
3178,35,Female,Mobile,24.76,11,1,0,0,13.63,41.44,1,Yes,1,Right_Discount,6,Interested
3179,26,Male,Mobile,17.02,9,0,0,1,18.04,61.69,1,Yes,0,Others,7,Interested
3180,46,Male,Mobile,26.37,5,9,0,0,19.59,18.94,1,Yes,1,Right_Discount,9,Interested
3181,30,Female,Mobile,29.69,4,9,0,0,19.58,23.44,1,Yes,0,Others,9,Interested
3182,34,Female,Desktop,18.71,13,2,0,1,10.94,64.54,1,Yes,0,Others,4,Interested
3183,49,Female,Mobile,18.77,8,13,1,0,21.43,46.62,1,Yes,0,Others,1,Interested
3184,39,Female,Mobile,22.88,16,2,1,0,28.68,16.19,0,No,1,Low_Discount,4,Not Interested
3185,21,Male,Mobile,7.73,1,11,1,1,10.5,78.72,1,Yes,1,Right_Discount,1,Interested
3186,22,Female,Mobile,5.85,17,9,0,1,6.41,93.09,1,Yes,1,Right_Discount,8,Interested
3187,54,Female,Desktop,23.03,15,0,1,0,19.67,46.53,1,Yes,0,Others,4,Interested
3188,58,Female,Mobile,11,15,6,1,1,10.67,61.4,1,Yes,1,Right_Discount,0,Technical Error
0,30,Female,Desktop,4.92,18,9,1,0,5.59,81.53,1,Yes,1,Right_Discount,8,Interested
3190,51,Male,Mobile,10.13,6,6,0,0,12.29,96.38,1,Yes,0,Others,9,Interested
3191,39,Male,Mobile,11.4,2,12,1,1,13.05,96.91,1,Yes,0,Others,4,Interested
3192,40,Male,Mobile,28.99,5,8,1,0,42.38,92.28,1,Yes,0,Others,0,Technical Error
3193,20,Male,Desktop,21.24,19,4,0,1,26.55,81.6,1,Yes,1,Right_Discount,8,Interested
3194,0,Male,Mobile,16.39,7,3,1,1,20.5,42.58,1,Yes,0,Others,8,Interested
3195,51,Male,Mobile,29.1,9,4,1,1,38.41,66.96,1,Yes,0,Others,9,Interested
3196,49,Female,Mobile,27.19,2,7,0,0,26.11,76.34,1,Yes,0,Others,9,Interested
3197,38,Female,Mobile,15.85,7,7,0,1,12.11,9.19,1,Yes,1,Right_Discount,8,Interested
3198,38,Female,Tablet,27.26,14,11,0,0,35.88,11.64,1,Yes,1,Right_Discount,5,Interested
3199,28,Female,Mobile,12.72,15,3,0,0,12.26,70.54,1,Yes,0,Others,9,Interested
3200,56,Male,Mobile,7.68,12,11,1,0,8.5,66.69,1,Yes,0,Others,9,Interested
3201,21,Female,Unknown,7.75,4,7,0,1,7.2,80.39,1,Yes,1,Right_Discount,1,Interested
3202,18,Male,Desktop,20.21,13,12,1,1,18.11,18.46,1,Yes,1,Right_Discount,6,Interested
3203,45,Female,Mobile,15.53,9,3,0,1,18.19,93.67,1,Yes,1,Right_Discount,1,Interested
3204,41,Female,Desktop,20.11,12,3,0,1,23.44,23.84,1,Yes,0,Others,3,Interested
3205,52,Female,Desktop,20.9,10,0,0,1,16.91,13.51,1,Yes,1,Right_Discount,3,Interested
3206,30,Male,Mobile,1.65,9,14,1,0,1.14,32.43,0,No,0,Others,9,Not Interested
3207,51,Female,Mobile,2.57,7,7,1,1,1.62,80.86,1,Yes,1,Right_Discount,6,Interested
3208,28,Male,Mobile,16.45,12,13,1,1,10.1,2.82,1,Yes,1,Right_Discount,5,Interested
3209,53,Male,Unknown,0,16,1,1,1,8.62,22.68,1,Yes,0,Others,9,Interested
3210,34,Female,Mobile,19.34,15,3,0,0,15.2,95.56,1,Yes,1,Right_Discount,6,Interested
3211,52,Male,Mobile,17.01,7,0,0,0,20.05,1.7,1,Yes,0,Others,5,Interested
3212,35,Male,Desktop,17.99,8,0,0,0,0,27.83,1,Yes,1,Right_Discount,0,Technical Error
3213,57,Female,Mobile,9.77,7,10,1,1,11.4,32.58,1,Yes,0,Others,3,Interested
3214,39,Female,Mobile,19.56,11,12,1,1,29.03,92.39,1,Yes,1,Right_Discount,2,Interested
3215,41,Female,Mobile,25.06,4,12,0,1,14.18,85.12,1,Yes,0,Others,6,Interested
3216,36,Female,Mobile,29.94,18,12,0,0,34.54,46.01,1,Yes,0,Others,6,Interested
3217,54,Female,Mobile,25.31,19,7,1,1,19.81,31.76,1,Yes,0,Others,3,Interested
3218,56,Female,Mobile,17.17,7,3,1,1,10.01,94.44,1,Yes,0,Others,6,Interested
3219,38,Male,Tablet,6.61,13,13,0,0,3.83,18.83,1,Yes,0,Others,3,Interested
3220,25,Female,Mobile,20.76,9,14,0,0,18.1,47.68,1,Yes,0,Others,8,Interested
3221,45,Female,Desktop,28.19,18,5,0,0,29.33,41.84,1,Yes,1,Right_Discount,2,Interested
3222,22,Male,Desktop,7.14,7,4,1,0,8.19,0,1,Yes,1,Right_Discount,9,Interested
3223,34,Female,Mobile,8.42,16,12,1,0,8.99,75.58,1,Yes,0,Others,1,Interested
3224,54,Male,Desktop,5.32,5,9,0,0,7.44,46.34,1,Yes,0,Others,4,Interested
3225,53,Female,Mobile,22.36,7,5,0,0,14.61,60.71,1,Yes,1,Right_Discount,8,Interested
3226,36,Female,Tablet,12.79,6,3,0,0,17,90.75,0,No,0,Others,2,Not Interested
3227,44,Male,Desktop,2.82,2,3,1,1,2.9,83.12,1,Yes,1,Right_Discount,0,Technical Error
3228,51,Female,Mobile,26.37,7,6,1,0,35.88,61.55,1,Yes,1,Right_Discount,8,Interested
3229,28,Male,Mobile,0,9,0,0,1,15.91,91.53,1,Yes,0,Others,4,Interested
3230,29,Female,Mobile,10.6,0,8,0,0,10.41,38.03,1,Yes,0,Others,1,Interested
3231,38,Female,Mobile,10.98,17,9,0,1,10.13,73.32,1,Yes,0,Others,5,Interested
3232,28,Male,Mobile,9.42,17,2,1,1,5.62,1.61,1,Yes,0,Others,2,Interested
3233,56,Female,Mobile,14.21,15,3,1,1,9.17,58.3,1,Yes,1,Right_Discount,8,Interested
3234,45,Female,Desktop,10.77,18,14,1,1,10.96,13.7,1,Yes,1,Right_Discount,2,Interested
3235,22,Male,Mobile,16.89,15,8,1,0,17.45,52.43,1,Yes,0,Others,1,Interested
3236,34,Female,Desktop,23.43,11,4,0,0,22.68,24.65,1,Yes,0,Others,2,Interested
3237,37,Male,Desktop,20.56,12,11,0,1,10.54,38.07,1,Yes,1,Right_Discount,5,Interested
3238,58,Female,Mobile,9.54,17,3,1,1,9.59,79.22,1,Yes,0,Others,2,Interested
3239,29,Male,Desktop,16.33,12,11,1,0,10.35,5.86,1,Yes,1,Right_Discount,0,Technical Error
3240,23,Female,Mobile,25.36,7,5,1,0,27.04,53.74,0,No,0,Others,8,Not Interested
3241,34,Male,Mobile,2.98,7,0,0,0,2.35,14.49,1,Yes,1,Right_Discount,8,Interested
0,36,Male,Desktop,3.27,10,9,1,1,4.88,57.32,1,Yes,1,Right_Discount,1,Interested
3243,43,Female,Mobile,17.13,16,0,0,1,14.72,63.36,1,Yes,1,Right_Discount,6,Interested
3244,49,Female,Mobile,19.53,11,4,0,0,25.8,18.21,1,Yes,1,Right_Discount,1,Interested
3245,23,Male,Desktop,7.13,16,4,0,0,5.32,0.6,1,Yes,0,Others,0,Technical Error
3246,53,Female,Tablet,22.61,2,10,1,1,15.59,8.55,1,Yes,0,Others,4,Interested
3247,55,Male,Desktop,19.74,2,8,1,0,14.23,68.96,1,Yes,1,Right_Discount,7,Interested
3248,28,Female,Desktop,27.78,18,0,1,0,23.14,38.01,1,Yes,1,Right_Discount,2,Interested
3249,50,Female,Mobile,5.9,5,2,1,0,7.96,37.29,1,Yes,1,Right_Discount,6,Interested
3250,41,Male,Mobile,22.79,14,2,0,1,28.81,69.19,1,Yes,0,Others,5,Interested
3251,40,Male,Desktop,3.43,8,3,0,1,3.21,49.71,1,Yes,0,Others,0,Technical Error
3252,0,Female,Mobile,17.39,6,11,1,0,11.97,63.71,1,Yes,0,Others,6,Interested
3253,44,Female,Mobile,17,9,12,0,1,9.33,91.93,1,Yes,0,Others,2,Interested
3254,28,Female,Mobile,12.26,6,6,0,0,13.71,50.69,1,Yes,0,Others,3,Interested
3255,34,Female,Desktop,25.49,17,14,1,1,30.76,63.8,1,Yes,1,Right_Discount,9,Interested
3256,31,Female,Mobile,1.13,8,6,1,0,0,0,1,Yes,0,Others,1,Interested
3257,44,Male,Desktop,16.09,3,14,0,1,16.11,53.47,1,Yes,0,Others,0,Technical Error
3258,35,Female,Mobile,7.3,12,9,1,1,10.75,66.44,1,Yes,0,Others,4,Interested
3259,45,Female,Mobile,22.56,13,4,0,1,11.84,0,1,Yes,0,Others,5,Interested
3260,21,Male,Mobile,2.25,18,13,1,0,3.35,80.78,1,Yes,1,Right_Discount,1,Interested
3261,24,Male,Mobile,25.12,11,8,0,0,19.5,5.73,1,Yes,1,Right_Discount,9,Interested
3262,52,Male,Desktop,25.3,2,6,1,1,22.34,95.18,1,Yes,1,Right_Discount,5,Interested
3263,26,Female,Mobile,25.15,14,1,0,0,0,84.72,1,Yes,0,Others,5,Interested
3264,25,Male,Mobile,5.42,1,11,1,0,3.94,97.06,1,Yes,1,Right_Discount,7,Interested
3265,34,Male,Mobile,19.28,15,2,1,1,23.33,19.41,1,Yes,1,Right_Discount,7,Interested
3266,34,Male,Mobile,1.42,18,10,1,0,1.18,53.64,1,Yes,0,Others,5,Interested
3267,50,Male,Mobile,25.59,18,6,0,1,36.86,43.99,1,Yes,1,Right_Discount,6,Interested
3268,49,Female,Mobile,21.97,17,4,1,0,14.76,37.7,1,Yes,0,Others,3,Interested
3269,25,Female,Tablet,16.4,1,6,1,1,23.48,40.65,1,Yes,1,Right_Discount,4,Interested
3270,36,Female,Desktop,22.19,14,8,0,1,28.65,90.36,1,Yes,0,Others,5,Interested
3271,55,Male,Unknown,3.74,16,8,1,1,2.51,69.84,1,Yes,1,Right_Discount,5,Interested
3272,20,Male,Mobile,16.33,4,2,0,0,14.49,32.47,1,Yes,1,Right_Discount,2,Interested
3273,22,Male,Mobile,9.45,6,7,0,1,5.71,37.89,1,Yes,0,Others,8,Interested
3274,30,Male,Mobile,29.21,16,12,0,1,32.12,46.85,1,Yes,1,Right_Discount,3,Interested
3275,48,Male,Desktop,25.86,6,5,0,1,37.77,36.69,1,Yes,0,Others,7,Interested
3276,33,Male,Desktop,22.26,15,12,0,1,12.89,21.01,1,Yes,1,Right_Discount,3,Interested
3277,49,Female,Mobile,28.08,1,3,0,0,21.29,43.53,1,Yes,0,Others,5,Interested
3278,39,Female,Desktop,11.06,7,14,1,0,13.88,7.95,1,Yes,1,Right_Discount,0,Technical Error
3279,46,Male,Mobile,27.13,11,3,0,1,26,85.44,1,Yes,1,Right_Discount,1,Interested
3280,39,Female,Mobile,10.43,1,3,1,0,8.75,82.49,1,Yes,1,Right_Discount,5,Interested
3281,20,Male,Mobile,22.25,8,6,0,0,24.5,89.19,1,Yes,0,Others,2,Interested
3282,27,Male,Mobile,22.36,14,5,1,0,17.75,44.59,1,Yes,0,Others,6,Interested
3283,59,Female,Tablet,1.53,5,1,0,0,1.27,0,0,No,0,Others,0,Not Interested
3284,38,Male,Mobile,11.47,13,4,0,1,14.98,81,1,Yes,1,Right_Discount,2,Interested
3285,33,Female,Mobile,1.56,15,4,1,1,1.39,31.49,1,Yes,0,Others,2,Interested
3286,0,Male,Tablet,29.92,9,5,1,0,35.92,63.34,1,Yes,0,Others,0,Technical Error
3287,19,Male,Desktop,4.54,8,6,0,1,2.95,43.82,1,Yes,1,Right_Discount,3,Interested
3288,58,Female,Desktop,16.74,19,11,0,1,15.05,37.37,1,Yes,0,Others,7,Interested
3289,41,Male,Tablet,23.93,17,10,1,0,25.17,85.95,1,Yes,0,Others,6,Interested
3290,52,Male,Mobile,6.84,19,7,1,0,5.25,0,1,Yes,0,Others,6,Interested
3291,47,Male,Unknown,0,18,11,0,1,13.89,62.34,1,Yes,1,Right_Discount,4,Interested
3292,47,Female,Desktop,18.62,18,9,0,0,23.46,15.69,1,Yes,0,Others,3,Interested
3293,52,Male,Desktop,5.65,4,13,1,1,3.74,34.69,1,Yes,0,Others,9,Interested
3294,36,Male,Desktop,23.58,2,14,0,1,23.6,84.13,1,Yes,0,Others,5,Interested
3295,0,Male,Mobile,9.68,5,7,0,0,7.37,21.35,1,Yes,1,Right_Discount,1,Interested
3296,43,Female,Desktop,7.12,17,10,1,0,6.48,97.05,1,Yes,0,Others,0,Technical Error
3297,57,Female,Mobile,17.19,7,4,1,0,15.05,83.19,1,Yes,1,Right_Discount,0,Technical Error
3298,24,Female,Mobile,12.9,16,1,0,0,14.9,26.76,1,Yes,0,Others,0,Technical Error
3299,47,Female,Mobile,27.69,1,0,0,1,35.09,10.82,1,Yes,1,Right_Discount,6,Interested
3300,24,Female,Tablet,26.52,12,7,1,0,0,16.96,1,Yes,0,Others,5,Interested
3301,20,Male,Mobile,15.02,19,5,1,1,10.01,24.22,1,Yes,0,Others,8,Interested
3302,18,Female,Mobile,11.42,9,2,1,0,15.63,23.77,1,Yes,1,Right_Discount,9,Interested
3303,53,Female,Mobile,10.44,16,3,1,0,7.16,1.63,1,Yes,1,Right_Discount,5,Interested
3304,42,Male,Tablet,8.76,7,11,1,0,9.45,71.53,1,Yes,0,Others,2,Interested
3305,54,Female,Mobile,16.79,15,0,0,0,17.25,97.71,1,Yes,0,Others,6,Interested
3306,18,Male,Desktop,24.34,12,2,1,0,19.15,28.64,0,No,0,Others,8,Not Interested
3307,32,Female,Desktop,10.01,4,3,1,0,14.54,1.63,0,No,0,Others,9,Not Interested
3308,54,Male,Mobile,6.51,6,0,1,1,7.66,91.83,1,Yes,0,Others,5,Interested
3309,30,Male,Mobile,14.79,6,13,0,1,14.35,20.62,1,Yes,0,Others,6,Interested
3310,57,Female,Desktop,3,15,11,0,0,2.83,0.72,1,Yes,1,Right_Discount,7,Interested
3311,25,Female,Tablet,21.34,3,5,1,0,12.64,22.41,1,Yes,1,Right_Discount,3,Interested
3312,22,Male,Desktop,16.03,2,7,0,0,20.53,10.4,1,Yes,1,Right_Discount,4,Interested
3313,26,Male,Mobile,15.39,5,11,1,0,8.98,72.6,1,Yes,1,Right_Discount,3,Interested
3314,18,Male,Desktop,9.71,8,5,1,1,6.8,0.16,1,Yes,0,Others,0,Technical Error
3315,53,Male,Mobile,27.24,19,9,1,1,18.1,44.14,1,Yes,1,Right_Discount,5,Interested
3316,52,Male,Mobile,3.62,16,2,0,0,2.06,49.2,1,Yes,1,Right_Discount,6,Interested
3317,19,Male,Desktop,26.22,19,8,0,1,34.86,78.42,1,Yes,1,Right_Discount,1,Interested
3318,57,Male,Mobile,11.92,16,13,0,1,16.76,52.24,0,No,1,Low_Discount,5,Not Interested
3319,40,Female,Desktop,26.54,6,3,1,0,29.87,12.47,1,Yes,0,Others,1,Interested
3320,26,Male,Mobile,22.13,1,13,0,0,30.49,42.65,1,Yes,1,Right_Discount,9,Interested
3321,51,Female,Desktop,4.02,18,5,1,1,4.72,93.46,1,Yes,1,Right_Discount,4,Interested
3322,31,Female,Mobile,25.11,8,3,0,1,29.76,23.68,1,Yes,0,Others,0,Technical Error
3323,21,Male,Mobile,20.78,0,14,1,0,28.87,29.95,1,Yes,0,Others,2,Interested
3324,47,Male,Desktop,1.94,12,3,1,0,1.15,87.33,1,Yes,1,Right_Discount,3,Interested
3325,48,Female,Mobile,4.88,18,10,0,0,2.71,78.6,1,Yes,1,Right_Discount,3,Interested
3326,55,Male,Mobile,19.43,5,1,1,1,10.76,29.55,1,Yes,1,Right_Discount,1,Interested
3327,28,Unknown,Tablet,20.22,13,9,0,0,18.56,70.84,1,Yes,0,Others,7,Interested
3328,52,Female,Mobile,22.65,12,1,1,1,32.76,8.51,1,Yes,1,Right_Discount,5,Interested
3329,25,Female,Tablet,21.89,16,1,1,1,29.99,54.3,1,Yes,0,Others,8,Interested
3330,20,Female,Mobile,20.13,14,1,0,1,25.81,87.1,1,Yes,0,Others,5,Interested
3331,31,Male,Mobile,23.22,11,7,1,1,20.99,84.25,1,Yes,1,Right_Discount,0,Technical Error
3332,30,Unknown,Desktop,17.68,9,14,1,1,23.41,20.28,1,Yes,1,Right_Discount,1,Interested
3333,49,Female,Desktop,8.56,10,9,1,1,6.15,53.32,1,Yes,0,Others,8,Interested
3334,51,Male,Mobile,27.46,16,3,1,1,29.8,39.85,1,Yes,0,Others,2,Interested
3335,36,Female,Mobile,1.53,19,3,0,1,1.91,56.09,1,Yes,0,Others,5,Interested
3336,0,Male,Desktop,11.63,10,9,0,1,6.89,7.51,1,Yes,0,Others,9,Interested
3337,33,Female,Mobile,22.14,4,9,0,1,30.42,0,1,Yes,0,Others,1,Interested
3338,19,Male,Mobile,13.39,8,10,1,0,16.43,56.35,1,Yes,0,Others,6,Interested
3339,57,Female,Mobile,1.72,11,13,0,0,1.78,11.93,1,Yes,1,Right_Discount,0,Technical Error
3340,34,Male,Mobile,2.91,6,2,0,0,1.64,64.23,1,Yes,1,Right_Discount,8,Interested
3341,51,Male,Mobile,19.81,4,4,1,0,23.66,0.77,1,Yes,1,Right_Discount,0,Technical Error
3342,59,Female,Mobile,28.98,5,3,1,0,27.45,0.65,1,Yes,0,Others,0,Technical Error
3343,33,Male,Mobile,17,18,6,0,0,21.02,17.91,1,Yes,0,Others,0,Technical Error
3344,55,Male,Mobile,15.7,3,9,0,0,8.42,27.09,1,Yes,0,Others,0,Technical Error
3345,19,Female,Mobile,10.23,7,6,1,1,10.99,26.32,1,Yes,1,Right_Discount,7,Interested
3346,19,Male,Desktop,8.44,12,5,1,1,7.99,44.32,1,Yes,1,Right_Discount,0,Technical Error
3347,43,Male,Mobile,1.61,3,6,1,1,1.5,51.32,1,Yes,0,Others,7,Interested
3348,30,Male,Desktop,8.92,17,11,1,1,9.08,42.22,1,Yes,1,Right_Discount,2,Interested
3349,48,Female,Desktop,14.02,3,6,0,1,8.74,37.39,1,Yes,1,Right_Discount,3,Interested
3350,51,Female,Mobile,6.74,11,12,0,0,9.67,67.01,1,Yes,0,Others,1,Interested
3351,56,Female,Desktop,3.53,6,7,1,0,4.25,24.83,1,Yes,0,Others,5,Interested
3352,20,Female,Mobile,21.81,11,10,1,0,12.76,62.78,1,Yes,1,Right_Discount,6,Interested
3353,25,Female,Desktop,26.94,4,12,0,0,15.61,95.67,1,Yes,1,Right_Discount,9,Interested
3354,40,Male,Tablet,28.17,17,0,0,0,20.02,47.18,1,Yes,1,Right_Discount,2,Interested
3355,31,Male,Mobile,18.92,1,14,0,0,14,51.12,0,No,1,Low_Discount,8,Not Interested
3356,44,Female,Desktop,2.53,12,2,0,0,2.51,72.83,1,Yes,1,Right_Discount,2,Interested
3357,46,Male,Mobile,22.49,3,11,1,1,0,50.74,1,Yes,1,Right_Discount,6,Interested
3358,56,Male,Mobile,4.19,16,2,0,0,2.71,14.39,1,Yes,1,Right_Discount,3,Interested
3359,56,Male,Desktop,20.42,3,4,0,1,30.09,61.07,1,Yes,1,Right_Discount,4,Interested
3360,18,Male,Mobile,23.6,14,9,1,0,31.26,50.88,1,Yes,0,Others,8,Interested
3361,34,Female,Mobile,22.05,17,0,0,1,24.99,95.15,1,Yes,1,Right_Discount,2,Interested
3362,58,Female,Mobile,28.6,19,12,1,0,22.25,9.3,1,Yes,1,Right_Discount,2,Interested
3363,47,Male,Desktop,22.41,7,12,1,0,31.61,53.65,1,Yes,1,Right_Discount,8,Interested
3364,30,Male,Mobile,21.1,11,6,1,0,17.2,61.69,1,Yes,0,Others,8,Interested
3365,38,Unknown,Tablet,8.59,16,14,1,0,7.04,61.99,1,Yes,1,Right_Discount,3,Interested
3366,36,Male,Mobile,27.82,19,9,0,1,23.73,5.97,1,Yes,0,Others,0,Technical Error
3367,36,Male,Mobile,6.21,5,5,0,1,3.4,32.78,1,Yes,1,Right_Discount,0,Technical Error
3368,42,Male,Desktop,27.24,1,3,0,1,15.3,26.25,1,Yes,0,Others,8,Interested
3369,39,Female,Mobile,10.07,10,5,1,1,9.83,68,1,Yes,0,Others,5,Interested
3370,48,Female,Desktop,4.77,18,6,1,1,6.59,73.54,1,Yes,1,Right_Discount,4,Interested
3371,34,Male,Mobile,24.97,10,3,0,1,36.02,20.93,1,Yes,1,Right_Discount,9,Interested
3372,40,Male,Mobile,1.07,1,10,1,0,1.37,82.61,1,Yes,1,Right_Discount,2,Interested
3373,49,Male,Mobile,25.13,13,7,0,0,22.73,48.5,1,Yes,0,Others,2,Interested
3374,27,Male,Tablet,8.61,4,4,0,1,6.98,26.3,1,Yes,0,Others,1,Interested
3375,27,Male,Mobile,26.66,12,2,1,1,19.08,29.98,1,Yes,1,Right_Discount,6,Interested
3376,53,Male,Desktop,21.05,16,0,0,1,21.86,26.35,1,Yes,0,Others,8,Interested
3377,25,Female,Mobile,20.32,19,0,1,1,19.96,60.44,1,Yes,1,Right_Discount,5,Interested
3378,37,Female,Mobile,11.59,12,14,0,0,11.21,52.71,1,Yes,0,Others,9,Interested
3379,49,Male,Mobile,2.72,6,3,1,1,2.22,93.87,1,Yes,1,Right_Discount,0,Technical Error
3380,31,Female,Tablet,25.07,16,1,1,0,27.12,27.37,1,Yes,1,Right_Discount,5,Interested
3381,45,Male,Desktop,5.96,12,11,0,0,6.6,31.92,1,Yes,0,Others,7,Interested
3382,41,Unknown,Desktop,11.8,10,2,0,0,16.23,0.65,1,Yes,0,Others,7,Interested
3383,32,Female,Mobile,18.41,5,0,1,0,23.22,29.83,1,Yes,0,Others,9,Interested
0,39,Female,Mobile,14.99,19,14,1,1,12.44,25.09,1,Yes,0,Others,2,Interested
3385,47,Male,Mobile,6.76,12,13,1,0,5.95,40.2,1,Yes,0,Others,0,Technical Error
3386,21,Male,Tablet,5.08,0,12,1,1,3.76,49.56,1,Yes,1,Right_Discount,4,Interested
3387,30,Female,Mobile,4.57,4,5,0,1,3.07,67.03,1,Yes,1,Right_Discount,5,Interested
3388,40,Female,Mobile,26.03,7,3,0,1,15.85,19.19,1,Yes,0,Others,9,Interested
3389,25,Male,Mobile,1.92,5,4,1,0,1.03,55.64,1,Yes,0,Others,8,Interested
3390,35,Unknown,Mobile,29.33,11,14,1,1,26.92,72.86,1,Yes,0,Others,1,Interested
3391,29,Male,Mobile,6.76,17,7,1,1,9.86,24.12,1,Yes,1,Right_Discount,0,Technical Error
3392,48,Female,Desktop,4.2,3,10,0,1,4.36,35.12,1,Yes,1,Right_Discount,6,Interested
3393,31,Male,Mobile,17.73,2,3,0,0,22.02,20.51,1,Yes,1,Right_Discount,1,Interested
3394,51,Female,Desktop,3.32,19,5,1,1,2.98,11.1,1,Yes,1,Right_Discount,1,Interested
3395,35,Male,Desktop,18.47,2,2,1,0,16.33,75.62,1,Yes,1,Right_Discount,2,Interested
3396,51,Female,Mobile,25.67,14,7,1,1,16.05,24.01,1,Yes,1,Right_Discount,3,Interested
0,28,Female,Mobile,2.39,1,12,0,0,0,36.76,1,Yes,1,Right_Discount,6,Interested
3398,58,Female,Mobile,24.2,16,2,0,0,34.57,24.77,1,Yes,0,Others,0,Technical Error
3399,29,Female,Tablet,12.44,15,14,1,1,12.32,4.38,1,Yes,1,Right_Discount,5,Interested
3400,32,Male,Mobile,5.63,18,14,1,0,3.97,72.9,1,Yes,1,Right_Discount,6,Interested
3401,48,Female,Mobile,6.11,2,6,1,1,7.11,64.33,1,Yes,1,Right_Discount,2,Interested
3402,46,Female,Mobile,27.64,11,6,0,1,25.03,47.61,1,Yes,1,Right_Discount,2,Interested
3403,43,Female,Mobile,4.21,17,14,1,0,5.59,67.43,0,No,0,Others,1,Not Interested
3404,35,Male,Mobile,26.14,13,2,1,1,15.5,84.65,1,Yes,0,Others,4,Interested
3405,49,Male,Mobile,16.78,12,2,0,1,17.15,61.85,1,Yes,0,Others,6,Interested
3406,39,Male,Desktop,2.13,2,9,1,1,2.77,90.68,1,Yes,0,Others,2,Interested
3407,55,Male,Desktop,14.47,18,9,0,1,19.59,20.15,1,Yes,1,Right_Discount,6,Interested
3408,34,Male,Mobile,24.71,10,11,1,0,22.15,88.34,1,Yes,0,Others,7,Interested
3409,40,Male,Mobile,22.06,12,10,0,1,27.38,54.15,1,Yes,1,Right_Discount,2,Interested
3410,41,Female,Desktop,15.17,17,13,0,1,22.23,0,0,No,0,Others,0,Not Interested
3411,25,Female,Mobile,25.94,14,7,0,0,29.1,74.38,1,Yes,0,Others,2,Interested
3412,58,Female,Desktop,4.49,19,10,1,0,5.89,5.76,1,Yes,0,Others,5,Interested
3413,23,Male,Mobile,27.39,13,14,1,0,29.41,83.78,1,Yes,1,Right_Discount,0,Technical Error
3414,22,Female,Desktop,25.55,3,2,0,0,32.96,33.73,1,Yes,0,Others,8,Interested
3415,46,Female,Mobile,21.54,8,1,1,0,31.03,42.31,1,Yes,0,Others,2,Interested
3416,45,Male,Mobile,24.72,5,4,0,1,29.95,1.11,1,Yes,0,Others,2,Interested
3417,28,Female,Desktop,0,12,10,0,1,10.97,75.87,1,Yes,1,Right_Discount,6,Interested
3418,18,Male,Mobile,20.58,1,6,0,1,11.98,46.7,1,Yes,1,Right_Discount,6,Interested
3419,36,Female,Mobile,17.26,16,7,1,1,22.65,93.96,1,Yes,1,Right_Discount,5,Interested
3420,26,Male,Mobile,11.31,12,0,0,0,8.58,0,1,Yes,1,Right_Discount,6,Interested
3421,44,Male,Desktop,17.5,17,11,1,0,24.07,0,1,Yes,1,Right_Discount,4,Interested
3422,51,Male,Mobile,8.47,9,1,1,1,5.9,41.11,1,Yes,0,Others,7,Interested
3423,21,Female,Desktop,13.77,13,12,0,1,19.43,79.21,1,Yes,1,Right_Discount,9,Interested
3424,53,Female,Mobile,9.14,4,6,1,1,11.93,53.56,1,Yes,0,Others,1,Interested
3425,35,Male,Mobile,4.56,4,8,1,1,6.3,45.99,1,Yes,1,Right_Discount,4,Interested
3426,32,Male,Desktop,10.33,15,2,1,0,7.57,94.68,0,No,0,Others,8,Not Interested
3427,30,Female,Mobile,25.71,10,13,0,0,35.44,37.79,1,Yes,1,Right_Discount,3,Interested
3428,36,Female,Mobile,12.05,6,7,1,1,13.11,49,1,Yes,0,Others,7,Interested
3429,23,Male,Mobile,22.69,3,13,0,0,13.25,55.41,1,Yes,1,Right_Discount,2,Interested
3430,29,Female,Mobile,6.08,15,9,0,1,8.7,5.39,1,Yes,1,Right_Discount,5,Interested
3431,54,Female,Desktop,13.31,6,2,1,0,9.25,52.65,1,Yes,1,Right_Discount,7,Interested
3432,34,Female,Mobile,4.33,11,3,0,0,3.09,33.58,1,Yes,0,Others,8,Interested
3433,40,Male,Mobile,5.02,2,1,1,0,6.04,65.02,1,Yes,1,Right_Discount,6,Interested
3434,43,Male,Mobile,18.91,2,8,0,0,20.48,64.36,1,Yes,0,Others,5,Interested
3435,46,Female,Mobile,18.62,1,13,1,1,26.12,71.13,1,Yes,0,Others,5,Interested
3436,50,Male,Mobile,7.19,11,14,1,1,5.8,39.92,0,No,1,Low_Discount,5,Not Interested
3437,44,Female,Tablet,14.76,5,4,0,1,8,10.48,1,Yes,0,Others,9,Interested
3438,42,Female,Desktop,26.04,6,4,0,1,38.93,43.92,1,Yes,1,Right_Discount,8,Interested
3439,27,Male,Mobile,6.05,3,3,0,0,4.92,55.22,1,Yes,0,Others,2,Interested
3440,40,Male,Mobile,1.56,5,12,0,1,1.03,2.49,1,Yes,1,Right_Discount,3,Interested
3441,38,Male,Tablet,19.91,9,4,0,1,29.55,54.74,1,Yes,0,Others,2,Interested
3442,38,Female,Mobile,2.55,19,14,1,1,2.71,39.93,1,Yes,0,Others,8,Interested
3443,30,Female,Unknown,29.42,5,11,1,1,19.09,47.85,1,Yes,1,Right_Discount,4,Interested
3444,54,Unknown,Desktop,18.68,12,13,0,0,24.95,30.33,1,Yes,1,Right_Discount,9,Interested
3445,50,Male,Mobile,14.64,12,0,0,1,21.16,49.21,1,Yes,0,Others,7,Interested
3446,41,Male,Mobile,13.47,16,9,1,0,18.61,88.18,1,Yes,0,Others,7,Interested
3447,28,Female,Tablet,17.62,7,13,1,0,12.31,78.78,0,No,1,Low_Discount,8,Not Interested
3448,34,Female,Desktop,3.63,14,0,1,0,2.01,61.6,1,Yes,0,Others,9,Interested
3449,21,Female,Mobile,27.97,9,11,0,0,24.37,62.66,1,Yes,0,Others,6,Interested
3450,42,Male,Mobile,19.14,15,5,1,0,16.36,89.54,1,Yes,0,Others,2,Interested
3451,0,Male,Mobile,6.34,11,10,0,1,5.74,47.97,1,Yes,0,Others,4,Interested
3452,26,Female,Desktop,17.31,4,3,0,0,22.49,53.93,1,Yes,0,Others,2,Interested
3453,38,Male,Mobile,4.86,11,11,0,0,2.48,86.02,1,Yes,1,Right_Discount,1,Interested
3454,37,Male,Mobile,1.51,9,3,1,0,1.77,75.47,1,Yes,0,Others,2,Interested
3455,36,Male,Tablet,19.28,6,11,0,1,28.63,43.31,1,Yes,1,Right_Discount,9,Interested
3456,36,Male,Mobile,19.81,17,12,1,0,17.81,30.53,1,Yes,0,Others,8,Interested
3457,29,Female,Mobile,17.93,9,4,0,1,17.66,51.78,1,Yes,1,Right_Discount,8,Interested
3458,54,Male,Mobile,6.32,6,0,1,0,7.13,12.06,1,Yes,1,Right_Discount,7,Interested
3459,59,Female,Unknown,18.5,6,0,1,1,14.53,0,1,Yes,1,Right_Discount,6,Interested
3460,34,Unknown,Mobile,2.64,4,3,0,0,3.22,46.44,1,Yes,0,Others,0,Technical Error
3461,54,Male,Tablet,18.67,11,9,0,1,13.12,59.5,1,Yes,0,Others,8,Interested
3462,56,Female,Desktop,17.07,3,2,0,1,9.64,84.62,1,Yes,1,Right_Discount,9,Interested
3463,0,Female,Mobile,20,18,4,1,1,26.03,35.63,1,Yes,0,Others,1,Interested
3464,58,Male,Mobile,26.97,16,9,1,1,18.25,49.72,1,Yes,0,Others,5,Interested
3465,52,Female,Mobile,25.66,16,4,1,0,31.6,55.57,1,Yes,1,Right_Discount,9,Interested
3466,35,Female,Mobile,29.44,12,7,1,1,40.37,28.02,1,Yes,0,Others,4,Interested
3467,31,Female,Mobile,29.31,14,13,0,1,16,27.48,1,Yes,0,Others,5,Interested
3468,52,Female,Tablet,23.4,9,0,1,0,28.24,52.62,1,Yes,0,Others,7,Interested
3469,58,Female,Mobile,28.74,7,2,0,0,32.94,25.72,1,Yes,0,Others,7,Interested
3470,24,Female,Mobile,26.15,14,4,1,1,29.39,86.12,1,Yes,1,Right_Discount,9,Interested
3471,58,Female,Mobile,22.1,10,0,1,0,17.58,99.49,1,Yes,1,Right_Discount,1,Interested
3472,30,Female,Mobile,3.19,11,2,0,1,1.74,21.09,1,Yes,0,Others,6,Interested
3473,35,Male,Mobile,2.42,7,5,0,1,1.45,57.53,1,Yes,1,Right_Discount,1,Interested
3474,54,Male,Mobile,25.29,19,9,1,1,19.55,14.54,1,Yes,0,Others,0,Technical Error
3475,30,Male,Mobile,15.2,19,12,1,0,13.77,18.56,1,Yes,1,Right_Discount,7,Interested
3476,53,Female,Desktop,24.62,11,2,0,0,34.91,76.6,1,Yes,0,Others,8,Interested
3477,48,Female,Mobile,10.07,6,5,1,1,0,19.97,1,Yes,0,Others,6,Interested
3478,19,Female,Mobile,12.53,8,7,1,1,6.59,74.9,1,Yes,1,Right_Discount,3,Interested
3479,33,Male,Mobile,21.31,1,3,0,1,30.25,40.4,1,Yes,0,Others,6,Interested
3480,26,Male,Desktop,27.54,8,7,0,0,33.61,47.95,1,Yes,1,Right_Discount,3,Interested
3481,0,Male,Mobile,3.55,5,6,0,0,3.52,25.94,1,Yes,1,Right_Discount,6,Interested
3482,55,Female,Mobile,25.98,10,10,1,0,25.02,54.9,1,Yes,1,Right_Discount,3,Interested
3483,28,Male,Mobile,24,2,10,0,0,34.4,33.16,1,Yes,0,Others,8,Interested
3484,39,Male,Desktop,10.15,4,12,0,1,10.66,17.46,1,Yes,1,Right_Discount,4,Interested
3485,50,Female,Mobile,11.3,2,14,0,1,11.33,13.91,1,Yes,1,Right_Discount,6,Interested
3486,53,Male,Mobile,2.35,15,3,1,1,3,99.97,1,Yes,0,Others,7,Interested
3487,40,Female,Mobile,1.46,10,2,0,1,1.6,34.56,1,Yes,0,Others,4,Interested
3488,51,Male,Mobile,14.83,2,4,1,0,11.11,80.49,1,Yes,0,Others,0,Technical Error
3489,26,Female,Mobile,3.77,6,4,1,1,5.65,34.14,1,Yes,1,Right_Discount,3,Interested
3490,41,Unknown,Mobile,6.63,14,13,0,0,5.18,62.3,1,Yes,1,Right_Discount,2,Interested
3491,25,Female,Desktop,25.56,5,0,1,0,30.24,84.12,1,Yes,1,Right_Discount,6,Interested
3492,24,Female,Desktop,17.56,2,10,0,0,17.38,69.6,1,Yes,0,Others,5,Interested
3493,53,Female,Mobile,19.38,14,0,1,1,12.05,6.91,1,Yes,0,Others,5,Interested
3494,35,Male,Mobile,6.44,13,8,0,1,9.4,19.28,1,Yes,1,Right_Discount,1,Interested
3495,20,Female,Mobile,25.03,2,1,1,1,20.92,87.36,1,Yes,0,Others,5,Interested
3496,45,Female,Mobile,26.17,9,8,1,1,30.28,47.12,1,Yes,1,Right_Discount,7,Interested
3497,23,Female,Desktop,16.18,3,8,1,1,20.03,59.85,1,Yes,0,Others,4,Interested
3498,38,Female,Tablet,27.46,15,12,0,0,24.57,2.45,1,Yes,0,Others,8,Interested
3499,45,Male,Mobile,25.5,3,12,0,1,19.4,48.73,1,Yes,0,Others,1,Interested
3500,57,Female,Mobile,22.21,12,13,1,0,12.41,43.09,1,Yes,0,Others,6,Interested
3501,18,Male,Mobile,22.29,6,14,0,1,32.36,68.62,1,Yes,1,Right_Discount,5,Interested
3502,53,Female,Desktop,4.06,19,2,1,1,4.39,27.44,1,Yes,1,Right_Discount,5,Interested
3503,38,Female,Desktop,8.85,0,14,0,0,10.77,74.39,1,Yes,1,Right_Discount,3,Interested
3504,52,Male,Desktop,2.94,6,6,0,0,2.85,0,1,Yes,1,Right_Discount,9,Interested
3505,30,Male,Desktop,1.25,19,2,1,0,0.92,50.97,1,Yes,1,Right_Discount,8,Interested
3506,27,Male,Mobile,5.59,17,7,0,1,8.36,0,1,Yes,0,Others,5,Interested
3507,27,Female,Desktop,26.53,16,7,0,0,38.93,30.2,1,Yes,0,Others,7,Interested
3508,30,Male,Desktop,7.96,8,12,1,1,10.83,53.51,1,Yes,0,Others,7,Interested
3509,54,Female,Mobile,29.13,19,2,1,0,41.25,57.68,1,Yes,0,Others,3,Interested
3510,55,Male,Mobile,18.32,8,4,0,1,19.69,44.81,1,Yes,1,Right_Discount,4,Interested
3511,41,Male,Desktop,7.88,15,14,1,1,6.84,32.06,1,Yes,1,Right_Discount,1,Interested
3512,19,Female,Mobile,15.42,8,6,0,0,13,87.99,1,Yes,0,Others,3,Interested
3513,39,Male,Desktop,7.35,3,0,0,0,10.54,31.02,1,Yes,1,Right_Discount,5,Interested
3514,34,Male,Desktop,29.54,0,2,0,0,43.09,67.22,1,Yes,1,Right_Discount,1,Interested
0,53,Female,Desktop,25.57,3,0,0,1,24.05,90.48,1,Yes,1,Right_Discount,1,Interested
3516,31,Female,Desktop,1.76,1,1,0,1,1.95,64.68,1,Yes,0,Others,9,Interested
3517,27,Female,Mobile,28.49,8,13,1,1,37.19,36.59,1,Yes,1,Right_Discount,6,Interested
3518,52,Male,Desktop,21.91,9,13,1,1,26.35,29.72,1,Yes,0,Others,9,Interested
3519,42,Male,Mobile,3.39,12,6,0,1,0,85.34,1,Yes,1,Right_Discount,4,Interested
3520,20,Male,Mobile,20.45,18,6,0,0,22.67,49,1,Yes,0,Others,2,Interested
3521,55,Male,Mobile,19.76,17,2,1,1,21.39,59.34,1,Yes,0,Others,2,Interested
3522,34,Male,Mobile,7.34,8,14,1,1,6.43,59.63,1,Yes,0,Others,6,Interested
3523,29,Female,Mobile,22.99,11,12,1,0,13.18,53.38,1,Yes,0,Others,2,Interested
3524,41,Male,Tablet,3.52,7,5,0,0,1.96,93.13,1,Yes,0,Others,9,Interested
3525,46,Female,Mobile,15.19,14,12,1,1,9.9,93.1,1,Yes,1,Right_Discount,4,Interested
3526,42,Male,Mobile,1.29,10,5,1,1,0.72,4.04,1,Yes,0,Others,1,Interested
3527,53,Female,Mobile,29.09,15,1,0,1,30.11,50.57,1,Yes,1,Right_Discount,2,Interested
3528,43,Male,Mobile,22.8,12,12,1,1,20.6,56.56,1,Yes,1,Right_Discount,3,Interested
3529,55,Male,Desktop,5.61,17,8,1,1,2.95,92.56,1,Yes,0,Others,0,Technical Error
3530,18,Female,Mobile,10.91,8,12,1,0,5.69,6.97,1,Yes,1,Right_Discount,3,Interested
3531,37,Male,Desktop,5.66,14,7,0,1,5.79,78.91,1,Yes,1,Right_Discount,3,Interested
3532,45,Female,Desktop,23.23,15,1,0,0,24.37,64.24,1,Yes,1,Right_Discount,2,Interested
3533,33,Male,Mobile,2.71,11,11,0,0,1.46,73.25,1,Yes,0,Others,9,Interested
3534,34,Male,Desktop,25.37,12,3,1,1,29.68,29.17,1,Yes,1,Right_Discount,8,Interested
3535,57,Female,Mobile,28.32,16,8,1,0,17.72,74.66,1,Yes,1,Right_Discount,2,Interested
3536,45,Male,Mobile,20.62,18,3,1,1,20.51,28.27,1,Yes,0,Others,1,Interested
3537,29,Female,Desktop,7.18,10,0,0,1,4.73,67.57,1,Yes,0,Others,6,Interested
3538,44,Male,Desktop,11.44,19,4,0,0,6.17,78.7,1,Yes,1,Right_Discount,8,Interested
3539,59,Male,Mobile,14.84,18,9,1,0,10.57,78.33,1,Yes,1,Right_Discount,5,Interested
3540,47,Male,Mobile,18.53,1,5,1,0,17.87,54.44,1,Yes,1,Right_Discount,4,Interested
3541,58,Male,Mobile,20.39,4,0,1,1,25.36,41.36,1,Yes,0,Others,0,Technical Error
3542,51,Male,Mobile,17.07,7,3,0,0,13.07,24.36,1,Yes,1,Right_Discount,2,Interested
3543,54,Male,Tablet,11.19,1,4,1,0,13.26,3.35,1,Yes,0,Others,8,Interested
3544,23,Male,Mobile,26.84,8,5,1,0,36.57,4.89,1,Yes,0,Others,7,Interested
3545,24,Female,Mobile,3.36,17,5,1,0,0,41.85,1,Yes,1,Right_Discount,8,Interested
3546,49,Male,Desktop,14.52,8,4,0,0,14.84,9.49,1,Yes,1,Right_Discount,7,Interested
3547,49,Male,Mobile,23.49,5,2,1,0,21.36,11.2,1,Yes,1,Right_Discount,0,Technical Error
3548,42,Male,Mobile,2.77,1,10,0,0,1.46,19.47,1,Yes,1,Right_Discount,7,Interested
3549,50,Female,Tablet,21.45,15,14,0,0,19.13,48.13,1,Yes,0,Others,7,Interested
3550,24,Female,Desktop,24.77,4,1,1,1,21.73,59.18,1,Yes,0,Others,4,Interested
3551,29,Male,Desktop,20.16,7,14,0,1,22.62,69.43,1,Yes,1,Right_Discount,5,Interested
3552,33,Male,Mobile,1.38,14,6,0,0,1.89,48.62,1,Yes,1,Right_Discount,1,Interested
3553,0,Male,Desktop,6.22,12,0,1,1,7.29,66.47,1,Yes,0,Others,0,Technical Error
3554,53,Female,Mobile,10.92,3,11,0,1,9.34,86.21,1,Yes,0,Others,7,Interested
3555,30,Male,Mobile,7.78,18,11,1,1,7.38,37.42,1,Yes,0,Others,6,Interested
3556,24,Female,Tablet,28.92,8,4,1,0,40.12,68.82,1,Yes,1,Right_Discount,3,Interested
3557,0,Male,Mobile,19.9,2,3,1,1,22.67,65.85,1,Yes,1,Right_Discount,6,Interested
3558,26,Female,Desktop,9.61,6,6,1,1,8.55,63.65,1,Yes,1,Right_Discount,1,Interested
3559,49,Female,Mobile,27.96,7,1,0,0,30.76,58.35,1,Yes,0,Others,1,Interested
3560,28,Male,Mobile,22.48,7,10,0,0,25.72,72.62,1,Yes,1,Right_Discount,6,Interested
3561,25,Male,Desktop,9.25,13,12,0,1,9.09,81.85,1,Yes,0,Others,2,Interested
3562,50,Male,Mobile,11.99,1,7,1,1,16.37,39.21,1,Yes,0,Others,5,Interested
3563,40,Male,Unknown,6.78,8,8,1,1,8.9,65.48,1,Yes,1,Right_Discount,6,Interested
3564,42,Male,Mobile,29.16,13,12,0,0,29.87,24.85,1,Yes,0,Others,6,Interested
3565,25,Male,Tablet,16,19,14,1,0,23.33,75.6,1,Yes,0,Others,9,Interested
3566,0,Male,Mobile,26.99,17,11,1,1,39.22,88.04,1,Yes,1,Right_Discount,3,Interested
3567,21,Female,Mobile,11.05,13,9,0,1,16.2,76.15,1,Yes,1,Right_Discount,2,Interested
3568,57,Male,Mobile,25.96,16,14,0,0,18.7,49.11,1,Yes,0,Others,0,Technical Error
3569,20,Male,Tablet,2.56,15,0,1,0,1.54,13.34,1,Yes,1,Right_Discount,6,Interested
3570,46,Female,Desktop,29.48,11,4,1,0,32.99,87.31,1,Yes,0,Others,8,Interested
3571,58,Male,Desktop,27.45,12,3,1,1,33.7,81.46,1,Yes,0,Others,0,Technical Error
3572,46,Male,Mobile,11.53,3,4,0,1,9.3,69.8,1,Yes,1,Right_Discount,4,Interested
3573,51,Male,Mobile,23.47,9,8,1,0,24.35,85.15,1,Yes,0,Others,3,Interested
3574,51,Male,Mobile,22.82,14,14,0,0,26.19,53.3,1,Yes,0,Others,9,Interested
3575,45,Female,Mobile,27.14,7,11,0,1,26.15,99.08,1,Yes,0,Others,1,Interested
3576,30,Female,Mobile,9.91,0,2,0,1,10.32,83.71,1,Yes,0,Others,6,Interested
3577,32,Male,Tablet,14.5,10,0,1,1,8.34,16.36,1,Yes,1,Right_Discount,6,Interested
3578,40,Male,Desktop,26.08,3,0,0,1,38.97,40.22,1,Yes,0,Others,7,Interested
3579,43,Female,Mobile,23.58,19,10,0,1,20.72,17.01,1,Yes,1,Right_Discount,2,Interested
3580,21,Male,Mobile,12.41,2,2,0,1,8.75,22.43,1,Yes,0,Others,5,Interested
3581,43,Female,Desktop,25.53,17,3,1,0,25.02,50.1,1,Yes,1,Right_Discount,3,Interested
3582,57,Female,Mobile,2.36,2,12,0,0,1.93,36.14,1,Yes,1,Right_Discount,2,Interested
3583,26,Female,Mobile,23.68,16,14,1,0,21.11,90.97,1,Yes,0,Others,0,Technical Error
3584,22,Male,Mobile,7,17,12,1,1,7.44,0.01,1,Yes,0,Others,0,Technical Error
3585,49,Male,Mobile,9.3,10,1,1,1,7.24,1.04,1,Yes,0,Others,6,Interested
3586,37,Male,Desktop,15.3,4,0,0,0,17.85,92.04,1,Yes,0,Others,6,Interested
3587,28,Female,Mobile,14.04,11,0,0,1,13.08,23.9,1,Yes,0,Others,6,Interested
3588,32,Male,Mobile,16.1,17,14,1,0,9.4,0.25,1,Yes,1,Right_Discount,1,Interested
3589,49,Male,Mobile,16.8,12,7,0,0,23.3,43.76,1,Yes,0,Others,0,Technical Error
3590,45,Female,Desktop,10.61,10,3,1,0,10.37,19.56,1,Yes,1,Right_Discount,8,Interested
3591,39,Male,Mobile,6.08,16,11,1,0,8.65,5.33,1,Yes,1,Right_Discount,1,Interested
3592,58,Male,Mobile,23.29,4,1,1,0,20.51,53.05,1,Yes,0,Others,4,Interested
3593,34,Male,Tablet,12.6,3,9,1,1,13.14,14.02,1,Yes,0,Others,4,Interested
3594,43,Female,Tablet,15.67,9,2,0,0,21.52,0,1,Yes,0,Others,7,Interested
3595,24,Male,Tablet,19.7,6,7,0,1,18.96,0,1,Yes,1,Right_Discount,0,Technical Error
3596,59,Female,Desktop,27.38,12,5,0,1,31.03,22.17,1,Yes,0,Others,6,Interested
0,43,Female,Mobile,21.52,1,7,0,0,16.08,73.98,1,Yes,1,Right_Discount,2,Interested
3598,42,Female,Mobile,2.32,14,9,1,1,1.71,84.86,1,Yes,0,Others,1,Interested
3599,27,Male,Mobile,25.32,10,4,1,0,26.4,9.31,1,Yes,1,Right_Discount,4,Interested
3600,36,Male,Mobile,29.69,18,2,0,1,33.05,15.16,1,Yes,0,Others,3,Interested
3601,28,Male,Tablet,14.7,13,0,1,1,16.99,47.46,1,Yes,0,Others,8,Interested
3602,30,Female,Desktop,29.12,9,9,0,1,36.94,59.02,1,Yes,1,Right_Discount,0,Technical Error
3603,25,Female,Unknown,16.87,19,7,1,0,24,8.33,1,Yes,0,Others,2,Interested
3604,57,Male,Mobile,14.33,4,13,1,1,10.61,37.5,1,Yes,1,Right_Discount,2,Interested
3605,0,Female,Tablet,10.61,3,4,0,0,11.88,89.76,1,Yes,0,Others,3,Interested
3606,48,Male,Desktop,20.07,6,4,1,1,18.93,0,1,Yes,0,Others,6,Interested
3607,45,Male,Mobile,7.66,9,2,1,1,4.51,31.12,1,Yes,0,Others,4,Interested
3608,28,Male,Desktop,4.04,10,2,0,1,3.85,22.74,1,Yes,1,Right_Discount,9,Interested
3609,18,Male,Mobile,1.79,9,12,0,0,2.31,58.28,1,Yes,0,Others,5,Interested
3610,55,Male,Mobile,9.48,17,11,0,1,5.49,9.61,1,Yes,0,Others,2,Interested
3611,41,Male,Desktop,12.48,10,14,1,1,13.81,23.34,1,Yes,0,Others,4,Interested
3612,48,Male,Desktop,17.01,6,7,1,0,15.48,16.68,1,Yes,0,Others,1,Interested
3613,58,Female,Mobile,9.49,16,0,1,1,10.95,20.77,1,Yes,1,Right_Discount,3,Interested
3614,43,Male,Mobile,29.54,17,14,0,0,39.03,21.48,1,Yes,0,Others,2,Interested
3615,22,Female,Tablet,9.46,11,0,1,1,9.85,62.75,1,Yes,1,Right_Discount,2,Interested
3616,37,Female,Desktop,13.79,7,3,0,1,11.09,48.81,1,Yes,0,Others,3,Interested
3617,58,Male,Desktop,4,4,8,1,0,2.36,86.23,1,Yes,1,Right_Discount,7,Interested
3618,28,Female,Mobile,8.56,10,5,1,1,6.75,73.56,1,Yes,1,Right_Discount,7,Interested
3619,50,Female,Mobile,2.4,14,5,1,0,2.08,49.89,1,Yes,0,Others,0,Technical Error
3620,55,Female,Mobile,17.23,17,13,0,1,19.66,30.74,1,Yes,1,Right_Discount,4,Interested
3621,44,Male,Mobile,22.78,14,9,1,0,20.24,83.2,1,Yes,0,Others,1,Interested
3622,51,Male,Mobile,6.68,13,10,1,0,6.03,7.95,1,Yes,0,Others,9,Interested
3623,32,Male,Mobile,11.67,2,10,0,0,9.23,68.1,1,Yes,1,Right_Discount,5,Interested
3624,49,Male,Mobile,1.48,9,12,1,1,1.28,11.3,1,Yes,1,Right_Discount,2,Interested
3625,38,Male,Mobile,25.35,3,6,1,1,19.42,53.28,1,Yes,1,Right_Discount,9,Interested
3626,22,Female,Desktop,23.62,4,10,1,0,29.15,90.16,1,Yes,0,Others,9,Interested
3627,23,Female,Mobile,2.83,0,6,0,0,4.2,23.81,1,Yes,1,Right_Discount,8,Interested
3628,55,Unknown,Mobile,11.58,15,5,1,1,14.3,7.85,1,Yes,1,Right_Discount,8,Interested
3629,39,Female,Mobile,28.7,8,8,1,1,16.46,33.95,1,Yes,0,Others,7,Interested
3630,35,Female,Mobile,12.37,18,7,0,1,14.01,0,1,Yes,0,Others,1,Interested
3631,31,Female,Mobile,16.26,5,11,0,1,19.56,72.48,1,Yes,1,Right_Discount,1,Interested
3632,27,Female,Tablet,11.3,2,7,1,0,14.44,2.97,1,Yes,0,Others,1,Interested
3633,30,Male,Desktop,18.29,9,1,0,0,23.09,13.09,1,Yes,1,Right_Discount,4,Interested
3634,48,Male,Mobile,29.37,14,6,0,1,29.62,41.07,1,Yes,0,Others,9,Interested
3635,47,Male,Mobile,29.93,1,14,0,0,22.82,0,1,Yes,1,Right_Discount,8,Interested
3636,20,Female,Mobile,23.47,4,11,1,0,14.57,95.59,1,Yes,1,Right_Discount,6,Interested
3637,47,Female,Desktop,12.73,17,0,0,0,6.47,51.1,1,Yes,1,Right_Discount,6,Interested
3638,23,Unknown,Mobile,15.34,10,9,0,1,7.69,37.69,1,Yes,1,Right_Discount,2,Interested
3639,46,Male,Mobile,11.35,2,14,1,1,16.3,97.97,1,Yes,1,Right_Discount,2,Interested
3640,25,Female,Desktop,29.58,6,7,0,1,32.77,64.61,1,Yes,0,Others,9,Interested
3641,50,Male,Desktop,21.53,19,12,0,0,23.13,51.58,1,Yes,1,Right_Discount,2,Interested
3642,34,Male,Desktop,14.02,9,2,0,1,12.29,24.11,1,Yes,1,Right_Discount,0,Technical Error
3643,28,Female,Desktop,1.35,19,10,0,1,1.75,25.31,0,No,1,Low_Discount,7,Not Interested
3644,30,Female,Tablet,16.09,19,12,1,0,11.59,36.23,1,Yes,1,Right_Discount,1,Interested
3645,28,Male,Mobile,29.53,9,8,1,1,36.56,75.07,1,Yes,0,Others,6,Interested
3646,48,Female,Mobile,16.17,3,14,1,0,0,81.6,1,Yes,1,Right_Discount,8,Interested
3647,45,Male,Desktop,6.29,6,4,1,0,7.6,19.21,1,Yes,1,Right_Discount,1,Interested
3648,23,Female,Desktop,1.64,6,6,0,1,1.98,81.74,1,Yes,0,Others,0,Technical Error
3649,58,Female,Unknown,11.29,17,13,0,1,9.2,33.09,1,Yes,0,Others,4,Interested
3650,33,Male,Mobile,27.63,13,6,1,1,0,20.03,1,Yes,1,Right_Discount,9,Interested
3651,21,Female,Mobile,29.9,13,8,0,0,30.13,19.48,1,Yes,0,Others,4,Interested
3652,52,Male,Mobile,28.42,7,1,0,0,21.53,46.34,1,Yes,0,Others,0,Technical Error
3653,43,Female,Mobile,22.15,9,3,0,1,26,76.71,1,Yes,1,Right_Discount,8,Interested
3654,29,Male,Mobile,17.19,18,11,0,1,21.5,57.07,1,Yes,1,Right_Discount,2,Interested
3655,28,Female,Desktop,18.13,1,7,1,1,26.3,46.46,1,Yes,1,Right_Discount,1,Interested
3656,54,Female,Mobile,16.63,13,4,0,0,9.53,1.8,1,Yes,0,Others,6,Interested
3657,42,Male,Desktop,21.5,0,10,1,0,22.36,56.36,1,Yes,0,Others,4,Interested
3658,35,Female,Desktop,13.15,9,4,0,0,13.02,0,1,Yes,1,Right_Discount,3,Interested
3659,36,Male,Mobile,20.41,1,2,1,0,0,9.81,1,Yes,0,Others,3,Interested
3660,40,Female,Mobile,4.53,9,4,1,0,5.74,95.62,1,Yes,0,Others,8,Interested
3661,55,Female,Desktop,8.71,11,12,1,0,6.05,9.15,1,Yes,0,Others,8,Interested
3662,35,Male,Desktop,25.24,4,6,1,1,20.89,69.07,1,Yes,1,Right_Discount,0,Technical Error
3663,43,Female,Desktop,27.21,16,3,1,1,34.45,52.46,1,Yes,0,Others,9,Interested
3664,23,Female,Desktop,16.63,14,7,0,1,16.25,88.42,1,Yes,0,Others,6,Interested
3665,21,Male,Tablet,1.92,18,13,0,0,1.22,41.41,1,Yes,0,Others,7,Interested
3666,46,Female,Mobile,27.88,9,10,0,0,38.87,50.85,0,No,1,Low_Discount,4,Not Interested
3667,51,Male,Tablet,21.36,1,5,1,1,26.29,55.29,1,Yes,0,Others,6,Interested
3668,34,Male,Desktop,13.01,3,5,0,0,13.83,87.48,1,Yes,1,Right_Discount,7,Interested
3669,33,Male,Desktop,18.35,1,5,1,0,20.36,79.96,1,Yes,0,Others,7,Interested
3670,19,Female,Mobile,13.46,3,3,1,0,15.16,28.01,1,Yes,1,Right_Discount,8,Interested
3671,51,Female,Tablet,0,14,13,1,0,14.48,95.53,1,Yes,0,Others,4,Interested
3672,25,Male,Mobile,26.72,14,14,1,1,33.26,75.31,1,Yes,0,Others,1,Interested
3673,30,Female,Desktop,5.67,13,2,1,1,6.89,1.2,1,Yes,1,Right_Discount,5,Interested
3674,59,Unknown,Mobile,4.01,1,9,1,0,2.02,18.37,1,Yes,1,Right_Discount,0,Technical Error
3675,25,Female,Mobile,1.08,15,5,1,1,0.66,85.58,1,Yes,0,Others,9,Interested
3676,47,Male,Mobile,10.11,7,5,0,0,5.31,64.59,1,Yes,1,Right_Discount,5,Interested
3677,49,Male,Mobile,5.27,16,1,1,1,3.53,25.81,1,Yes,0,Others,2,Interested
3678,53,Female,Mobile,7.38,1,13,1,1,4.22,17.14,1,Yes,1,Right_Discount,2,Interested
3679,47,Male,Desktop,1.33,15,9,0,1,0.92,14.68,1,Yes,0,Others,6,Interested
3680,18,Male,Mobile,7.59,15,8,0,0,7.88,31.81,1,Yes,1,Right_Discount,3,Interested
3681,56,Female,Mobile,10.65,19,3,0,0,12.46,89.85,1,Yes,0,Others,4,Interested
3682,34,Male,Mobile,1.92,6,3,0,0,2.72,35.2,1,Yes,0,Others,5,Interested
3683,37,Male,Mobile,18.63,6,9,1,0,23.09,66.07,0,No,1,Low_Discount,9,Not Interested
3684,41,Female,Mobile,17.5,1,12,0,0,9.3,11.16,1,Yes,1,Right_Discount,5,Interested
3685,39,Male,Mobile,3.81,16,11,0,0,3.69,53.14,1,Yes,0,Others,1,Interested
3686,46,Male,Mobile,18.26,18,10,1,1,21.47,34.29,1,Yes,0,Others,2,Interested
3687,39,Male,Desktop,29.96,13,0,0,0,24.42,16.05,1,Yes,0,Others,0,Technical Error
3688,26,Unknown,Mobile,28.39,12,11,0,1,24.67,79.78,1,Yes,1,Right_Discount,2,Interested
3689,54,Male,Mobile,1.08,18,7,1,1,1.41,81.55,1,Yes,0,Others,7,Interested
3690,27,Male,Mobile,24.07,10,2,1,1,13.17,30.63,1,Yes,0,Others,3,Interested
3691,53,Male,Tablet,11.25,0,9,0,1,11.7,65.38,1,Yes,1,Right_Discount,1,Interested
3692,54,Male,Mobile,2.85,11,6,1,1,3.72,39.41,1,Yes,1,Right_Discount,3,Interested
3693,45,Female,Mobile,9.58,18,6,1,0,0,4.45,1,Yes,1,Right_Discount,6,Interested
3694,45,Male,Mobile,10.33,12,1,1,0,6.41,42.78,1,Yes,1,Right_Discount,8,Interested
3695,59,Male,Mobile,16.17,17,2,0,1,21.75,57.59,1,Yes,1,Right_Discount,4,Interested
3696,38,Female,Mobile,20.17,3,14,0,0,11.64,29.9,1,Yes,1,Right_Discount,0,Technical Error
3697,41,Male,Mobile,0,1,11,1,0,32.35,94.89,1,Yes,1,Right_Discount,4,Interested
3698,59,Male,Mobile,8.13,1,13,1,0,5.82,55.8,1,Yes,0,Others,9,Interested
3699,57,Male,Mobile,10.33,6,3,1,1,6.36,37.15,1,Yes,0,Others,8,Interested
3700,19,Male,Mobile,9.94,19,1,0,0,5.71,73.5,1,Yes,0,Others,6,Interested
3701,25,Male,Desktop,11.52,4,13,0,1,9.72,34.09,1,Yes,0,Others,2,Interested
3702,44,Male,Tablet,29.99,13,8,0,1,25.45,2.47,1,Yes,1,Right_Discount,1,Interested
3703,39,Female,Mobile,23.56,12,9,0,1,24.18,0.83,1,Yes,1,Right_Discount,8,Interested
3704,54,Female,Desktop,29.27,8,10,0,0,36.09,30.2,1,Yes,1,Right_Discount,2,Interested
3705,44,Female,Tablet,21.1,7,5,0,1,21.31,15.6,1,Yes,1,Right_Discount,7,Interested
3706,46,Female,Desktop,12.78,7,0,1,0,18.9,35.25,1,Yes,1,Right_Discount,3,Interested
3707,20,Female,Mobile,12.3,7,14,0,0,8.74,76.97,1,Yes,1,Right_Discount,4,Interested
3708,30,Male,Desktop,15.17,14,0,0,1,10.78,30.91,1,Yes,1,Right_Discount,0,Technical Error
3709,27,Male,Mobile,13.09,18,7,0,1,15.77,55.96,1,Yes,1,Right_Discount,4,Interested
3710,53,Male,Mobile,25.02,19,10,1,1,20.37,91.96,1,Yes,1,Right_Discount,9,Interested
3711,26,Male,Mobile,14.49,19,5,0,1,9.73,69.83,1,Yes,0,Others,1,Interested
3712,44,Male,Mobile,0,18,12,1,0,12.37,56.18,1,Yes,0,Others,5,Interested
3713,51,Female,Mobile,23.47,6,9,1,1,17.04,86.71,1,Yes,0,Others,6,Interested
3714,18,Female,Mobile,25.78,16,11,1,0,32.2,33.06,1,Yes,0,Others,0,Technical Error
3715,49,Male,Desktop,13.19,3,6,1,1,9.32,19.78,1,Yes,1,Right_Discount,9,Interested
3716,42,Male,Mobile,20.37,2,0,1,1,29.32,74.72,1,Yes,1,Right_Discount,8,Interested
3717,46,Male,Mobile,2.71,15,1,1,0,2.15,5.88,1,Yes,1,Right_Discount,5,Interested
3718,24,Female,Mobile,16.35,11,2,0,0,20.43,42.42,1,Yes,0,Others,3,Interested
3719,20,Female,Mobile,2.3,19,0,0,0,3.09,28.71,1,Yes,0,Others,1,Interested
3720,37,Male,Mobile,1.85,18,3,0,0,1.15,97.13,1,Yes,0,Others,8,Interested
3721,37,Female,Tablet,18.77,11,12,0,1,10.66,37.71,1,Yes,0,Others,5,Interested
3722,47,Male,Mobile,9.8,3,14,1,1,10.76,66.34,1,Yes,0,Others,8,Interested
3723,52,Female,Mobile,22.53,0,7,0,1,25.24,26.85,1,Yes,1,Right_Discount,1,Interested
3724,0,Female,Desktop,26.99,6,2,0,0,30.3,98.32,1,Yes,1,Right_Discount,4,Interested
3725,56,Male,Mobile,5.04,12,1,0,1,4.82,18.04,1,Yes,1,Right_Discount,5,Interested
3726,44,Female,Desktop,22.01,4,6,0,0,31.58,90.67,1,Yes,0,Others,4,Interested
3727,43,Female,Mobile,15.92,12,0,0,0,18.98,44.54,1,Yes,1,Right_Discount,5,Interested
3728,31,Male,Mobile,4.25,4,10,1,1,2.44,42.73,1,Yes,0,Others,2,Interested
3729,34,Female,Mobile,19.9,2,2,0,0,25.57,70.13,1,Yes,1,Right_Discount,8,Interested
3730,35,Male,Mobile,18.67,12,1,1,0,14.48,9.33,1,Yes,0,Others,1,Interested
3731,46,Female,Mobile,15.95,13,4,1,0,19.51,54.67,1,Yes,1,Right_Discount,1,Interested
3732,37,Male,Desktop,27.87,16,1,1,0,0,22,1,Yes,0,Others,0,Technical Error
3733,44,Male,Desktop,16.11,4,9,0,0,20.41,0,1,Yes,1,Right_Discount,9,Interested
3734,35,Female,Desktop,29.72,8,4,1,0,30.99,87.75,1,Yes,0,Others,2,Interested
3735,21,Female,Desktop,15.77,5,12,0,1,19.25,99.73,1,Yes,1,Right_Discount,1,Interested
3736,18,Male,Mobile,0,14,2,0,0,4.33,97.12,1,Yes,0,Others,5,Interested
3737,18,Female,Desktop,14.64,15,8,0,1,19.05,82.12,1,Yes,1,Right_Discount,5,Interested
3738,43,Female,Mobile,6.29,11,9,1,0,9.1,0,1,Yes,0,Others,6,Interested
3739,37,Female,Desktop,18.32,10,8,0,1,22.76,92.42,1,Yes,0,Others,3,Interested
3740,40,Male,Mobile,21.1,10,7,0,1,26.25,17.64,1,Yes,1,Right_Discount,0,Technical Error
3741,27,Male,Desktop,14.58,6,12,1,1,10.45,8.57,1,Yes,1,Right_Discount,2,Interested
3742,28,Male,Desktop,3.83,16,4,1,0,3.27,12.68,1,Yes,1,Right_Discount,9,Interested
3743,58,Female,Mobile,14.59,4,9,0,1,9.12,16.26,1,Yes,0,Others,0,Technical Error
3744,58,Female,Mobile,3.36,9,10,1,1,3.47,82.24,1,Yes,0,Others,4,Interested
3745,22,Male,Mobile,20.78,10,6,1,1,19.67,94.13,1,Yes,1,Right_Discount,5,Interested
3746,18,Male,Mobile,0,5,1,1,1,19.01,35.18,1,Yes,1,Right_Discount,2,Interested
3747,34,Female,Desktop,28.91,10,2,0,1,16.46,3.44,1,Yes,0,Others,1,Interested
3748,39,Female,Tablet,5.32,16,11,1,0,7.62,30.75,1,Yes,0,Others,2,Interested
3749,51,Female,Mobile,16.44,11,10,0,0,18.17,70.61,1,Yes,0,Others,2,Interested
3750,58,Female,Mobile,17.46,6,1,0,0,14.4,94.29,1,Yes,1,Right_Discount,6,Interested
3751,46,Male,Desktop,27.75,7,9,0,1,23.52,44.97,1,Yes,0,Others,0,Technical Error
3752,21,Female,Mobile,19.19,12,10,0,1,0,33.61,1,Yes,0,Others,3,Interested
3753,22,Unknown,Mobile,5.22,13,0,0,0,6.85,65.32,1,Yes,1,Right_Discount,2,Interested
3754,28,Male,Tablet,13.65,17,2,1,1,9.7,21.11,1,Yes,0,Others,9,Interested
3755,38,Male,Desktop,19.99,9,3,0,1,27.12,76.58,1,Yes,0,Others,6,Interested
3756,52,Female,Mobile,21.31,8,11,0,1,17.29,41.4,1,Yes,1,Right_Discount,0,Technical Error
3757,29,Male,Mobile,26.03,16,8,0,1,35.69,97.73,1,Yes,0,Others,7,Interested
3758,43,Female,Desktop,6.23,3,11,1,1,8.7,93.41,1,Yes,1,Right_Discount,9,Interested
3759,36,Female,Desktop,28.59,5,1,0,1,34.21,66.54,1,Yes,1,Right_Discount,6,Interested
3760,24,Male,Desktop,2.72,13,8,1,0,3.79,64.8,1,Yes,1,Right_Discount,7,Interested
3761,24,Male,Mobile,29.53,18,0,1,1,0,12.32,1,Yes,1,Right_Discount,7,Interested
3762,43,Female,Tablet,25.88,16,8,1,0,16.68,28.09,1,Yes,0,Others,8,Interested
3763,57,Male,Mobile,20.15,14,5,0,0,29.34,86.19,1,Yes,1,Right_Discount,0,Technical Error
3764,22,Female,Desktop,22.31,11,7,0,0,15.4,36.3,1,Yes,0,Others,8,Interested
3765,38,Female,Mobile,3.11,18,0,0,0,3.09,42.41,1,Yes,0,Others,0,Technical Error
0,31,Female,Mobile,2.2,8,7,1,0,1.94,83.98,1,Yes,0,Others,2,Interested
3767,21,Male,Tablet,3.95,12,10,0,0,3.35,42.69,1,Yes,0,Others,6,Interested
3768,40,Female,Mobile,3.53,19,8,0,0,4.53,85,1,Yes,1,Right_Discount,7,Interested
3769,59,Female,Mobile,16.87,2,6,1,0,13.34,6.94,1,Yes,0,Others,4,Interested
3770,37,Female,Desktop,7.25,9,3,0,1,7.52,69.11,1,Yes,0,Others,0,Technical Error
3771,32,Male,Desktop,25.95,9,5,1,0,0,6.3,1,Yes,0,Others,2,Interested
3772,46,Female,Desktop,13.93,14,5,0,0,19.41,79,1,Yes,1,Right_Discount,6,Interested
3773,25,Female,Mobile,21.17,15,1,0,0,13.87,55.22,1,Yes,0,Others,1,Interested
3774,58,Female,Mobile,19.93,0,1,1,0,13.46,55.59,1,Yes,0,Others,1,Interested
3775,36,Male,Tablet,10.28,13,10,1,1,6.28,37.67,1,Yes,0,Others,8,Interested
3776,56,Female,Mobile,8.05,5,4,0,1,10.13,90.33,1,Yes,0,Others,5,Interested
3777,45,Female,Desktop,10.93,6,0,0,1,7.23,50.91,1,Yes,1,Right_Discount,3,Interested
3778,44,Male,Mobile,24.1,5,4,0,1,24.9,26.04,1,Yes,1,Right_Discount,9,Interested
3779,21,Male,Desktop,18,1,9,1,0,22.8,82.41,1,Yes,1,Right_Discount,8,Interested
3780,0,Female,Mobile,8.35,18,14,0,1,5.14,94.81,1,Yes,1,Right_Discount,6,Interested
3781,52,Female,Mobile,0,8,2,0,0,35.36,24.23,1,Yes,1,Right_Discount,6,Interested
3782,54,Female,Desktop,2.59,17,2,1,1,2.03,60.53,1,Yes,0,Others,7,Interested
3783,18,Male,Mobile,21.28,11,7,0,1,27.5,58.86,1,Yes,1,Right_Discount,2,Interested
3784,20,Male,Desktop,13.73,11,10,0,0,17.76,60.96,1,Yes,1,Right_Discount,1,Interested
3785,41,Female,Desktop,22.21,3,2,0,0,18.84,56.42,1,Yes,0,Others,0,Technical Error
3786,44,Male,Desktop,27.9,8,2,1,1,29.31,10.02,1,Yes,1,Right_Discount,1,Interested
3787,57,Female,Tablet,22.75,8,0,0,1,25.73,41.25,1,Yes,0,Others,2,Interested
3788,53,Female,Mobile,13.82,3,13,1,1,12.65,98.57,1,Yes,1,Right_Discount,0,Technical Error
3789,51,Male,Mobile,5.38,10,7,0,1,4.62,8.82,1,Yes,0,Others,7,Interested
3790,46,Female,Mobile,24.38,19,12,1,1,32.96,66.96,1,Yes,0,Others,2,Interested
3791,41,Male,Mobile,0,14,14,1,0,10.08,89.43,1,Yes,1,Right_Discount,6,Interested
3792,41,Male,Mobile,3.18,18,13,1,1,4.12,20.07,1,Yes,0,Others,4,Interested
3793,59,Female,Mobile,21.85,3,9,1,1,15.38,80.24,1,Yes,1,Right_Discount,4,Interested
3794,21,Male,Mobile,9.46,14,9,1,1,11.35,24.18,1,Yes,1,Right_Discount,7,Interested
3795,20,Female,Mobile,2.42,11,5,1,0,1.91,3.04,1,Yes,1,Right_Discount,9,Interested
3796,51,Male,Mobile,27.18,10,10,0,1,38.8,52.11,1,Yes,1,Right_Discount,4,Interested
3797,40,Female,Desktop,15.01,14,0,0,0,16.59,71.09,1,Yes,0,Others,9,Interested
3798,40,Female,Mobile,9.15,1,2,0,0,9.46,19.69,1,Yes,0,Others,6,Interested
3799,22,Female,Mobile,21.78,16,13,0,0,17.32,7.04,1,Yes,0,Others,9,Interested
3800,48,Male,Desktop,26.69,6,10,1,1,26.92,55.35,1,Yes,0,Others,7,Interested
3801,58,Female,Mobile,1.01,18,5,0,0,0.57,14.77,1,Yes,0,Others,7,Interested
3802,23,Male,Tablet,20.95,16,14,0,1,13.48,18.43,1,Yes,1,Right_Discount,2,Interested
3803,54,Male,Desktop,23.24,19,11,0,0,18.48,70.35,1,Yes,0,Others,0,Technical Error
3804,27,Male,Mobile,7.09,16,1,1,1,10.28,61.21,1,Yes,0,Others,7,Interested
3805,57,Male,Desktop,15.2,5,2,0,1,14.71,94.7,1,Yes,0,Others,4,Interested
3806,24,Male,Desktop,3.59,12,12,0,0,3.23,32.34,1,Yes,0,Others,0,Technical Error
3807,56,Female,Mobile,22.66,6,3,0,0,28.84,21.44,1,Yes,0,Others,6,Interested
3808,55,Male,Desktop,25.58,2,8,1,1,30.53,65.57,1,Yes,1,Right_Discount,2,Interested
3809,38,Female,Mobile,4.14,16,14,1,1,4.82,97.2,1,Yes,0,Others,1,Interested
3810,37,Female,Mobile,24.68,11,11,0,0,27.29,55.35,1,Yes,1,Right_Discount,9,Interested
3811,20,Male,Mobile,23.38,12,3,0,0,14.73,29.38,1,Yes,1,Right_Discount,4,Interested
3812,39,Female,Mobile,11.06,11,6,1,1,9.85,91.05,1,Yes,0,Others,0,Technical Error
3813,21,Female,Mobile,21.02,19,11,0,1,29.45,61.04,1,Yes,1,Right_Discount,8,Interested
3814,45,Male,Tablet,1,8,7,0,0,1.46,21.27,1,Yes,0,Others,9,Interested
3815,29,Female,Mobile,28.02,18,4,1,1,26.13,94.96,1,Yes,0,Others,4,Interested
3816,55,Male,Mobile,16.96,5,14,0,0,8.5,27.3,1,Yes,0,Others,5,Interested
3817,53,Male,Mobile,18.99,12,0,0,1,18.98,89.85,1,Yes,0,Others,6,Interested
3818,58,Male,Desktop,20.28,10,14,0,1,14.75,61.46,1,Yes,0,Others,0,Technical Error
3819,22,Female,Tablet,17.28,15,10,1,1,11.89,50.26,1,Yes,0,Others,4,Interested
3820,30,Female,Desktop,25.85,5,7,1,1,20.26,33.26,1,Yes,1,Right_Discount,3,Interested
3821,40,Female,Tablet,18.68,17,4,1,1,11.63,11.89,1,Yes,0,Others,2,Interested
3822,47,Female,Desktop,27.33,4,4,1,1,0,24.48,1,Yes,1,Right_Discount,4,Interested
3823,54,Male,Tablet,17.89,12,6,0,1,16.9,33.1,1,Yes,1,Right_Discount,9,Interested
3824,42,Unknown,Desktop,5.96,18,5,1,1,4.54,28.87,1,Yes,0,Others,9,Interested
3825,44,Female,Mobile,27.49,8,2,1,0,20.79,7.33,1,Yes,1,Right_Discount,2,Interested
3826,31,Male,Mobile,20.77,17,13,1,1,14.99,57.98,1,Yes,1,Right_Discount,4,Interested
3827,53,Female,Desktop,21.28,8,13,0,0,21.21,47.52,1,Yes,1,Right_Discount,7,Interested
3828,56,Male,Mobile,29.58,13,6,0,0,36.48,10.65,1,Yes,1,Right_Discount,1,Interested
3829,33,Male,Mobile,3.18,3,11,1,1,3.68,46.39,1,Yes,0,Others,3,Interested
3830,39,Male,Mobile,13.43,3,13,0,1,19.82,7.9,1,Yes,0,Others,7,Interested
3831,38,Male,Tablet,7.93,7,0,1,0,11.21,93.15,1,Yes,1,Right_Discount,4,Interested
3832,38,Male,Mobile,19.28,18,3,0,1,17.69,25.91,1,Yes,0,Others,7,Interested
3833,25,Female,Desktop,24.4,7,3,1,0,32.04,72.48,1,Yes,0,Others,5,Interested
3834,33,Female,Desktop,29.02,2,5,0,0,19.86,25.12,1,Yes,1,Right_Discount,0,Technical Error
3835,48,Male,Tablet,14.18,7,5,1,0,10.1,47.45,1,Yes,1,Right_Discount,4,Interested
3836,59,Female,Tablet,23.8,2,9,0,0,28.58,93.33,1,Yes,0,Others,9,Interested
3837,27,Male,Desktop,27.59,7,7,0,0,19.77,87.17,1,Yes,0,Others,1,Interested
3838,49,Male,Mobile,0,14,11,1,1,19.8,77.89,1,Yes,1,Right_Discount,6,Interested
3839,51,Male,Mobile,8.04,15,0,1,0,6.61,79.02,1,Yes,0,Others,9,Interested
3840,26,Male,Mobile,18.63,16,12,0,0,13.65,82.35,1,Yes,1,Right_Discount,3,Interested
0,34,Female,Desktop,29.13,8,6,0,1,0,74.26,1,Yes,0,Others,1,Interested
3842,28,Male,Desktop,29.64,16,13,1,0,32.96,89.69,1,Yes,1,Right_Discount,0,Technical Error
3843,49,Female,Desktop,19.63,7,3,1,1,10.92,35.02,1,Yes,1,Right_Discount,4,Interested
3844,27,Male,Mobile,26.72,11,12,0,1,32.13,52.61,1,Yes,1,Right_Discount,9,Interested
3845,39,Male,Mobile,6.81,4,5,0,0,9.5,64.64,1,Yes,0,Others,7,Interested
3846,34,Female,Mobile,8.14,18,9,1,1,6.87,19.78,1,Yes,0,Others,7,Interested
3847,21,Male,Mobile,28.63,13,14,1,0,26.15,50.33,1,Yes,1,Right_Discount,9,Interested
3848,42,Male,Mobile,4.92,17,13,0,1,5.37,12.41,1,Yes,1,Right_Discount,1,Interested
3849,38,Female,Mobile,6.54,12,8,0,1,7.63,61.16,1,Yes,0,Others,0,Technical Error
3850,54,Female,Desktop,13.2,18,2,0,1,13.79,9.76,1,Yes,0,Others,6,Interested
3851,55,Female,Mobile,18.1,10,7,1,0,21.55,50.34,1,Yes,1,Right_Discount,9,Interested
3852,18,Male,Mobile,18.51,7,2,0,1,24.22,46.16,1,Yes,0,Others,0,Technical Error
3853,42,Male,Tablet,9.47,12,5,1,0,14.11,11.18,1,Yes,1,Right_Discount,4,Interested
3854,53,Female,Mobile,27.7,12,1,0,0,24.73,43.93,1,Yes,1,Right_Discount,5,Interested
3855,34,Female,Mobile,27.54,13,8,0,0,29.87,67.78,1,Yes,1,Right_Discount,6,Interested
3856,58,Male,Mobile,12.37,1,13,1,1,10.84,59.47,1,Yes,0,Others,8,Interested
3857,41,Male,Mobile,13.59,7,12,1,1,10.03,45.8,1,Yes,0,Others,2,Interested
3858,19,Female,Mobile,21.37,16,1,1,1,32,36.49,1,Yes,1,Right_Discount,7,Interested
3859,57,Female,Mobile,0,16,11,0,1,0,5.74,1,Yes,0,Others,9,Interested
3860,32,Female,Mobile,0,16,4,0,1,0,95.59,1,Yes,0,Others,2,Interested
3861,49,Female,Mobile,13.01,16,5,1,1,14.09,40.27,1,Yes,1,Right_Discount,8,Interested
3862,56,Male,Mobile,11.09,14,3,0,1,13.42,41.65,1,Yes,0,Others,7,Interested
3863,23,Male,Desktop,7.83,11,11,1,1,9.62,12.83,1,Yes,1,Right_Discount,8,Interested
3864,18,Male,Unknown,14.29,19,6,0,1,17.2,53.27,1,Yes,1,Right_Discount,4,Interested
3865,40,Male,Tablet,20.91,11,12,0,1,26.94,97.92,1,Yes,1,Right_Discount,8,Interested
3866,56,Female,Mobile,22.52,2,6,1,0,28.03,25.3,1,Yes,1,Right_Discount,2,Interested
3867,34,Male,Mobile,23.59,7,11,1,1,24.67,31.33,1,Yes,0,Others,6,Interested
3868,51,Female,Desktop,11.87,9,6,1,1,11.52,23.62,1,Yes,0,Others,2,Interested
3869,58,Male,Mobile,23.17,9,10,0,0,0,86.66,1,Yes,1,Right_Discount,5,Interested
3870,46,Male,Mobile,1.19,14,6,0,0,1.47,47.52,1,Yes,0,Others,7,Interested
3871,26,Male,Desktop,14.83,10,12,0,1,12.35,82.35,1,Yes,0,Others,1,Interested
3872,30,Female,Mobile,24.02,0,9,0,0,12.08,85.01,1,Yes,1,Right_Discount,7,Interested
3873,23,Male,Desktop,19.27,18,10,1,1,15.69,74.91,1,Yes,1,Right_Discount,0,Technical Error
3874,23,Female,Tablet,14.75,1,9,1,0,15.26,26.1,1,Yes,0,Others,3,Interested
3875,37,Female,Mobile,19.69,2,8,0,0,20.2,3.53,1,Yes,0,Others,6,Interested
3876,20,Male,Mobile,27.3,4,1,1,1,24.02,14.33,1,Yes,1,Right_Discount,0,Technical Error
3877,34,Female,Mobile,17.43,2,4,0,0,24.97,69.69,1,Yes,1,Right_Discount,5,Interested
3878,29,Male,Tablet,24.19,4,9,1,1,23.62,0,1,Yes,1,Right_Discount,9,Interested
3879,18,Female,Desktop,29.44,6,8,1,1,18.81,76.64,1,Yes,0,Others,5,Interested
0,34,Male,Tablet,21.46,4,11,0,0,14.88,24.4,1,Yes,0,Others,6,Interested
3881,20,Female,Mobile,17.63,18,12,0,1,0,15.3,1,Yes,1,Right_Discount,8,Interested
3882,43,Female,Desktop,2.09,5,13,1,0,1.61,92.31,1,Yes,0,Others,6,Interested
3883,32,Male,Mobile,11.86,11,10,0,1,9.54,66.42,1,Yes,0,Others,2,Interested
3884,53,Male,Mobile,17.4,13,10,1,1,14.51,74.2,1,Yes,0,Others,3,Interested
3885,49,Male,Tablet,24.12,3,1,0,0,32.23,9.39,1,Yes,0,Others,0,Technical Error
3886,49,Male,Mobile,13.71,19,2,1,1,17.35,41.25,1,Yes,1,Right_Discount,4,Interested
3887,21,Female,Tablet,28.84,11,6,0,0,28.73,6.33,1,Yes,0,Others,6,Interested
3888,35,Female,Mobile,8.88,11,8,1,0,8.39,65.78,1,Yes,0,Others,2,Interested
3889,36,Unknown,Desktop,0,2,13,0,1,19.84,48.94,1,Yes,1,Right_Discount,5,Interested
3890,52,Female,Mobile,13.15,15,14,1,0,0,45.15,1,Yes,1,Right_Discount,2,Interested
0,57,Male,Mobile,15.09,8,2,1,1,21.42,90.29,1,Yes,1,Right_Discount,3,Interested
3892,31,Female,Mobile,24.27,2,14,0,1,19.21,74.01,1,Yes,1,Right_Discount,4,Interested
3893,50,Male,Mobile,9.59,8,9,0,0,12.87,96.43,1,Yes,1,Right_Discount,5,Interested
3894,31,Female,Mobile,3.81,15,7,0,0,4.73,4.63,1,Yes,0,Others,0,Technical Error
3895,51,Male,Desktop,16.09,16,10,0,1,9.89,61.57,1,Yes,0,Others,0,Technical Error
3896,21,Male,Mobile,0,13,14,1,1,13.29,63.02,1,Yes,0,Others,7,Interested
3897,41,Male,Mobile,24.12,17,7,0,1,23.75,2.65,1,Yes,1,Right_Discount,2,Interested
3898,46,Male,Mobile,29.08,14,11,0,1,22.16,78.71,1,Yes,1,Right_Discount,3,Interested
3899,36,Male,Mobile,2.6,14,3,0,0,0,15.36,1,Yes,0,Others,7,Interested
3900,23,Female,Desktop,18.16,1,10,0,0,14.21,70.13,1,Yes,1,Right_Discount,4,Interested
3901,50,Male,Desktop,20.76,1,12,0,1,23.58,3.78,1,Yes,1,Right_Discount,5,Interested
3902,57,Female,Mobile,29.59,0,5,1,0,25.47,61.37,1,Yes,0,Others,0,Technical Error
3903,36,Female,Mobile,28.34,15,10,0,0,23.98,52.08,1,Yes,0,Others,7,Interested
3904,18,Male,Desktop,21.66,5,11,0,1,16.71,48.33,1,Yes,0,Others,4,Interested
3905,22,Female,Mobile,16.13,5,7,1,0,20.99,36.67,1,Yes,1,Right_Discount,0,Technical Error
3906,44,Female,Mobile,5.68,4,11,0,1,6.51,42.02,1,Yes,0,Others,6,Interested
3907,33,Female,Mobile,12.14,14,8,0,0,14.82,47.69,1,Yes,1,Right_Discount,1,Interested
3908,23,Male,Mobile,17.97,7,1,1,1,16.06,29.77,1,Yes,0,Others,5,Interested
3909,57,Male,Mobile,22.03,15,0,1,0,29.51,93.53,1,Yes,0,Others,2,Interested
3910,0,Male,Mobile,19.43,11,4,1,1,17.81,96.5,1,Yes,0,Others,5,Interested
3911,52,Male,Desktop,21.71,14,9,0,1,14.69,29.99,1,Yes,0,Others,8,Interested
3912,36,Female,Mobile,13.45,0,2,0,1,13.59,77.87,1,Yes,0,Others,5,Interested
3913,29,Female,Mobile,22.1,10,10,1,1,20.88,75.16,1,Yes,0,Others,0,Technical Error
3914,33,Female,Mobile,5.17,7,12,1,1,3.06,87.56,1,Yes,1,Right_Discount,5,Interested
3915,27,Female,Mobile,5.72,10,5,1,0,6.65,0.38,1,Yes,1,Right_Discount,2,Interested
3916,42,Female,Unknown,5.72,14,11,0,0,7.5,33.81,1,Yes,1,Right_Discount,3,Interested
3917,37,Female,Tablet,26.84,5,13,1,0,22.98,14.5,1,Yes,1,Right_Discount,3,Interested
3918,48,Male,Mobile,3.2,1,10,0,0,4.03,39.09,1,Yes,1,Right_Discount,8,Interested
3919,21,Female,Desktop,24.24,19,0,1,1,26.32,57.56,1,Yes,1,Right_Discount,7,Interested
3920,40,Female,Mobile,7.77,8,11,0,1,6.01,90.88,1,Yes,1,Right_Discount,6,Interested
3921,19,Female,Desktop,14.58,19,10,1,0,12.31,83.96,1,Yes,0,Others,4,Interested
3922,39,Male,Mobile,27.56,17,3,1,1,39.86,49.9,1,Yes,0,Others,9,Interested
3923,54,Female,Mobile,17.99,19,5,1,0,12.88,2.35,1,Yes,1,Right_Discount,3,Interested
3924,25,Female,Desktop,7.09,16,1,1,0,4.62,30.09,1,Yes,1,Right_Discount,2,Interested
3925,24,Male,Mobile,9.24,4,10,0,1,5.32,10.66,1,Yes,0,Others,0,Technical Error
3926,31,Female,Desktop,27.69,8,10,1,0,38.09,65.06,1,Yes,1,Right_Discount,8,Interested
3927,20,Male,Mobile,13.39,4,7,1,0,15.69,69.54,1,Yes,1,Right_Discount,7,Interested
3928,33,Male,Tablet,18.02,13,3,1,0,11.11,64.88,1,Yes,0,Others,0,Technical Error
3929,36,Female,Desktop,14.34,7,1,0,1,18.15,27.47,1,Yes,0,Others,1,Interested
3930,35,Female,Tablet,11.97,1,0,1,0,13.52,91.95,1,Yes,1,Right_Discount,0,Technical Error
3931,33,Male,Mobile,7.48,9,7,1,0,11.12,58.85,1,Yes,1,Right_Discount,0,Technical Error
3932,25,Female,Mobile,20.9,4,9,1,1,21.14,59.72,1,Yes,0,Others,8,Interested
3933,50,Female,Desktop,21.83,14,0,0,1,22.19,81.56,1,Yes,0,Others,4,Interested
3934,29,Male,Desktop,8.97,9,6,0,1,6.72,6.92,1,Yes,1,Right_Discount,2,Interested
3935,28,Male,Tablet,23.88,3,6,0,1,16.5,20.96,1,Yes,0,Others,1,Interested
3936,22,Female,Mobile,25.78,15,12,0,1,31.8,58.96,1,Yes,1,Right_Discount,7,Interested
3937,44,Male,Desktop,27.7,5,5,0,1,24.17,61.04,1,Yes,1,Right_Discount,7,Interested
3938,29,Female,Mobile,5.68,1,7,0,1,6.95,46.68,1,Yes,0,Others,5,Interested
3939,34,Female,Mobile,9.81,11,9,1,0,12.5,77.99,1,Yes,0,Others,1,Interested
3940,23,Female,Mobile,25.95,19,0,0,1,36.42,34.56,1,Yes,1,Right_Discount,0,Technical Error
3941,50,Female,Mobile,6.76,5,11,1,0,6.27,1.12,1,Yes,0,Others,5,Interested
3942,22,Male,Tablet,1.1,17,0,1,0,0.66,34,1,Yes,1,Right_Discount,0,Technical Error
3943,45,Female,Mobile,26.25,19,12,1,1,13.7,96.59,1,Yes,0,Others,5,Interested
3944,31,Male,Desktop,10.47,17,0,0,0,8.29,77.9,1,Yes,0,Others,9,Interested
3945,22,Female,Mobile,13.02,5,5,0,0,18.65,31.83,1,Yes,1,Right_Discount,1,Interested
3946,50,Female,Mobile,13.94,9,6,1,1,17.39,22.24,1,Yes,1,Right_Discount,6,Interested
3947,58,Male,Mobile,25.6,6,9,1,0,27.11,81.03,1,Yes,1,Right_Discount,9,Interested
3948,36,Female,Mobile,10.8,13,8,1,0,7.99,19.99,1,Yes,0,Others,1,Interested
3949,39,Male,Mobile,26.88,11,9,0,0,32.6,58.02,1,Yes,0,Others,1,Interested
3950,22,Male,Desktop,18.89,1,4,1,1,23.44,50.8,1,Yes,1,Right_Discount,5,Interested
3951,19,Female,Tablet,16.29,17,0,1,1,11.9,42.27,1,Yes,0,Others,3,Interested
3952,47,Female,Mobile,10.44,6,8,1,1,12.61,42.6,1,Yes,1,Right_Discount,5,Interested
3953,56,Female,Mobile,8.07,3,4,0,0,5.01,70.24,1,Yes,0,Others,7,Interested
3954,0,Female,Mobile,19.1,16,5,0,0,11.49,10.28,1,Yes,0,Others,9,Interested
3955,50,Male,Desktop,13.96,13,8,0,1,7.75,39.52,1,Yes,0,Others,2,Interested
3956,30,Female,Mobile,27.4,12,1,0,1,35.9,96.84,1,Yes,1,Right_Discount,4,Interested
3957,37,Female,Mobile,15.26,11,13,0,0,11.76,77.82,1,Yes,0,Others,4,Interested
3958,24,Female,Mobile,15.84,2,2,1,0,17.49,2.1,1,Yes,1,Right_Discount,9,Interested
3959,32,Female,Tablet,13.08,19,13,1,0,8.43,44.71,1,Yes,1,Right_Discount,8,Interested
3960,40,Female,Mobile,23.89,8,6,1,0,22.51,11.72,0,No,0,Others,6,Not Interested
3961,31,Male,Mobile,13.32,13,2,0,0,7.03,48.47,1,Yes,1,Right_Discount,8,Interested
3962,40,Female,Unknown,8.81,14,14,1,1,11.98,10.36,1,Yes,0,Others,7,Interested
3963,36,Male,Desktop,26,15,1,0,1,27.03,38.92,1,Yes,0,Others,2,Interested
3964,46,Female,Desktop,18.31,17,6,0,0,25.46,54.5,1,Yes,1,Right_Discount,1,Interested
3965,37,Female,Mobile,18.15,15,7,1,0,17.57,36.73,1,Yes,1,Right_Discount,2,Interested
3966,46,Female,Tablet,18.71,10,8,1,0,15.27,57.86,0,No,1,Low_Discount,5,Not Interested
3967,41,Unknown,Desktop,21.85,1,1,1,1,19.68,98.5,1,Yes,0,Others,9,Interested
3968,35,Female,Desktop,10.08,12,12,0,1,7.5,24.58,1,Yes,0,Others,3,Interested
3969,27,Male,Desktop,1.98,9,1,1,0,2.74,56.45,1,Yes,1,Right_Discount,0,Technical Error
3970,58,Male,Desktop,24.51,5,10,1,0,19.5,47.13,1,Yes,1,Right_Discount,9,Interested
3971,25,Female,Mobile,4.74,15,6,1,0,3.76,80.93,1,Yes,0,Others,9,Interested
3972,43,Male,Mobile,21.93,3,13,0,1,24.82,31.49,1,Yes,1,Right_Discount,8,Interested
3973,46,Female,Desktop,3.39,19,14,0,1,2.11,63.8,1,Yes,1,Right_Discount,5,Interested
3974,27,Female,Mobile,11.88,7,3,1,1,8.54,69.3,1,Yes,0,Others,0,Technical Error
3975,34,Male,Mobile,2.83,7,4,0,0,2.63,97.57,1,Yes,1,Right_Discount,2,Interested
3976,19,Female,Mobile,16.14,7,0,1,0,11.02,15.13,1,Yes,0,Others,0,Technical Error
3977,23,Female,Desktop,19.94,2,14,0,1,15.1,99.83,1,Yes,0,Others,8,Interested
3978,22,Male,Mobile,5.97,2,5,1,0,7.16,72.12,1,Yes,1,Right_Discount,3,Interested
3979,45,Male,Desktop,11.78,12,9,0,1,9.19,45.63,1,Yes,0,Others,1,Interested
3980,58,Male,Desktop,27.98,5,12,0,1,31.82,26.36,1,Yes,1,Right_Discount,3,Interested
3981,22,Male,Mobile,13.83,0,7,1,0,13.75,62.87,1,Yes,0,Others,1,Interested
3982,35,Male,Mobile,24.27,7,10,0,0,30.77,14.18,1,Yes,0,Others,5,Interested
3983,43,Male,Mobile,27.89,16,14,0,0,34.88,94.68,1,Yes,1,Right_Discount,5,Interested
3984,37,Female,Mobile,29.26,3,0,1,0,20.41,18.44,1,Yes,0,Others,6,Interested
3985,58,Male,Mobile,27.05,2,1,1,1,39.04,77.43,1,Yes,1,Right_Discount,8,Interested
3986,44,Male,Mobile,10.2,17,6,0,0,13.28,34.51,1,Yes,0,Others,8,Interested
3987,29,Female,Unknown,28.91,9,13,0,1,29.85,21.58,0,No,1,Low_Discount,3,Not Interested
3988,24,Female,Mobile,24.56,8,1,1,1,26.03,80.87,1,Yes,1,Right_Discount,8,Interested
3989,20,Male,Desktop,25.28,12,8,1,0,33.59,88.78,1,Yes,0,Others,7,Interested
3990,27,Male,Mobile,1.44,7,5,0,1,1.42,0.56,1,Yes,0,Others,0,Technical Error
3991,51,Female,Desktop,28.67,14,11,1,1,28.05,97.42,1,Yes,1,Right_Discount,6,Interested
3992,42,Male,Mobile,23.56,16,11,1,0,26.63,42.19,1,Yes,0,Others,6,Interested
3993,52,Male,Desktop,23.27,1,4,1,0,13.69,9.61,1,Yes,1,Right_Discount,9,Interested
3994,33,Female,Desktop,3.36,10,6,1,0,3.64,45.32,1,Yes,1,Right_Discount,3,Interested
3995,19,Male,Desktop,7.74,11,9,0,0,5.6,11.86,1,Yes,0,Others,6,Interested
3996,41,Female,Mobile,28.91,7,7,1,1,17.83,25.88,1,Yes,1,Right_Discount,9,Interested
3997,27,Male,Desktop,15.52,18,12,0,0,20.42,55.75,1,Yes,1,Right_Discount,9,Interested
0,55,Female,Mobile,12.54,19,8,0,0,11.06,35.92,1,Yes,0,Others,4,Interested
3999,39,Female,Mobile,25.36,14,5,0,0,25.43,22.78,1,Yes,1,Right_Discount,4,Interested
4000,43,Female,Mobile,3.53,17,4,0,1,2.8,19.65,1,Yes,1,Right_Discount,4,Interested
0,56,Male,Mobile,13.09,19,6,1,0,6.95,63.66,1,Yes,1,Right_Discount,5,Interested
4002,44,Female,Mobile,11.9,13,1,1,1,11.21,90.97,1,Yes,0,Others,6,Interested
4003,46,Male,Desktop,11.15,3,14,1,1,13.94,5.64,1,Yes,0,Others,4,Interested
4004,55,Female,Mobile,9.92,2,7,1,1,12.48,24.42,1,Yes,0,Others,8,Interested
4005,37,Female,Mobile,7.09,9,11,0,1,10.08,66.54,0,No,0,Others,8,Not Interested
4006,44,Female,Mobile,6.01,7,3,0,1,8.06,0,1,Yes,1,Right_Discount,6,Interested
4007,58,Male,Desktop,19.57,14,0,0,0,29.01,68.13,1,Yes,1,Right_Discount,9,Interested
4008,37,Male,Mobile,27.66,5,2,1,0,29.64,5.26,1,Yes,1,Right_Discount,2,Interested
4009,36,Female,Mobile,15.76,15,12,0,1,8.68,17.89,1,Yes,1,Right_Discount,3,Interested
4010,37,Male,Desktop,9.64,0,8,0,1,13.14,34.77,1,Yes,0,Others,3,Interested
0,52,Male,Mobile,5.62,7,3,1,1,8.16,15.74,1,Yes,1,Right_Discount,6,Interested
4012,19,Male,Mobile,25.07,5,14,0,0,24.17,18.23,1,Yes,1,Right_Discount,1,Interested
4013,47,Female,Mobile,29.17,4,9,0,0,17.91,27.37,1,Yes,0,Others,4,Interested
4014,51,Male,Desktop,11.13,11,9,1,1,5.84,37.28,1,Yes,0,Others,3,Interested
4015,39,Female,Desktop,9.44,19,13,0,1,10.51,39.18,1,Yes,1,Right_Discount,9,Interested
4016,20,Female,Unknown,18.44,6,10,0,1,0,49.94,1,Yes,1,Right_Discount,8,Interested
4017,23,Female,Mobile,23.48,18,2,0,0,12.12,92.82,1,Yes,1,Right_Discount,0,Technical Error
4018,32,Male,Mobile,14.21,5,3,0,1,20.59,99.33,1,Yes,1,Right_Discount,9,Interested
4019,44,Female,Desktop,19.27,15,2,0,1,20.08,1.97,1,Yes,0,Others,2,Interested
4020,27,Male,Desktop,21.78,6,2,1,1,24.23,49.38,1,Yes,0,Others,5,Interested
4021,26,Male,Mobile,28.86,4,1,0,0,30.71,75.21,1,Yes,1,Right_Discount,3,Interested
4022,50,Female,Mobile,5.79,17,5,0,1,4.73,7.33,1,Yes,0,Others,2,Interested
4023,49,Female,Desktop,29.92,15,12,1,1,41.91,94.12,1,Yes,1,Right_Discount,5,Interested
4024,23,Female,Desktop,12.37,18,14,1,1,6.23,93.77,1,Yes,1,Right_Discount,2,Interested
4025,58,Male,Desktop,21.97,6,9,0,1,27.4,20.84,1,Yes,1,Right_Discount,6,Interested
4026,53,Male,Desktop,17.6,19,5,1,0,0,0,1,Yes,1,Right_Discount,0,Technical Error
4027,0,Female,Desktop,15.11,12,9,0,1,10.43,58.15,1,Yes,0,Others,8,Interested
4028,46,Female,Mobile,21.24,9,3,0,1,19.88,3.39,1,Yes,1,Right_Discount,9,Interested
4029,21,Male,Mobile,12.48,8,13,1,1,8.71,29.73,1,Yes,0,Others,1,Interested
4030,18,Male,Mobile,4.66,15,7,0,0,6.38,26.34,1,Yes,1,Right_Discount,3,Interested
4031,36,Female,Desktop,15.18,1,5,1,1,19.67,87.97,1,Yes,0,Others,5,Interested
4032,43,Male,Mobile,16.14,2,11,0,1,21.9,89.75,1,Yes,1,Right_Discount,5,Interested
4033,42,Male,Mobile,6.86,3,7,1,1,9.16,3.45,1,Yes,0,Others,7,Interested
4034,27,Male,Mobile,28.13,19,5,1,0,37.27,74.14,1,Yes,1,Right_Discount,7,Interested
4035,32,Male,Mobile,7.6,10,14,0,0,8.22,11.99,1,Yes,1,Right_Discount,3,Interested
4036,39,Male,Desktop,12.87,14,12,1,0,18.04,79.09,1,Yes,1,Right_Discount,5,Interested
4037,38,Male,Mobile,5.49,19,8,0,0,3.07,84.56,1,Yes,0,Others,8,Interested
4038,39,Female,Mobile,16.54,11,0,0,1,13,5.92,1,Yes,0,Others,6,Interested
4039,53,Male,Desktop,9.92,6,13,0,1,7.07,32.63,1,Yes,0,Others,7,Interested
4040,51,Female,Mobile,15.19,19,2,0,1,9.43,37.97,1,Yes,1,Right_Discount,7,Interested
4041,47,Female,Desktop,7.51,0,1,1,0,3.8,95.51,1,Yes,1,Right_Discount,1,Interested
4042,42,Male,Desktop,2.56,8,9,0,0,2.31,37.09,1,Yes,0,Others,6,Interested
4043,45,Female,Tablet,23.6,2,13,1,0,28.89,25.6,1,Yes,1,Right_Discount,2,Interested
4044,18,Female,Desktop,19.59,18,13,1,0,22.43,61.97,1,Yes,1,Right_Discount,6,Interested
4045,21,Female,Mobile,10.88,4,5,0,0,12.52,15.89,1,Yes,0,Others,1,Interested
4046,24,Male,Mobile,2.38,3,6,0,1,3.3,62.51,1,Yes,0,Others,0,Technical Error
4047,0,Female,Mobile,26.1,2,6,0,0,38.04,45.86,1,Yes,1,Right_Discount,8,Interested
4048,53,Male,Mobile,5.92,4,4,0,1,6.99,73.14,1,Yes,0,Others,9,Interested
4049,36,Female,Mobile,27.99,18,5,1,0,16.37,57.88,1,Yes,1,Right_Discount,9,Interested
4050,18,Female,Mobile,14.88,11,6,1,0,17.51,17.66,1,Yes,1,Right_Discount,0,Technical Error
4051,27,Female,Desktop,10.87,9,10,1,1,11.47,93.74,1,Yes,1,Right_Discount,0,Technical Error
4052,53,Female,Mobile,22.51,8,1,0,1,12.7,44.88,1,Yes,0,Others,2,Interested
4053,26,Male,Mobile,26.43,8,9,0,1,20.01,74.46,1,Yes,1,Right_Discount,0,Technical Error
4054,59,Female,Unknown,11.75,5,14,0,1,8.67,53.19,1,Yes,0,Others,6,Interested
4055,49,Female,Mobile,12.81,0,13,1,0,16.3,86.53,1,Yes,0,Others,6,Interested
4056,49,Male,Unknown,13.56,7,11,0,0,11.46,33.7,1,Yes,0,Others,7,Interested
4057,23,Male,Mobile,27.75,5,6,1,0,27.77,63.89,1,Yes,1,Right_Discount,1,Interested
4058,55,Male,Desktop,21.08,13,0,0,0,27.1,7.94,1,Yes,0,Others,6,Interested
4059,34,Female,Mobile,8.18,16,5,1,0,11.75,7.77,1,Yes,1,Right_Discount,8,Interested
4060,27,Unknown,Mobile,6.36,14,7,0,0,6.6,84.35,1,Yes,1,Right_Discount,9,Interested
4061,44,Male,Mobile,0,5,12,0,0,8.1,81.84,1,Yes,0,Others,4,Interested
4062,52,Male,Desktop,8.64,19,0,1,1,5.15,35.93,1,Yes,0,Others,9,Interested
4063,38,Male,Mobile,0,4,0,1,0,7.64,67.6,1,Yes,0,Others,2,Interested
4064,42,Male,Mobile,20.1,11,5,1,1,23.85,82.9,1,Yes,1,Right_Discount,8,Interested
4065,45,Male,Mobile,4.36,2,4,1,1,3,14.39,1,Yes,1,Right_Discount,0,Technical Error
4066,32,Female,Unknown,12.23,13,14,1,1,7.48,98.47,1,Yes,0,Others,2,Interested
4067,21,Male,Desktop,19.13,16,2,1,0,26.08,88.59,1,Yes,1,Right_Discount,1,Interested
4068,46,Female,Mobile,9.43,9,13,1,1,5.8,69.09,1,Yes,0,Others,1,Interested
4069,26,Male,Mobile,2.89,16,9,1,0,4.08,54.32,1,Yes,1,Right_Discount,2,Interested
4070,44,Male,Desktop,3.37,7,12,1,1,2.61,89.49,1,Yes,1,Right_Discount,9,Interested
4071,43,Unknown,Desktop,4.65,16,9,1,1,3.86,73.93,1,Yes,0,Others,6,Interested
4072,36,Female,Desktop,25.24,13,6,1,1,25.89,58.47,1,Yes,0,Others,5,Interested
4073,45,Male,Desktop,20.08,5,6,0,1,13.82,89.16,1,Yes,1,Right_Discount,8,Interested
4074,34,Male,Desktop,2.87,15,6,1,0,3.41,21.06,1,Yes,1,Right_Discount,9,Interested
4075,58,Male,Mobile,12.34,7,13,1,1,12.63,24.44,1,Yes,0,Others,9,Interested
4076,59,Male,Desktop,9.08,18,14,1,0,13.13,93.01,1,Yes,1,Right_Discount,2,Interested
4077,37,Female,Tablet,17.76,2,5,1,1,25.06,6.71,1,Yes,0,Others,4,Interested
4078,57,Female,Mobile,16.16,8,3,1,1,20.52,4.62,1,Yes,0,Others,8,Interested
0,56,Female,Mobile,14.95,10,8,0,0,10.24,79.19,1,Yes,1,Right_Discount,2,Interested
4080,40,Female,Tablet,10.12,10,11,0,1,7.22,41.4,1,Yes,0,Others,7,Interested
4081,49,Female,Mobile,5,11,14,1,1,3.84,91.63,1,Yes,0,Others,8,Interested
4082,50,Male,Desktop,22.53,8,8,1,1,30.06,30.07,1,Yes,0,Others,6,Interested
4083,22,Male,Mobile,26.52,16,6,1,0,30.44,28.72,1,Yes,0,Others,5,Interested
4084,51,Male,Mobile,28.38,16,6,1,0,19.17,95.72,1,Yes,0,Others,5,Interested
4085,57,Female,Mobile,2.7,17,7,0,0,2.59,55.38,1,Yes,0,Others,5,Interested
4086,28,Male,Mobile,22.46,6,10,1,1,33.13,61.37,1,Yes,1,Right_Discount,4,Interested
4087,20,Female,Mobile,22.07,18,4,0,1,27.2,89.81,1,Yes,0,Others,6,Interested
4088,50,Male,Mobile,28.47,17,10,0,0,40.83,38.08,1,Yes,0,Others,6,Interested
4089,28,Female,Desktop,8.33,12,8,0,1,10.9,24.79,1,Yes,0,Others,6,Interested
4090,33,Male,Tablet,22.52,15,5,0,0,27.59,57.11,1,Yes,1,Right_Discount,2,Interested
4091,35,Male,Mobile,2.58,7,6,1,0,3.43,41,1,Yes,0,Others,5,Interested
4092,47,Male,Mobile,19.31,14,11,0,1,23.03,16.36,1,Yes,1,Right_Discount,8,Interested
4093,27,Male,Mobile,0,4,6,1,0,11.92,11.86,1,Yes,0,Others,8,Interested
4094,35,Female,Mobile,23.3,17,8,0,1,28.8,72.55,1,Yes,0,Others,3,Interested
4095,55,Male,Mobile,26.04,0,6,1,1,19,3.42,1,Yes,1,Right_Discount,8,Interested
4096,36,Male,Mobile,11.58,6,13,1,0,11.47,52.75,0,No,0,Others,1,Not Interested
4097,53,Male,Mobile,16.24,10,2,0,0,23.57,32.96,1,Yes,0,Others,7,Interested
4098,30,Female,Unknown,4.4,15,5,0,0,5.76,15.09,1,Yes,1,Right_Discount,1,Interested
4099,20,Male,Mobile,13.09,6,5,0,1,18.67,89.07,1,Yes,0,Others,4,Interested
4100,27,Male,Desktop,11.46,16,10,0,0,16.82,74.05,1,Yes,0,Others,5,Interested
4101,55,Male,Mobile,6.31,12,11,1,1,6.86,77.31,1,Yes,0,Others,1,Interested
4102,18,Male,Desktop,26.94,19,6,0,0,18.75,43.59,1,Yes,0,Others,8,Interested
4103,44,Male,Tablet,5.29,16,5,0,0,6.57,64.83,1,Yes,0,Others,5,Interested
4104,25,Female,Tablet,19.44,14,3,1,0,9.86,9.05,1,Yes,0,Others,7,Interested
0,59,Female,Tablet,26.81,6,13,1,0,15.79,13.93,1,Yes,0,Others,3,Interested
0,34,Female,Mobile,27.45,9,5,1,1,21.58,32.26,1,Yes,0,Others,2,Interested
4107,26,Male,Mobile,24,1,2,1,1,12.36,45.78,1,Yes,1,Right_Discount,3,Interested
4108,23,Female,Mobile,6.11,8,0,1,0,7.23,9.38,1,Yes,1,Right_Discount,0,Technical Error
4109,42,Male,Desktop,24.71,7,14,0,0,32.53,56.5,1,Yes,0,Others,0,Technical Error
4110,56,Male,Desktop,9.02,14,0,0,0,11.31,23.98,1,Yes,0,Others,7,Interested
4111,45,Male,Desktop,27.75,8,4,0,0,17.88,77.46,1,Yes,1,Right_Discount,0,Technical Error
4112,50,Male,Mobile,21.56,11,10,1,0,28.11,0.05,1,Yes,0,Others,0,Technical Error
4113,54,Female,Desktop,23.77,9,12,0,0,31.58,86.61,1,Yes,0,Others,9,Interested
4114,26,Female,Mobile,3.47,19,13,0,0,2.07,73.26,1,Yes,0,Others,8,Interested
4115,35,Female,Mobile,17.9,7,7,0,0,17.76,54.62,1,Yes,0,Others,2,Interested
4116,38,Male,Desktop,24.81,6,2,1,0,29.48,73.75,1,Yes,1,Right_Discount,9,Interested
4117,19,Female,Mobile,25.99,18,12,1,0,23.56,36.46,0,No,1,Low_Discount,1,Not Interested
4118,55,Female,Tablet,1.83,0,1,0,1,2.54,16.26,1,Yes,1,Right_Discount,4,Interested
4119,57,Male,Mobile,28.24,19,7,0,0,29.06,0.91,1,Yes,1,Right_Discount,1,Interested
4120,53,Female,Desktop,2.26,11,0,0,0,1.41,54.86,1,Yes,0,Others,9,Interested
4121,54,Male,Mobile,18.82,5,8,0,0,19.39,29.19,1,Yes,0,Others,0,Technical Error
4122,32,Female,Desktop,21.11,9,1,1,0,22.74,21.27,1,Yes,1,Right_Discount,8,Interested
4123,45,Female,Desktop,4.11,8,11,1,1,5.97,86.7,1,Yes,1,Right_Discount,9,Interested
4124,35,Female,Tablet,2.39,11,7,1,1,2.2,72.52,1,Yes,0,Others,8,Interested
4125,51,Male,Mobile,23.76,6,1,1,1,33.1,99.02,1,Yes,0,Others,0,Technical Error
4126,39,Female,Tablet,12.16,15,6,1,1,9.97,66.16,1,Yes,0,Others,3,Interested
4127,28,Female,Mobile,4.11,6,7,0,1,3.91,89.54,1,Yes,0,Others,4,Interested
4128,0,Female,Mobile,23.12,11,0,1,1,27.17,11.83,1,Yes,0,Others,1,Interested
4129,0,Female,Mobile,25.63,15,7,1,1,35.51,72.28,1,Yes,1,Right_Discount,8,Interested
4130,39,Male,Desktop,18.03,12,14,0,0,22.97,8.62,1,Yes,0,Others,8,Interested
4131,24,Male,Mobile,5.68,9,2,1,0,3.72,9.46,1,Yes,0,Others,8,Interested
4132,41,Female,Desktop,1.44,10,12,0,1,1,85.78,1,Yes,1,Right_Discount,7,Interested
4133,21,Female,Desktop,21.32,0,0,1,0,12.11,36.01,1,Yes,0,Others,5,Interested
4134,45,Female,Mobile,16.95,17,6,1,0,19.01,31.64,1,Yes,0,Others,0,Technical Error
4135,32,Male,Tablet,19.87,16,9,1,1,18.68,18.38,1,Yes,0,Others,9,Interested
4136,18,Female,Mobile,24.58,8,2,0,1,33.82,48.49,1,Yes,1,Right_Discount,4,Interested
4137,20,Female,Desktop,13.59,17,7,0,0,20.24,20.36,1,Yes,0,Others,7,Interested
4138,31,Male,Mobile,4.61,11,8,0,1,6.36,53.78,1,Yes,0,Others,3,Interested
4139,55,Male,Mobile,28.26,11,1,1,1,15.45,66.04,1,Yes,0,Others,7,Interested
4140,18,Male,Mobile,16.81,6,14,0,0,24.28,65.49,1,Yes,0,Others,5,Interested
4141,55,Female,Mobile,18.84,2,0,0,1,11.36,36.46,1,Yes,1,Right_Discount,0,Technical Error
4142,55,Male,Mobile,28.07,1,7,1,1,26.59,70.4,1,Yes,0,Others,0,Technical Error
4143,38,Male,Mobile,28.02,6,9,1,1,22.34,26.61,1,Yes,0,Others,2,Interested
4144,46,Female,Mobile,17.59,5,5,1,0,11.55,80.77,1,Yes,0,Others,0,Technical Error
4145,22,Male,Mobile,9.63,9,9,1,0,6.46,0.01,1,Yes,0,Others,3,Interested
4146,27,Female,Mobile,29.92,5,0,0,1,25.31,96.66,0,No,1,Low_Discount,2,Not Interested
4147,45,Female,Desktop,20.74,18,2,0,1,10.9,43.36,1,Yes,1,Right_Discount,6,Interested
4148,38,Male,Mobile,12.84,19,8,0,0,7.25,33.4,1,Yes,0,Others,8,Interested
4149,24,Female,Desktop,17.24,15,8,1,0,20.93,62.45,1,Yes,0,Others,6,Interested
4150,20,Male,Desktop,13.06,15,5,1,0,14.71,87.91,1,Yes,1,Right_Discount,4,Interested
4151,37,Male,Desktop,26.76,9,0,1,0,16.04,35.26,1,Yes,1,Right_Discount,0,Technical Error
4152,36,Male,Desktop,14.99,14,7,0,0,13.98,7,1,Yes,0,Others,4,Interested
4153,52,Female,Mobile,24.88,5,5,0,0,27.56,35.38,1,Yes,1,Right_Discount,0,Technical Error
4154,21,Male,Desktop,25.37,17,0,0,0,15.16,0.51,1,Yes,0,Others,5,Interested
4155,22,Female,Mobile,24.91,15,5,0,0,0,18.5,1,Yes,1,Right_Discount,7,Interested
4156,18,Female,Desktop,0,17,12,1,0,29.59,5.2,1,Yes,0,Others,6,Interested
4157,21,Female,Desktop,25.79,9,4,1,0,18.76,38.76,1,Yes,1,Right_Discount,0,Technical Error
4158,29,Male,Mobile,12.23,13,7,1,0,12.46,5.97,1,Yes,0,Others,7,Interested
4159,44,Female,Desktop,4.33,13,12,0,1,4.36,98.39,1,Yes,0,Others,8,Interested
4160,59,Female,Mobile,25.43,5,1,0,1,21.21,78.19,1,Yes,1,Right_Discount,9,Interested
4161,40,Male,Mobile,15.45,14,11,0,0,19.46,41.95,1,Yes,0,Others,1,Interested
4162,42,Male,Mobile,4.69,7,6,0,1,5.43,79.04,1,Yes,1,Right_Discount,0,Technical Error
4163,38,Female,Desktop,4.34,5,5,1,1,5.92,41.74,1,Yes,0,Others,5,Interested
4164,41,Female,Desktop,5.62,12,0,1,0,2.84,64.71,1,Yes,1,Right_Discount,3,Interested
4165,42,Male,Desktop,22.78,3,11,0,0,25.15,82.15,1,Yes,1,Right_Discount,6,Interested
4166,49,Female,Mobile,21.61,9,7,0,0,32.26,68.44,1,Yes,0,Others,2,Interested
4167,49,Female,Mobile,0,10,5,0,1,8.91,8.45,1,Yes,0,Others,2,Interested
4168,22,Unknown,Desktop,25.56,1,12,1,0,21.58,4.35,1,Yes,1,Right_Discount,7,Interested
4169,53,Female,Mobile,9.16,14,14,0,0,6.01,56.99,1,Yes,0,Others,6,Interested
4170,59,Male,Desktop,24,0,2,0,1,22.28,19.64,1,Yes,1,Right_Discount,4,Interested
4171,59,Female,Mobile,15.18,10,4,0,1,14.03,98.41,1,Yes,0,Others,2,Interested
4172,56,Male,Mobile,22.21,11,6,0,1,24.1,1.63,1,Yes,0,Others,0,Technical Error
4173,33,Female,Mobile,12.06,2,8,1,0,6.83,74.85,1,Yes,1,Right_Discount,2,Interested
4174,50,Male,Desktop,11.07,2,3,1,1,9.82,4.24,1,Yes,1,Right_Discount,8,Interested
0,38,Female,Mobile,25.4,11,11,1,0,34.41,61.09,1,Yes,0,Others,0,Technical Error
4176,26,Male,Mobile,2.02,8,13,1,1,2.31,42,1,Yes,1,Right_Discount,4,Interested
0,23,Female,Mobile,29.27,3,1,0,1,27.36,63.28,1,Yes,1,Right_Discount,3,Interested
4178,52,Male,Mobile,19.8,9,2,0,1,0,76.2,0,No,1,Low_Discount,5,Not Interested
4179,56,Female,Mobile,13.54,16,6,0,1,10.56,3.32,1,Yes,1,Right_Discount,1,Interested
4180,39,Female,Mobile,19.21,16,7,0,0,23.98,52.13,1,Yes,1,Right_Discount,3,Interested
4181,58,Male,Desktop,4.56,10,4,0,1,4.23,94.23,1,Yes,1,Right_Discount,8,Interested
4182,22,Male,Mobile,15.91,6,14,0,0,11.87,21.78,1,Yes,0,Others,4,Interested
0,59,Male,Desktop,29.57,11,14,0,0,38.82,7.75,1,Yes,1,Right_Discount,0,Technical Error
4184,40,Male,Desktop,7.82,8,2,1,0,5.99,77.1,1,Yes,1,Right_Discount,1,Interested
4185,34,Male,Mobile,21.95,1,0,0,0,12.39,74.14,1,Yes,1,Right_Discount,8,Interested
4186,29,Female,Mobile,13.61,6,9,0,0,14.26,39.02,1,Yes,1,Right_Discount,6,Interested
4187,40,Unknown,Desktop,19.92,8,12,1,0,15.52,83.02,1,Yes,0,Others,6,Interested
4188,0,Male,Mobile,6.94,14,0,1,1,3.5,54.39,1,Yes,0,Others,1,Interested
4189,20,Female,Mobile,14.64,3,10,1,0,14.66,47.54,1,Yes,1,Right_Discount,7,Interested
4190,47,Unknown,Mobile,29.42,0,1,0,1,41.03,82.19,1,Yes,1,Right_Discount,8,Interested
4191,39,Male,Desktop,6.66,0,4,0,1,7.62,9.81,1,Yes,0,Others,0,Technical Error
4192,26,Male,Mobile,19.46,11,0,1,0,10.08,22.39,1,Yes,1,Right_Discount,4,Interested
4193,46,Female,Tablet,17.69,6,12,1,1,15.55,44.41,1,Yes,1,Right_Discount,2,Interested
4194,54,Male,Desktop,17.39,8,6,1,0,12.99,8.54,1,Yes,0,Others,2,Interested
4195,40,Female,Mobile,18.84,7,1,1,1,22.05,99.59,1,Yes,1,Right_Discount,5,Interested
4196,30,Female,Mobile,15.56,6,1,0,0,14.89,31.35,1,Yes,1,Right_Discount,0,Technical Error
4197,49,Male,Mobile,1.49,18,0,1,0,1,94.77,1,Yes,0,Others,9,Interested
4198,40,Female,Mobile,27.1,12,12,1,1,25.92,47.45,1,Yes,1,Right_Discount,8,Interested
4199,34,Male,Mobile,24.98,8,11,0,0,35.76,92.45,1,Yes,1,Right_Discount,5,Interested
4200,57,Male,Mobile,6.05,19,0,0,0,5.51,44,1,Yes,0,Others,8,Interested
4201,38,Male,Mobile,12.98,5,1,1,1,17.79,81.47,1,Yes,0,Others,2,Interested
4202,19,Male,Mobile,23.35,19,4,0,0,22.78,75.11,1,Yes,0,Others,9,Interested
4203,54,Male,Mobile,29.42,9,2,0,1,37,94.69,0,No,1,Low_Discount,2,Not Interested
4204,23,Female,Tablet,28.58,12,14,1,0,36.75,63.75,1,Yes,0,Others,9,Interested
4205,35,Female,Mobile,27.08,15,10,1,1,34.14,22.71,1,Yes,1,Right_Discount,6,Interested
4206,47,Female,Tablet,5.59,13,9,0,0,6.36,54.19,1,Yes,1,Right_Discount,6,Interested
4207,39,Female,Mobile,27.52,13,5,1,1,39.97,14.59,1,Yes,0,Others,3,Interested
4208,50,Male,Mobile,26.47,5,1,1,0,37.81,33.49,1,Yes,1,Right_Discount,7,Interested
4209,47,Male,Mobile,11.93,2,14,0,0,9.58,78.92,1,Yes,1,Right_Discount,1,Interested
4210,34,Female,Mobile,12.44,19,13,0,0,14.86,1.4,1,Yes,0,Others,0,Technical Error
4211,49,Male,Mobile,14.34,8,7,0,1,16.7,62.09,1,Yes,0,Others,0,Technical Error
4212,59,Female,Tablet,20.03,14,3,0,0,14.03,69.3,1,Yes,1,Right_Discount,1,Interested
4213,31,Female,Tablet,8.56,6,2,0,0,6.55,89.98,1,Yes,1,Right_Discount,5,Interested
4214,27,Female,Mobile,1.67,7,4,1,1,1.35,75.65,1,Yes,1,Right_Discount,7,Interested
4215,53,Female,Mobile,5.1,14,13,0,1,4.24,40.28,1,Yes,1,Right_Discount,2,Interested
4216,51,Male,Mobile,13.76,6,7,1,0,18.64,76.56,1,Yes,0,Others,5,Interested
4217,26,Male,Mobile,9.18,16,8,1,1,11.54,62.55,1,Yes,1,Right_Discount,7,Interested
4218,59,Female,Mobile,23.17,4,0,1,0,30.3,58.68,1,Yes,1,Right_Discount,8,Interested
4219,45,Female,Mobile,4.09,7,3,1,1,5.78,7.37,1,Yes,1,Right_Discount,7,Interested
4220,28,Female,Mobile,27.61,16,5,1,1,28.01,53.97,1,Yes,0,Others,6,Interested
4221,31,Female,Mobile,26.96,4,5,0,1,0,86.71,1,Yes,0,Others,3,Interested
4222,56,Female,Mobile,27.35,7,12,1,0,32.69,43.69,1,Yes,0,Others,2,Interested
4223,36,Male,Mobile,22.45,2,8,1,0,21.66,70.42,1,Yes,1,Right_Discount,6,Interested
4224,32,Female,Mobile,4.1,8,0,0,0,2.84,90.37,0,No,1,Low_Discount,0,Not Interested
4225,45,Female,Tablet,13.71,10,14,1,0,12.75,53.42,1,Yes,1,Right_Discount,6,Interested
4226,41,Male,Mobile,4.81,2,12,0,1,3.4,8.81,1,Yes,1,Right_Discount,5,Interested
4227,25,Male,Desktop,29.64,6,14,1,0,23.33,5.42,1,Yes,1,Right_Discount,2,Interested
4228,26,Male,Desktop,10.66,4,13,0,0,8.35,79.77,1,Yes,1,Right_Discount,2,Interested
4229,50,Male,Unknown,17.97,1,4,0,0,22.66,3.27,1,Yes,1,Right_Discount,1,Interested
4230,50,Male,Desktop,23.6,6,9,1,1,23.78,99.89,1,Yes,1,Right_Discount,0,Technical Error
4231,36,Male,Desktop,27.7,12,0,0,1,35.82,12.75,1,Yes,0,Others,4,Interested
4232,20,Male,Desktop,22.91,14,5,0,0,31.56,77.51,1,Yes,0,Others,6,Interested
4233,27,Male,Mobile,20.56,15,8,1,1,22.86,86.77,1,Yes,0,Others,6,Interested
4234,57,Male,Mobile,14.51,18,14,1,1,13.16,30.64,1,Yes,1,Right_Discount,5,Interested
4235,59,Female,Tablet,18.56,17,3,1,1,25.18,54.16,1,Yes,0,Others,9,Interested
4236,18,Male,Desktop,3.73,9,9,1,1,3.98,95.24,1,Yes,0,Others,5,Interested
4237,46,Female,Tablet,26.63,15,0,1,1,36.14,95.52,1,Yes,0,Others,6,Interested
4238,51,Female,Desktop,16.77,18,8,1,0,12.84,93.01,1,Yes,1,Right_Discount,7,Interested
4239,30,Female,Desktop,2.16,18,2,0,1,2.3,27.49,1,Yes,1,Right_Discount,4,Interested
4240,18,Female,Desktop,27.68,5,10,1,1,19.7,5.95,1,Yes,1,Right_Discount,0,Technical Error
0,51,Female,Desktop,15.19,16,6,1,1,18.2,10.28,1,Yes,0,Others,6,Interested
4242,46,Female,Mobile,26.19,9,4,1,0,28.47,14.19,1,Yes,0,Others,1,Interested
4243,30,Female,Tablet,25.85,3,9,1,1,27.3,67.17,1,Yes,0,Others,4,Interested
4244,46,Female,Desktop,24.66,12,0,1,1,28.09,80.24,1,Yes,0,Others,6,Interested
4245,56,Male,Desktop,2.78,14,6,1,1,2.43,5.03,1,Yes,1,Right_Discount,6,Interested
4246,41,Female,Desktop,8.16,1,7,1,1,5.65,89.04,1,Yes,1,Right_Discount,8,Interested
4247,43,Female,Mobile,26.39,9,14,1,0,34.48,74.73,1,Yes,0,Others,4,Interested
0,34,Female,Mobile,27.07,9,5,1,0,23.94,53.03,1,Yes,1,Right_Discount,5,Interested
4249,24,Female,Tablet,14.28,13,0,0,0,21.26,99,1,Yes,1,Right_Discount,9,Interested
4250,30,Male,Mobile,13.76,8,8,0,0,13.5,26.52,1,Yes,0,Others,5,Interested
4251,22,Female,Mobile,6.08,11,6,0,1,6.02,21.8,1,Yes,0,Others,0,Technical Error
4252,43,Male,Mobile,29.08,14,13,1,0,34.25,33.48,1,Yes,1,Right_Discount,9,Interested
4253,20,Male,Desktop,7.18,16,5,1,0,8.38,52.65,1,Yes,1,Right_Discount,6,Interested
4254,24,Female,Desktop,6.54,11,3,0,0,4.45,38.68,1,Yes,0,Others,9,Interested
4255,56,Female,Desktop,20.16,19,2,1,1,15.57,82.95,1,Yes,1,Right_Discount,6,Interested
4256,18,Male,Desktop,8.04,10,3,0,0,5.88,89.45,1,Yes,0,Others,3,Interested
4257,34,Female,Mobile,28.22,8,0,1,1,15.62,96.67,1,Yes,1,Right_Discount,3,Interested
4258,42,Female,Mobile,1.32,11,8,1,1,0.69,81.83,1,Yes,0,Others,5,Interested
4259,20,Male,Mobile,1.17,8,1,1,1,1.34,60.81,1,Yes,1,Right_Discount,2,Interested
4260,32,Male,Desktop,15.64,10,1,1,0,15.62,61.36,1,Yes,1,Right_Discount,9,Interested
4261,46,Female,Mobile,15.15,17,2,0,0,21.13,18.65,1,Yes,0,Others,5,Interested
4262,49,Female,Desktop,5.74,11,13,1,0,4.6,26.32,1,Yes,0,Others,3,Interested
4263,43,Female,Mobile,15.34,12,12,0,0,19.75,99.73,1,Yes,1,Right_Discount,9,Interested
4264,33,Male,Mobile,12.94,10,0,1,1,7.8,26.13,1,Yes,1,Right_Discount,7,Interested
4265,42,Female,Tablet,26.82,17,9,0,0,35.31,46.69,1,Yes,1,Right_Discount,4,Interested
4266,45,Male,Mobile,1.27,3,2,1,0,1.8,38.53,1,Yes,0,Others,7,Interested
4267,26,Male,Desktop,29.31,7,3,1,0,33.04,68.83,1,Yes,0,Others,8,Interested
4268,18,Female,Mobile,19.11,3,8,1,1,23.62,33.55,1,Yes,0,Others,3,Interested
4269,46,Male,Mobile,5.4,17,4,1,1,8.03,68.29,1,Yes,0,Others,0,Technical Error
4270,0,Female,Mobile,2.36,8,10,0,1,2.07,96.08,1,Yes,1,Right_Discount,9,Interested
4271,33,Female,Mobile,16.61,19,5,0,1,8.79,25.24,1,Yes,0,Others,6,Interested
4272,58,Male,Desktop,7.81,14,12,0,0,9.24,37.07,1,Yes,0,Others,6,Interested
4273,58,Female,Mobile,9.73,5,0,0,1,4.99,34.22,1,Yes,1,Right_Discount,4,Interested
4274,24,Male,Mobile,8.11,19,2,0,1,8.66,30.04,1,Yes,1,Right_Discount,4,Interested
4275,31,Male,Mobile,19.85,13,13,1,0,21.78,27.03,1,Yes,1,Right_Discount,0,Technical Error
4276,46,Female,Desktop,17.05,18,6,0,0,18.49,63,1,Yes,0,Others,2,Interested
4277,36,Female,Desktop,3.26,11,6,0,0,2.17,54.81,1,Yes,1,Right_Discount,0,Technical Error
4278,36,Female,Mobile,16.27,12,9,0,1,9.38,50.87,1,Yes,0,Others,6,Interested
4279,19,Female,Mobile,23.94,8,12,1,1,33.7,80.06,1,Yes,1,Right_Discount,4,Interested
4280,58,Male,Desktop,3.35,12,11,0,0,3.49,14.65,1,Yes,0,Others,3,Interested
4281,32,Male,Desktop,26.8,1,11,0,1,22.06,16.97,1,Yes,1,Right_Discount,6,Interested
4282,20,Male,Mobile,17.77,18,14,0,0,22.6,51.31,1,Yes,0,Others,8,Interested
4283,28,Female,Desktop,28.57,2,12,0,0,40.62,35.37,1,Yes,0,Others,5,Interested
4284,47,Male,Desktop,5.3,12,0,1,1,4.79,17.38,1,Yes,1,Right_Discount,8,Interested
4285,57,Male,Desktop,29.81,19,8,1,0,17.84,69.06,1,Yes,0,Others,5,Interested
4286,35,Female,Desktop,19.68,7,0,0,0,23.47,0,1,Yes,0,Others,9,Interested
4287,19,Female,Tablet,17.46,7,6,1,1,24.58,20.22,1,Yes,0,Others,8,Interested
4288,49,Female,Mobile,15.94,1,11,1,1,23.6,26.44,1,Yes,1,Right_Discount,5,Interested
4289,25,Male,Tablet,1.69,18,11,0,1,2.22,72.31,1,Yes,1,Right_Discount,8,Interested
4290,39,Female,Mobile,28.25,8,1,1,0,21.7,32.75,1,Yes,1,Right_Discount,2,Interested
4291,23,Male,Desktop,19.68,10,8,1,0,16.89,20.45,1,Yes,1,Right_Discount,4,Interested
4292,29,Male,Mobile,3.66,1,11,1,1,2.33,96.56,1,Yes,0,Others,4,Interested
4293,57,Male,Mobile,1.61,15,11,1,1,1.95,8.8,1,Yes,1,Right_Discount,9,Interested
4294,53,Male,Desktop,2.47,15,8,1,0,0,14.69,1,Yes,0,Others,7,Interested
4295,32,Male,Desktop,18.67,4,8,1,0,17.4,71.73,1,Yes,1,Right_Discount,6,Interested
4296,45,Female,Mobile,18.81,10,3,1,0,19.41,42.57,1,Yes,0,Others,1,Interested
4297,35,Male,Mobile,15.49,8,5,1,0,13.67,75.29,1,Yes,1,Right_Discount,1,Interested
4298,19,Female,Mobile,9.9,14,12,0,1,6.43,55.28,1,Yes,0,Others,6,Interested
4299,30,Male,Tablet,16.42,13,11,1,1,12.97,4.02,1,Yes,1,Right_Discount,9,Interested
4300,32,Male,Desktop,15.97,17,1,1,1,0,68.41,1,Yes,1,Right_Discount,9,Interested
0,37,Female,Mobile,1.56,7,2,1,0,1.91,80.58,1,Yes,0,Others,3,Interested
4302,46,Male,Desktop,9.19,6,5,0,0,10.24,55.27,1,Yes,1,Right_Discount,5,Interested
4303,59,Male,Tablet,2.54,9,0,0,0,3.72,30.76,1,Yes,0,Others,0,Technical Error
4304,46,Female,Unknown,27.1,8,6,1,0,30.18,1.55,1,Yes,0,Others,9,Interested
4305,20,Female,Desktop,22.03,14,1,0,0,15.98,90.67,0,No,1,Low_Discount,3,Not Interested
4306,36,Male,Mobile,29.89,3,7,0,1,29.62,70.7,0,No,1,Low_Discount,6,Not Interested
4307,20,Male,Desktop,9.76,13,4,1,1,13.04,4.48,1,Yes,0,Others,8,Interested
4308,31,Male,Unknown,26.48,9,6,0,0,21.87,84.06,1,Yes,1,Right_Discount,0,Technical Error
4309,57,Female,Mobile,18.49,9,7,0,0,22.87,5.31,1,Yes,0,Others,9,Interested
4310,21,Male,Mobile,14.14,11,2,0,1,18.17,71.15,1,Yes,1,Right_Discount,1,Interested
4311,28,Female,Mobile,7.45,6,5,0,1,10.68,69.41,1,Yes,1,Right_Discount,8,Interested
4312,48,Female,Desktop,22.41,12,11,0,1,20.2,91.61,1,Yes,0,Others,4,Interested
4313,0,Male,Mobile,27.22,4,8,0,0,20.67,16.54,1,Yes,0,Others,3,Interested
4314,44,Female,Mobile,7.82,4,3,0,0,7.88,56.73,1,Yes,1,Right_Discount,6,Interested
4315,47,Male,Desktop,6.09,17,9,1,0,9.1,54.47,1,Yes,1,Right_Discount,4,Interested
4316,19,Male,Mobile,21.19,7,6,0,1,29.71,3.5,1,Yes,1,Right_Discount,0,Technical Error
4317,26,Female,Mobile,29.33,6,14,0,1,22.99,63.83,1,Yes,1,Right_Discount,8,Interested
4318,45,Female,Tablet,22.75,8,0,0,1,15.85,25.4,1,Yes,0,Others,7,Interested
4319,48,Female,Desktop,9.25,7,11,1,0,9.04,33.25,1,Yes,0,Others,2,Interested
4320,51,Female,Mobile,13.18,8,6,1,1,8.77,24.14,1,Yes,1,Right_Discount,9,Interested
4321,32,Female,Mobile,12.15,9,8,1,0,15.29,5.59,1,Yes,0,Others,2,Interested
4322,42,Female,Tablet,25.71,1,9,0,0,13.8,16.66,1,Yes,1,Right_Discount,2,Interested
4323,53,Male,Mobile,23.37,3,7,1,0,16.94,20.73,1,Yes,1,Right_Discount,6,Interested
4324,25,Male,Mobile,18.08,18,3,0,0,9.37,57.73,1,Yes,1,Right_Discount,1,Interested
4325,26,Male,Mobile,8.97,19,2,1,1,6.52,13.5,1,Yes,0,Others,8,Interested
4326,54,Female,Mobile,28.2,11,6,0,0,15.58,92.07,1,Yes,0,Others,3,Interested
4327,56,Female,Desktop,19.95,16,12,0,1,23.41,23.18,1,Yes,0,Others,6,Interested
4328,49,Female,Desktop,29.14,18,11,0,0,31.19,65.17,1,Yes,0,Others,7,Interested
4329,34,Male,Tablet,17.82,6,0,1,1,12.72,15.76,1,Yes,1,Right_Discount,4,Interested
4330,52,Male,Desktop,24.81,2,7,1,1,17.49,79.51,1,Yes,1,Right_Discount,7,Interested
4331,54,Female,Mobile,24.58,4,13,1,0,19.45,7.15,1,Yes,0,Others,3,Interested
4332,36,Female,Mobile,10.78,5,11,1,0,13.99,73.76,1,Yes,1,Right_Discount,9,Interested
4333,46,Female,Tablet,28.96,14,0,1,0,0,39.32,1,Yes,0,Others,1,Interested
4334,24,Female,Mobile,1.64,1,6,0,1,1.02,46.55,0,No,0,Others,2,Not Interested
4335,45,Male,Mobile,23.29,14,5,0,1,23.48,36.63,1,Yes,0,Others,5,Interested
4336,26,Male,Tablet,29,13,9,1,0,39.58,40.2,1,Yes,0,Others,9,Interested
4337,45,Male,Mobile,10.83,16,7,0,0,7.84,0.53,1,Yes,1,Right_Discount,5,Interested
4338,23,Female,Mobile,19.8,4,0,1,1,12,2.61,1,Yes,1,Right_Discount,6,Interested
4339,46,Male,Desktop,17.3,6,4,0,0,17.16,79.39,1,Yes,1,Right_Discount,3,Interested
4340,34,Unknown,Tablet,23.08,9,8,0,0,28.44,21.35,1,Yes,0,Others,7,Interested
4341,33,Female,Mobile,26.12,1,3,1,0,29.21,60.73,1,Yes,0,Others,7,Interested
4342,40,Female,Desktop,18.49,17,6,0,0,16.98,65.33,1,Yes,1,Right_Discount,6,Interested
4343,48,Male,Mobile,24.66,4,5,1,1,13.33,69.8,1,Yes,1,Right_Discount,2,Interested
0,20,Male,Mobile,10.06,6,9,0,1,8.05,59.73,1,Yes,0,Others,2,Interested
4345,38,Female,Tablet,7.63,16,5,0,0,10.83,0,1,Yes,1,Right_Discount,1,Interested
4346,43,Male,Tablet,13.49,7,10,0,0,9.75,58.15,1,Yes,0,Others,6,Interested
4347,53,Female,Mobile,20.65,5,11,0,1,23,92.82,1,Yes,0,Others,5,Interested
4348,59,Female,Mobile,6.43,9,4,1,0,9.05,66.46,1,Yes,1,Right_Discount,6,Interested
4349,54,Female,Mobile,20.73,19,1,1,0,20.48,35.29,1,Yes,1,Right_Discount,1,Interested
4350,39,Male,Mobile,12.43,1,3,0,1,11.76,35.66,1,Yes,0,Others,3,Interested
4351,59,Male,Mobile,24.07,8,0,1,1,15.43,7.96,1,Yes,1,Right_Discount,0,Technical Error
4352,29,Female,Mobile,2.07,4,8,1,1,3.06,0,1,Yes,0,Others,1,Interested
4353,59,Male,Mobile,20.37,17,8,1,1,13.78,89.08,1,Yes,1,Right_Discount,6,Interested
4354,30,Unknown,Mobile,19.84,1,0,0,1,19.47,4.31,1,Yes,0,Others,4,Interested
4355,28,Male,Mobile,28.29,2,3,1,1,18.99,86.18,1,Yes,0,Others,9,Interested
4356,33,Male,Desktop,21.69,14,4,1,1,18.4,13.84,1,Yes,0,Others,2,Interested
4357,25,Female,Mobile,24.09,2,0,1,0,33.34,23.9,1,Yes,1,Right_Discount,1,Interested
4358,57,Male,Mobile,27.23,1,3,1,0,31.13,68.08,1,Yes,1,Right_Discount,2,Interested
4359,57,Female,Desktop,20.58,13,3,0,1,10.49,73.02,1,Yes,1,Right_Discount,3,Interested
4360,19,Female,Desktop,9.41,8,14,0,0,13.8,50.57,1,Yes,0,Others,9,Interested
4361,47,Male,Mobile,26.22,9,4,1,1,33.66,96.77,1,Yes,1,Right_Discount,9,Interested
4362,47,Female,Mobile,22.68,2,1,1,1,33.96,48.96,1,Yes,1,Right_Discount,4,Interested
4363,29,Female,Desktop,13.31,17,1,1,1,16.81,25.84,1,Yes,0,Others,7,Interested
4364,27,Male,Mobile,21.61,6,11,0,0,27.33,0.91,1,Yes,0,Others,8,Interested
4365,28,Female,Desktop,26.16,3,1,1,1,31.38,86.73,1,Yes,1,Right_Discount,1,Interested
4366,32,Female,Mobile,29.29,17,10,1,1,27.04,39.53,1,Yes,1,Right_Discount,2,Interested
4367,33,Male,Mobile,28.62,6,7,0,0,23.32,78.25,1,Yes,0,Others,3,Interested
4368,34,Male,Mobile,10.43,8,12,0,1,10.69,77.39,1,Yes,1,Right_Discount,6,Interested
4369,43,Male,Desktop,13.23,14,11,1,0,8.97,4.36,1,Yes,1,Right_Discount,5,Interested
4370,19,Male,Tablet,4.18,10,1,0,0,5.11,82.16,1,Yes,1,Right_Discount,5,Interested
4371,29,Male,Mobile,8.18,10,5,0,1,12.25,28.91,1,Yes,0,Others,9,Interested
4372,43,Female,Mobile,26.59,0,1,0,1,29.27,84.12,0,No,0,Others,6,Not Interested
4373,0,Female,Mobile,11.46,0,12,0,0,15.55,49.22,1,Yes,0,Others,0,Technical Error
4374,35,Male,Mobile,0,11,7,0,1,12.77,59.16,1,Yes,1,Right_Discount,7,Interested
4375,49,Male,Desktop,20.31,16,13,0,1,26.91,10.14,1,Yes,0,Others,8,Interested
4376,55,Female,Mobile,23.67,3,0,0,1,33.31,37.93,1,Yes,1,Right_Discount,1,Interested
4377,20,Male,Tablet,6.3,15,1,0,0,8.43,97.09,1,Yes,1,Right_Discount,0,Technical Error
4378,55,Male,Desktop,9.84,13,13,1,1,11.09,92.59,1,Yes,0,Others,3,Interested
4379,20,Female,Tablet,14,11,0,1,1,19.97,99.42,1,Yes,0,Others,1,Interested
4380,47,Female,Desktop,11.58,14,5,0,1,16.92,51.02,1,Yes,0,Others,5,Interested
4381,18,Female,Mobile,29.5,7,14,1,0,38.8,81.83,1,Yes,1,Right_Discount,2,Interested
4382,47,Male,Mobile,25.21,0,8,1,1,26.4,45.5,1,Yes,1,Right_Discount,0,Technical Error
4383,49,Female,Mobile,14.91,15,5,1,0,19.91,94.14,1,Yes,0,Others,7,Interested
4384,45,Male,Mobile,26.5,6,7,0,0,23.11,98.6,1,Yes,0,Others,6,Interested
4385,38,Female,Mobile,11.08,7,14,1,0,9.38,87.78,1,Yes,1,Right_Discount,6,Interested
4386,30,Male,Mobile,23.79,0,11,1,0,20.17,62.12,1,Yes,0,Others,6,Interested
4387,44,Male,Tablet,7.49,4,6,1,0,5.24,98.9,1,Yes,0,Others,4,Interested
4388,53,Male,Mobile,23.4,9,0,1,0,26.28,98.37,1,Yes,1,Right_Discount,7,Interested
4389,24,Female,Desktop,14.24,7,1,0,0,16.54,47.51,1,Yes,0,Others,3,Interested
4390,39,Female,Tablet,0,15,3,1,0,5.6,30.38,1,Yes,1,Right_Discount,4,Interested
4391,27,Female,Desktop,8.92,3,11,1,0,10.66,18.74,0,No,0,Others,2,Not Interested
4392,56,Unknown,Mobile,12.67,5,0,1,1,16.22,67.7,0,No,0,Others,2,Not Interested
4393,32,Female,Mobile,22.73,17,7,0,0,27.02,3.48,1,Yes,0,Others,1,Interested
4394,32,Female,Mobile,3.12,1,3,1,0,0,76.38,1,Yes,0,Others,4,Interested
4395,21,Male,Mobile,20.13,1,6,0,1,16.92,5.13,1,Yes,1,Right_Discount,1,Interested
4396,49,Male,Mobile,21.76,16,6,0,1,31.9,26.54,1,Yes,0,Others,9,Interested
4397,40,Female,Desktop,19.96,14,7,0,0,22.73,49.8,1,Yes,0,Others,3,Interested
4398,23,Female,Mobile,23.06,11,8,1,1,25.07,9.74,1,Yes,0,Others,9,Interested
4399,41,Female,Mobile,6.17,14,8,0,1,8.31,3.63,1,Yes,0,Others,0,Technical Error
4400,37,Male,Tablet,18.03,8,13,0,0,16.6,47.98,1,Yes,0,Others,1,Interested
4401,54,Female,Mobile,28.29,19,6,0,0,16.87,88.68,1,Yes,1,Right_Discount,0,Technical Error
4402,37,Male,Mobile,18.71,2,8,1,0,13.85,40.83,1,Yes,1,Right_Discount,1,Interested
4403,29,Male,Desktop,18.73,10,14,1,0,24.5,20.03,1,Yes,1,Right_Discount,3,Interested
4404,50,Female,Mobile,22.36,5,4,0,0,27.54,40.84,1,Yes,0,Others,0,Technical Error
4405,45,Female,Desktop,10.66,15,9,1,0,6.58,72.26,1,Yes,1,Right_Discount,5,Interested
4406,25,Male,Mobile,21.31,1,3,1,0,0,4.14,1,Yes,0,Others,0,Technical Error
4407,18,Male,Desktop,27.57,2,2,1,0,0,3.07,1,Yes,1,Right_Discount,2,Interested
4408,54,Unknown,Mobile,1.32,19,5,0,0,1.9,46.28,1,Yes,1,Right_Discount,1,Interested
4409,39,Female,Mobile,26.23,17,9,1,1,17.7,67.67,1,Yes,0,Others,1,Interested
4410,23,Female,Mobile,7.34,15,10,1,1,7.7,61.38,1,Yes,1,Right_Discount,3,Interested
4411,38,Male,Mobile,14.22,18,8,0,1,18.66,0,1,Yes,0,Others,8,Interested
4412,49,Male,Mobile,25.72,8,3,0,1,26.46,16.57,1,Yes,1,Right_Discount,2,Interested
4413,52,Female,Mobile,24.89,14,13,1,1,21.18,53.87,1,Yes,0,Others,5,Interested
4414,32,Male,Mobile,26.87,8,1,1,0,34.68,37.79,1,Yes,0,Others,9,Interested
4415,22,Male,Mobile,28.27,8,10,0,0,35.94,11.05,1,Yes,0,Others,2,Interested
4416,23,Female,Mobile,13.97,19,2,1,0,18.59,12.81,1,Yes,0,Others,9,Interested
4417,42,Male,Mobile,20.03,13,2,0,0,28.95,64.53,1,Yes,0,Others,4,Interested
4418,57,Female,Desktop,12.32,5,1,0,1,8.02,95.72,1,Yes,0,Others,8,Interested
4419,46,Female,Mobile,11.17,10,12,1,0,9.39,10.63,1,Yes,1,Right_Discount,2,Interested
4420,24,Male,Mobile,13.52,7,8,0,0,20.09,49.49,1,Yes,0,Others,7,Interested
4421,57,Male,Unknown,22.55,9,3,1,1,24.68,24.79,1,Yes,1,Right_Discount,5,Interested
4422,30,Female,Desktop,15.54,14,2,1,0,18.18,0,1,Yes,1,Right_Discount,7,Interested
4423,55,Male,Mobile,24.61,6,13,0,1,34.06,22.45,1,Yes,0,Others,1,Interested
4424,35,Female,Mobile,22.61,10,9,1,0,26.93,54.57,1,Yes,0,Others,8,Interested
4425,19,Male,Mobile,1.59,1,5,1,1,1.88,5.67,1,Yes,0,Others,0,Technical Error
4426,25,Male,Mobile,0,11,7,0,1,11.65,74.25,1,Yes,1,Right_Discount,2,Interested
4427,28,Male,Desktop,13.66,8,10,1,0,13.75,60.67,1,Yes,0,Others,3,Interested
4428,50,Female,Mobile,14.24,6,7,0,0,16.71,38.48,1,Yes,0,Others,5,Interested
4429,55,Male,Desktop,24.73,17,9,0,0,32.33,21.79,1,Yes,1,Right_Discount,3,Interested
4430,44,Female,Mobile,16.88,4,5,0,0,15.42,53.63,1,Yes,1,Right_Discount,1,Interested
4431,37,Female,Mobile,26.68,6,4,1,0,16.64,95.52,1,Yes,1,Right_Discount,2,Interested
4432,29,Female,Desktop,21.67,15,10,1,1,18.76,70.81,1,Yes,0,Others,2,Interested
4433,48,Male,Mobile,17.03,10,6,1,1,0,27.94,1,Yes,0,Others,5,Interested
4434,44,Female,Mobile,22.88,17,2,0,1,28.62,74.29,1,Yes,1,Right_Discount,4,Interested
4435,49,Female,Tablet,2.11,10,11,1,1,1.1,0,1,Yes,1,Right_Discount,4,Interested
4436,27,Male,Desktop,1.79,5,9,1,0,1.59,4.8,1,Yes,0,Others,3,Interested
4437,20,Female,Desktop,3.42,19,1,1,1,3.24,61.75,1,Yes,1,Right_Discount,3,Interested
4438,44,Female,Mobile,13.69,7,12,0,0,14.38,23.39,1,Yes,0,Others,8,Interested
4439,52,Male,Mobile,7.83,19,7,0,1,11.51,40.97,1,Yes,0,Others,6,Interested
4440,48,Female,Tablet,29.54,10,0,0,0,36.65,47.85,1,Yes,0,Others,7,Interested
4441,32,Male,Mobile,16.73,19,11,1,0,12.09,79.93,1,Yes,1,Right_Discount,3,Interested
4442,33,Female,Desktop,20.21,11,13,0,0,22.91,58.01,1,Yes,0,Others,2,Interested
4443,30,Female,Mobile,9.09,3,8,0,0,7.69,34.01,1,Yes,0,Others,0,Technical Error
4444,52,Male,Mobile,10.33,11,11,1,1,13.55,65.72,1,Yes,0,Others,8,Interested
4445,28,Female,Tablet,10.73,6,5,1,1,7.2,19.21,1,Yes,1,Right_Discount,8,Interested
4446,38,Female,Mobile,21.26,6,3,0,1,13.7,82.28,1,Yes,1,Right_Discount,1,Interested
4447,28,Female,Mobile,14.74,15,5,0,1,8.86,20.14,1,Yes,0,Others,3,Interested
4448,47,Male,Mobile,16.01,3,11,1,1,16.72,55.85,1,Yes,0,Others,3,Interested
4449,52,Male,Mobile,18.17,11,6,1,1,11.32,20.51,1,Yes,1,Right_Discount,0,Technical Error
4450,39,Male,Mobile,23.3,8,11,0,0,12.62,32.56,1,Yes,0,Others,1,Interested
4451,55,Male,Mobile,3.62,8,7,0,1,3.01,42.25,1,Yes,1,Right_Discount,7,Interested
4452,48,Male,Mobile,23.53,16,2,0,0,30.55,36.74,1,Yes,1,Right_Discount,5,Interested
4453,31,Female,Desktop,17.33,3,11,0,0,11.37,93.39,1,Yes,1,Right_Discount,0,Technical Error
4454,41,Male,Mobile,20.4,8,5,0,0,17.5,22.35,1,Yes,1,Right_Discount,6,Interested
4455,49,Male,Tablet,10.5,8,13,1,1,9.83,18.01,1,Yes,0,Others,6,Interested
4456,0,Male,Mobile,12.87,13,9,1,0,0,0,1,Yes,1,Right_Discount,5,Interested
4457,49,Female,Mobile,7.7,1,5,0,1,7.52,94.89,1,Yes,0,Others,7,Interested
4458,32,Female,Mobile,29.4,10,9,1,1,29.75,50.33,1,Yes,0,Others,4,Interested
4459,52,Male,Desktop,15.41,5,6,1,1,11.63,95.94,1,Yes,1,Right_Discount,1,Interested
4460,20,Female,Tablet,29.89,5,14,1,0,34.93,19.04,1,Yes,1,Right_Discount,3,Interested
0,33,Female,Desktop,15.2,17,13,1,0,7.99,1.03,1,Yes,1,Right_Discount,7,Interested
4462,22,Female,Mobile,7.37,14,3,1,1,10.79,30.29,1,Yes,1,Right_Discount,7,Interested
4463,38,Female,Mobile,15.72,6,5,0,1,15.69,0,1,Yes,1,Right_Discount,4,Interested
4464,27,Male,Desktop,2.15,14,14,0,0,1.21,59.21,1,Yes,0,Others,5,Interested
4465,36,Male,Tablet,27.24,12,1,1,1,28.85,24.17,1,Yes,1,Right_Discount,8,Interested
4466,42,Female,Tablet,24.74,1,14,0,1,25.09,66.16,1,Yes,1,Right_Discount,9,Interested
4467,21,Female,Mobile,22.05,5,7,1,0,0,83.02,1,Yes,0,Others,9,Interested
4468,46,Female,Tablet,18.68,18,2,1,1,13.24,68.72,1,Yes,1,Right_Discount,9,Interested
4469,36,Female,Mobile,17.82,14,14,0,1,13.74,72.79,1,Yes,0,Others,1,Interested
4470,19,Male,Mobile,29.91,7,14,1,1,18.84,30.76,1,Yes,1,Right_Discount,4,Interested
4471,27,Female,Mobile,9.06,15,8,0,1,9.34,52.92,1,Yes,0,Others,8,Interested
4472,42,Male,Mobile,23.61,9,7,1,1,32.56,4.27,1,Yes,0,Others,2,Interested
4473,37,Female,Unknown,17.86,15,11,1,1,25.42,35.91,1,Yes,1,Right_Discount,5,Interested
4474,36,Male,Desktop,29.3,16,5,1,1,42.57,81.57,1,Yes,1,Right_Discount,3,Interested
4475,40,Female,Desktop,25.01,9,9,0,0,27.52,79.01,1,Yes,0,Others,3,Interested
4476,41,Male,Desktop,29.96,7,1,0,0,33.6,94.08,1,Yes,1,Right_Discount,2,Interested
4477,28,Male,Mobile,18.06,7,14,1,1,14.64,96.88,1,Yes,0,Others,9,Interested
4478,51,Male,Desktop,6.93,17,7,0,0,9.6,97.27,1,Yes,0,Others,0,Technical Error
4479,45,Female,Mobile,15.61,11,10,1,1,15.42,15.74,1,Yes,0,Others,7,Interested
4480,22,Male,Desktop,21.62,6,14,0,1,16.85,12.06,1,Yes,0,Others,4,Interested
4481,22,Female,Desktop,23.46,14,5,1,0,34.38,87.51,1,Yes,0,Others,1,Interested
4482,38,Male,Desktop,1.01,15,10,1,0,1.22,38.31,1,Yes,1,Right_Discount,0,Technical Error
0,29,Male,Mobile,15.65,8,0,1,1,15.1,35.72,1,Yes,0,Others,0,Technical Error
4484,21,Female,Desktop,7.82,4,5,0,0,4.45,53.37,1,Yes,1,Right_Discount,3,Interested
4485,59,Male,Mobile,26.37,1,12,1,0,16.88,45.14,1,Yes,1,Right_Discount,3,Interested
4486,37,Female,Mobile,5.43,6,4,0,0,3.78,22.3,1,Yes,0,Others,5,Interested
4487,55,Female,Desktop,20.33,1,5,0,1,28.52,84.46,1,Yes,1,Right_Discount,6,Interested
4488,42,Female,Mobile,8.72,5,12,0,1,12.83,90.93,1,Yes,0,Others,0,Technical Error
4489,31,Female,Desktop,11.34,19,0,0,0,8.7,74.75,1,Yes,1,Right_Discount,9,Interested
4490,28,Male,Mobile,28.28,5,3,0,1,28.23,4.81,1,Yes,1,Right_Discount,1,Interested
4491,49,Male,Mobile,7.97,5,6,1,1,10.3,11.79,1,Yes,0,Others,2,Interested
4492,28,Female,Desktop,3.76,17,12,1,0,3.33,34.6,1,Yes,0,Others,8,Interested
4493,35,Male,Mobile,3.01,12,14,0,1,2.99,55.67,1,Yes,1,Right_Discount,3,Interested
4494,44,Male,Mobile,15.63,7,4,0,0,21.69,60.95,1,Yes,1,Right_Discount,5,Interested
4495,35,Female,Mobile,19.61,15,5,1,0,13.87,10,1,Yes,1,Right_Discount,1,Interested
4496,40,Male,Mobile,10.49,19,1,1,0,15.67,96.02,1,Yes,0,Others,1,Interested
4497,28,Female,Desktop,21.02,13,7,0,1,20.1,52.96,1,Yes,0,Others,1,Interested
4498,38,Male,Mobile,2.77,12,9,0,1,2.1,0,1,Yes,1,Right_Discount,4,Interested
4499,22,Male,Desktop,25.86,19,3,0,1,36.01,19.11,1,Yes,0,Others,8,Interested
4500,40,Female,Desktop,24.68,13,5,0,1,14.23,95.08,1,Yes,0,Others,5,Interested
4501,58,Male,Mobile,29.58,6,2,1,1,33.79,44.74,1,Yes,1,Right_Discount,8,Interested
4502,42,Male,Desktop,28.16,1,8,1,0,15.82,11.78,1,Yes,0,Others,5,Interested
0,58,Female,Desktop,11.33,6,12,0,0,16.39,61.44,1,Yes,1,Right_Discount,8,Interested
4504,27,Male,Mobile,12.58,13,7,0,1,14.34,0,1,Yes,1,Right_Discount,4,Interested
4505,39,Female,Mobile,0,13,13,0,1,20.32,80.8,1,Yes,0,Others,0,Technical Error
4506,36,Male,Mobile,4.89,13,14,0,0,4.52,54.55,1,Yes,0,Others,5,Interested
4507,18,Female,Desktop,10.11,4,14,1,0,6.72,10.57,1,Yes,1,Right_Discount,3,Interested
4508,24,Female,Desktop,4.44,5,5,0,1,3.82,75.06,1,Yes,0,Others,8,Interested
4509,21,Female,Mobile,14.19,13,8,1,1,19.92,30.47,1,Yes,0,Others,5,Interested
4510,18,Female,Desktop,17.01,9,9,0,1,0,40.82,1,Yes,1,Right_Discount,0,Technical Error
4511,32,Female,Desktop,7.12,17,8,1,1,8.27,77.56,1,Yes,1,Right_Discount,5,Interested
4512,57,Male,Desktop,1.77,3,1,0,0,2.6,10.65,1,Yes,0,Others,2,Interested
4513,29,Male,Desktop,21.86,18,8,0,1,23.47,97.78,1,Yes,0,Others,2,Interested
4514,39,Female,Mobile,1.58,15,7,1,1,1.07,70.21,1,Yes,1,Right_Discount,6,Interested
4515,39,Male,Desktop,29.23,1,14,1,1,35.47,19.26,1,Yes,1,Right_Discount,1,Interested
4516,34,Female,Desktop,7.43,9,1,1,0,8.11,5.81,1,Yes,1,Right_Discount,8,Interested
4517,46,Male,Desktop,20.25,6,8,0,1,18.97,54.45,1,Yes,1,Right_Discount,8,Interested
4518,31,Male,Mobile,13.61,18,4,1,0,8.81,37.93,1,Yes,1,Right_Discount,6,Interested
4519,37,Female,Mobile,2.73,1,12,0,1,3.22,2.95,1,Yes,0,Others,8,Interested
4520,50,Female,Mobile,14.69,7,11,0,1,13.87,60.92,1,Yes,1,Right_Discount,5,Interested
4521,32,Male,Mobile,15.99,10,8,1,1,17.25,30.87,1,Yes,1,Right_Discount,8,Interested
4522,29,Male,Desktop,25.79,6,0,1,1,21.03,32.2,1,Yes,1,Right_Discount,9,Interested
4523,57,Female,Mobile,22.24,7,3,1,1,14.58,16.22,1,Yes,1,Right_Discount,1,Interested
4524,37,Male,Desktop,3.3,0,0,0,0,2.84,14.04,1,Yes,0,Others,4,Interested
4525,47,Male,Desktop,7.07,8,10,0,1,9.56,14.43,1,Yes,1,Right_Discount,5,Interested
4526,55,Female,Desktop,10.04,2,4,0,0,6.62,88.61,1,Yes,1,Right_Discount,5,Interested
4527,20,Male,Mobile,4.38,9,14,1,1,4.25,53.31,1,Yes,1,Right_Discount,3,Interested
4528,45,Female,Tablet,14.25,9,6,1,1,11.37,46.94,1,Yes,1,Right_Discount,3,Interested
4529,0,Unknown,Desktop,29.54,7,12,0,1,43.2,70.45,1,Yes,0,Others,4,Interested
4530,47,Female,Desktop,15.92,9,6,1,1,9.31,31.98,1,Yes,0,Others,5,Interested
4531,30,Male,Mobile,22.51,0,5,0,1,16.78,82.22,1,Yes,1,Right_Discount,7,Interested
4532,30,Male,Mobile,20.81,3,12,1,1,19.76,19.72,0,No,0,Others,9,Not Interested
4533,19,Female,Mobile,25.65,16,5,1,0,19.17,80.27,1,Yes,1,Right_Discount,0,Technical Error
4534,54,Female,Mobile,7.26,16,14,1,1,8.76,5.6,1,Yes,0,Others,7,Interested
4535,55,Male,Mobile,22.86,2,7,0,1,19.91,15.68,1,Yes,0,Others,1,Interested
4536,19,Male,Mobile,26.56,11,10,1,0,34.02,89.27,1,Yes,0,Others,6,Interested
4537,53,Male,Desktop,5.97,16,9,0,1,6.28,10.9,1,Yes,0,Others,3,Interested
4538,43,Female,Mobile,11.06,15,8,0,1,10.25,24.56,1,Yes,1,Right_Discount,7,Interested
4539,28,Female,Mobile,29.13,1,3,0,0,25.19,4.27,1,Yes,0,Others,5,Interested
4540,25,Male,Unknown,23.64,17,13,0,0,17.07,59.87,1,Yes,0,Others,4,Interested
4541,57,Male,Mobile,9.2,3,3,1,0,6.92,32.77,1,Yes,0,Others,9,Interested
4542,39,Male,Desktop,17.35,19,7,0,1,11.74,63.35,1,Yes,0,Others,9,Interested
4543,37,Female,Mobile,12.73,7,14,1,1,17.21,8.58,1,Yes,1,Right_Discount,4,Interested
4544,25,Female,Mobile,15.21,11,4,0,1,15.94,39.51,1,Yes,1,Right_Discount,3,Interested
4545,46,Male,Mobile,11.3,0,9,1,1,11.11,37.17,1,Yes,1,Right_Discount,2,Interested
4546,57,Male,Desktop,9.1,14,13,0,0,7.48,53.68,1,Yes,0,Others,2,Interested
0,43,Female,Mobile,20.57,16,8,1,1,20.92,29.5,0,No,1,Low_Discount,2,Not Interested
4548,47,Female,Desktop,23.58,6,5,0,0,32.6,98.48,1,Yes,0,Others,6,Interested
4549,34,Male,Mobile,26.34,2,8,0,0,35.72,31.6,1,Yes,1,Right_Discount,7,Interested
4550,0,Male,Unknown,5.5,11,11,1,0,6.05,69.64,1,Yes,0,Others,7,Interested
4551,33,Male,Desktop,24.86,11,11,1,0,25.6,36.63,1,Yes,0,Others,1,Interested
4552,24,Female,Mobile,8.39,10,3,0,0,6.09,53.36,1,Yes,0,Others,2,Interested
4553,33,Male,Desktop,13.39,4,0,1,1,15.97,22.67,1,Yes,1,Right_Discount,1,Interested
4554,44,Female,Mobile,27.14,17,13,0,1,36.73,17.28,1,Yes,0,Others,5,Interested
4555,40,Female,Mobile,14.18,10,3,1,1,11.42,97.24,1,Yes,0,Others,2,Interested
4556,41,Male,Desktop,6.71,9,8,0,1,6.28,54.09,1,Yes,0,Others,5,Interested
4557,26,Male,Tablet,5.64,13,12,1,0,3.42,46.08,1,Yes,0,Others,3,Interested
4558,52,Female,Mobile,14.72,11,6,1,1,19.99,0,1,Yes,1,Right_Discount,9,Interested
4559,37,Male,Desktop,23.12,10,14,0,1,13.82,22.35,1,Yes,0,Others,9,Interested
4560,54,Female,Mobile,29.92,5,14,1,1,36.03,82.2,1,Yes,0,Others,5,Interested
4561,59,Male,Desktop,23.83,3,5,1,0,16.37,24.82,1,Yes,1,Right_Discount,2,Interested
4562,34,Male,Desktop,26.43,4,13,1,1,32.61,54.25,1,Yes,1,Right_Discount,4,Interested
4563,48,Male,Mobile,22.69,3,13,1,1,25.93,12.72,1,Yes,1,Right_Discount,7,Interested
4564,25,Male,Mobile,26.97,10,1,1,1,32.1,0,1,Yes,0,Others,2,Interested
4565,32,Female,Mobile,3.21,13,3,1,0,3.65,48.3,1,Yes,0,Others,8,Interested
4566,48,Female,Mobile,27.97,5,0,1,0,25.08,28.06,1,Yes,0,Others,8,Interested
4567,47,Female,Mobile,12.5,13,12,1,1,14,30.75,1,Yes,1,Right_Discount,6,Interested
4568,37,Male,Desktop,27.73,0,2,1,1,20.37,0.98,1,Yes,1,Right_Discount,7,Interested
4569,56,Female,Tablet,3.2,11,12,1,1,2.48,0,1,Yes,0,Others,8,Interested
4570,29,Female,Mobile,21.74,3,1,0,0,12.29,60.09,1,Yes,1,Right_Discount,0,Technical Error
4571,34,Female,Mobile,22.33,17,12,1,1,24.85,71.84,1,Yes,1,Right_Discount,0,Technical Error
4572,59,Male,Mobile,29.91,19,3,1,0,40.1,54.69,1,Yes,1,Right_Discount,9,Interested
4573,47,Female,Tablet,23.3,13,3,1,1,20.47,8.19,1,Yes,1,Right_Discount,2,Interested
4574,46,Male,Mobile,12.09,16,10,1,0,8.57,94.09,1,Yes,0,Others,5,Interested
4575,36,Male,Mobile,17.16,18,13,0,1,22.72,71.34,1,Yes,0,Others,8,Interested
0,28,Female,Mobile,11.63,19,8,1,0,13.31,23.74,1,Yes,0,Others,9,Interested
4577,51,Male,Mobile,6.68,6,6,1,0,9.31,67.15,1,Yes,0,Others,7,Interested
4578,24,Female,Mobile,8.21,7,12,0,0,4.16,11.15,1,Yes,0,Others,1,Interested
4579,51,Female,Mobile,7.44,15,2,1,1,6.7,77.94,1,Yes,1,Right_Discount,3,Interested
4580,37,Female,Mobile,16.92,5,6,1,0,23.7,48.09,1,Yes,0,Others,4,Interested
4581,55,Female,Mobile,27.28,16,7,0,1,32.06,40.94,1,Yes,0,Others,9,Interested
4582,41,Female,Mobile,27.47,6,11,0,1,26.61,0.91,1,Yes,1,Right_Discount,5,Interested
4583,27,Male,Mobile,2.59,3,6,1,0,2.37,65.25,1,Yes,1,Right_Discount,6,Interested
4584,49,Female,Mobile,3.32,12,7,1,0,4.63,82.9,1,Yes,0,Others,3,Interested
4585,32,Male,Tablet,0,4,13,1,0,10.8,28.83,1,Yes,1,Right_Discount,3,Interested
4586,54,Female,Desktop,8.4,3,8,1,1,4.3,1.18,1,Yes,1,Right_Discount,4,Interested
4587,37,Female,Mobile,3.75,16,0,1,1,2.33,77.53,1,Yes,1,Right_Discount,8,Interested
4588,20,Female,Mobile,12.27,16,9,0,0,12.42,63.57,1,Yes,1,Right_Discount,8,Interested
4589,54,Male,Desktop,18.04,19,5,1,1,11.09,77.69,1,Yes,1,Right_Discount,0,Technical Error
4590,57,Male,Mobile,17.77,15,3,0,0,13.77,53.83,1,Yes,0,Others,4,Interested
4591,25,Male,Mobile,16.76,9,0,0,0,22.37,46.09,1,Yes,1,Right_Discount,4,Interested
4592,57,Male,Mobile,10.82,2,1,1,1,9.59,21.94,1,Yes,1,Right_Discount,6,Interested
4593,40,Female,Tablet,21.49,6,9,1,0,20.44,7.88,1,Yes,0,Others,7,Interested
4594,57,Female,Desktop,24.97,14,3,1,0,16.83,47.14,1,Yes,0,Others,2,Interested
4595,28,Male,Mobile,11.04,9,0,0,1,12.17,86.84,1,Yes,0,Others,0,Technical Error
4596,25,Male,Mobile,3.48,10,14,0,1,2.16,5.93,1,Yes,1,Right_Discount,1,Interested
4597,46,Male,Tablet,0,18,5,0,0,10.84,98.91,1,Yes,0,Others,5,Interested
4598,47,Female,Tablet,4.98,15,0,1,1,6.21,94.7,1,Yes,0,Others,5,Interested
4599,27,Male,Tablet,14.55,4,12,1,0,19.99,64.07,1,Yes,1,Right_Discount,4,Interested
4600,56,Male,Mobile,5.52,5,8,0,1,5.98,91.42,1,Yes,0,Others,4,Interested
4601,45,Female,Mobile,14.42,6,9,1,0,12,55.35,1,Yes,0,Others,8,Interested
4602,53,Male,Desktop,7.41,15,2,0,1,10.02,40.46,1,Yes,1,Right_Discount,6,Interested
4603,30,Female,Mobile,22.42,2,11,1,1,24.59,57.17,1,Yes,0,Others,5,Interested
4604,49,Female,Mobile,1.8,16,10,0,1,1.54,87.66,1,Yes,1,Right_Discount,6,Interested
4605,53,Female,Mobile,17.09,5,0,1,0,14.06,95.75,1,Yes,0,Others,2,Interested
4606,54,Female,Desktop,5.92,4,5,0,1,4.86,0,1,Yes,0,Others,6,Interested
4607,43,Female,Desktop,1.03,1,5,0,0,0.57,17.97,1,Yes,0,Others,2,Interested
4608,39,Male,Mobile,26.21,8,6,1,0,15.76,59.17,1,Yes,1,Right_Discount,7,Interested
4609,21,Male,Desktop,20.47,10,6,0,0,12.07,44.48,1,Yes,0,Others,9,Interested
4610,48,Female,Mobile,3.87,15,9,0,0,3.14,48.13,1,Yes,0,Others,9,Interested
4611,35,Female,Desktop,20.26,2,10,0,1,19.73,42.82,1,Yes,0,Others,8,Interested
4612,55,Male,Mobile,18.74,19,3,1,0,12.14,6.76,1,Yes,0,Others,2,Interested
4613,41,Male,Mobile,14.73,12,4,1,1,19.56,84.59,1,Yes,0,Others,6,Interested
4614,40,Female,Mobile,13.16,10,2,1,0,7.44,97.84,1,Yes,0,Others,7,Interested
4615,39,Male,Mobile,26.73,12,5,0,1,38.63,20.97,1,Yes,1,Right_Discount,2,Interested
4616,19,Male,Mobile,8.11,9,12,0,1,0,62.2,1,Yes,1,Right_Discount,5,Interested
4617,48,Female,Mobile,12.55,8,13,0,0,17.5,53.66,1,Yes,1,Right_Discount,6,Interested
4618,28,Male,Tablet,10.54,2,14,0,1,8.02,89.65,1,Yes,1,Right_Discount,3,Interested
4619,45,Male,Mobile,23.36,7,6,0,0,34.73,70.41,1,Yes,1,Right_Discount,5,Interested
4620,49,Male,Mobile,27.58,4,8,0,1,28.17,74.97,0,No,0,Others,6,Not Interested
4621,22,Male,Mobile,25.64,19,8,1,0,13.29,95.19,1,Yes,1,Right_Discount,6,Interested
4622,55,Female,Mobile,24.13,8,11,1,0,18.89,66.35,1,Yes,0,Others,0,Technical Error
4623,0,Male,Mobile,29.62,13,12,1,0,42.66,45.36,1,Yes,1,Right_Discount,1,Interested
4624,57,Female,Desktop,21.22,3,4,1,1,16.97,5.19,1,Yes,0,Others,0,Technical Error
4625,41,Male,Mobile,22.78,5,3,0,1,19.58,90.64,1,Yes,1,Right_Discount,8,Interested
4626,52,Female,Desktop,29.5,8,6,0,1,16.05,58.97,1,Yes,0,Others,6,Interested
4627,40,Female,Desktop,1.2,2,13,0,1,0.9,68.23,1,Yes,0,Others,6,Interested
4628,34,Male,Mobile,19.39,10,2,0,0,14.72,50.53,1,Yes,1,Right_Discount,2,Interested
4629,18,Female,Mobile,22.43,16,3,1,1,27.27,39.36,1,Yes,1,Right_Discount,4,Interested
4630,48,Female,Desktop,27.62,4,14,1,1,27.78,50.39,1,Yes,0,Others,1,Interested
4631,48,Female,Mobile,26.63,14,8,1,1,17.6,4.85,1,Yes,1,Right_Discount,4,Interested
4632,59,Female,Mobile,25.42,3,4,1,1,32.93,79.79,1,Yes,1,Right_Discount,7,Interested
4633,59,Female,Tablet,28.43,10,0,1,0,31.6,15.8,1,Yes,0,Others,9,Interested
4634,51,Male,Mobile,0,13,13,0,1,12.74,33.27,1,Yes,0,Others,2,Interested
4635,26,Female,Mobile,1.2,5,6,0,1,0.87,8.7,1,Yes,0,Others,3,Interested
4636,39,Female,Tablet,1.32,17,1,1,0,1.88,81.99,1,Yes,1,Right_Discount,7,Interested
4637,30,Male,Mobile,16.79,17,8,1,1,19.09,16.83,1,Yes,0,Others,0,Technical Error
4638,42,Male,Mobile,13.62,11,4,0,0,17.81,39.89,1,Yes,0,Others,0,Technical Error
4639,35,Female,Desktop,14.09,19,4,1,1,10.22,41.55,1,Yes,1,Right_Discount,2,Interested
4640,29,Male,Desktop,12.61,18,3,0,1,13.73,31.64,1,Yes,0,Others,1,Interested
4641,57,Male,Mobile,27.61,17,7,0,1,15.28,86.01,1,Yes,0,Others,9,Interested
4642,34,Male,Mobile,11.42,11,10,0,0,12.5,77.18,1,Yes,1,Right_Discount,1,Interested
4643,32,Male,Desktop,25.83,15,3,1,0,18.17,74.37,1,Yes,0,Others,3,Interested
4644,59,Male,Desktop,27.18,8,1,1,0,31.78,22.51,1,Yes,1,Right_Discount,5,Interested
4645,32,Male,Mobile,15.49,12,4,0,1,22.18,18.95,1,Yes,1,Right_Discount,9,Interested
4646,32,Female,Mobile,13.96,17,2,0,1,13.38,24.66,1,Yes,0,Others,9,Interested
4647,56,Female,Mobile,23.07,0,3,0,0,18.58,38.62,1,Yes,0,Others,4,Interested
4648,30,Male,Desktop,21.53,4,2,0,1,13.42,47.88,1,Yes,1,Right_Discount,3,Interested
4649,34,Male,Desktop,10.53,11,6,0,0,12.33,25.02,1,Yes,1,Right_Discount,7,Interested
4650,49,Female,Tablet,3.97,8,13,0,0,4.3,45.78,1,Yes,1,Right_Discount,4,Interested
4651,26,Male,Desktop,8.68,16,5,0,1,9.07,18.44,1,Yes,1,Right_Discount,1,Interested
4652,57,Female,Mobile,4.8,16,1,1,1,6.89,26.9,1,Yes,1,Right_Discount,3,Interested
4653,37,Male,Mobile,9.55,3,10,0,0,14.12,26.07,1,Yes,1,Right_Discount,6,Interested
4654,43,Female,Desktop,8.59,12,14,0,0,10.45,72.71,1,Yes,1,Right_Discount,3,Interested
4655,44,Female,Desktop,19.49,13,13,1,1,13.56,45.85,1,Yes,0,Others,5,Interested
4656,38,Male,Mobile,28.68,1,7,1,1,41.49,61.52,1,Yes,1,Right_Discount,1,Interested
4657,35,Male,Unknown,20.89,4,4,0,0,17.65,66.93,1,Yes,0,Others,8,Interested
4658,30,Male,Tablet,27.87,6,5,1,1,16.14,6.85,1,Yes,0,Others,3,Interested
4659,33,Male,Mobile,23.74,5,7,0,0,17.59,79.48,1,Yes,0,Others,0,Technical Error
4660,26,Female,Mobile,22.11,5,10,0,1,29.41,28.4,1,Yes,0,Others,2,Interested
4661,29,Male,Desktop,13.01,10,10,1,0,9.16,50.98,1,Yes,1,Right_Discount,6,Interested
4662,55,Female,Desktop,10.42,19,11,0,1,9.33,33.84,1,Yes,1,Right_Discount,9,Interested
4663,36,Unknown,Mobile,25.54,18,6,1,1,19.76,77.36,1,Yes,0,Others,8,Interested
4664,0,Female,Desktop,27.26,2,14,1,1,14.93,22.83,1,Yes,0,Others,5,Interested
4665,52,Male,Mobile,14.1,16,10,1,1,14.97,96.38,1,Yes,0,Others,3,Interested
4666,35,Male,Mobile,1.26,15,2,1,1,1.42,40.01,1,Yes,1,Right_Discount,1,Interested
4667,33,Female,Mobile,23.98,5,1,0,0,30.96,71.16,1,Yes,1,Right_Discount,8,Interested
4668,56,Male,Desktop,9.27,9,2,0,1,8.48,64.14,1,Yes,1,Right_Discount,7,Interested
4669,21,Male,Tablet,1.29,5,14,0,1,0.83,74.26,1,Yes,0,Others,6,Interested
4670,42,Male,Desktop,24.34,5,7,0,0,28.04,55.11,1,Yes,1,Right_Discount,1,Interested
4671,49,Male,Tablet,16.01,9,3,1,1,22.25,38.38,1,Yes,1,Right_Discount,1,Interested
4672,57,Male,Mobile,20.87,9,0,1,0,12.94,17.96,1,Yes,1,Right_Discount,7,Interested
4673,30,Female,Mobile,27.53,2,14,1,1,18.79,51.94,1,Yes,0,Others,8,Interested
4674,34,Male,Mobile,16.69,7,3,1,1,13.84,6.09,1,Yes,0,Others,8,Interested
4675,54,Female,Mobile,15.59,1,14,0,0,17.93,5.88,1,Yes,0,Others,7,Interested
4676,23,Unknown,Desktop,9.43,2,6,1,0,9.65,61.34,1,Yes,1,Right_Discount,0,Technical Error
4677,36,Male,Desktop,9.85,12,12,1,1,11.94,48.05,1,Yes,0,Others,4,Interested
4678,30,Female,Tablet,24.1,6,5,1,1,12.81,50.61,1,Yes,0,Others,6,Interested
4679,43,Female,Mobile,14.02,19,9,1,0,18.37,31.87,1,Yes,0,Others,9,Interested
4680,31,Female,Mobile,5.74,16,0,1,0,8.54,79.06,1,Yes,0,Others,5,Interested
4681,48,Female,Mobile,3.74,4,12,0,1,2.04,20.12,0,No,1,Low_Discount,0,Not Interested
4682,0,Female,Mobile,14.71,18,10,0,1,14.64,58.61,1,Yes,0,Others,9,Interested
4683,56,Male,Mobile,14.48,5,7,0,0,17.95,86.05,1,Yes,1,Right_Discount,5,Interested
4684,25,Female,Mobile,19.95,18,5,1,0,19.48,83.41,1,Yes,0,Others,3,Interested
4685,42,Female,Mobile,14.66,6,1,1,1,16.02,2.86,1,Yes,1,Right_Discount,2,Interested
4686,30,Male,Mobile,5.16,14,4,0,0,7.33,27.9,1,Yes,0,Others,3,Interested
4687,49,Male,Mobile,15.73,17,11,1,1,16.36,71.47,1,Yes,0,Others,7,Interested
4688,55,Female,Mobile,27.3,18,1,0,1,20.11,74.07,1,Yes,1,Right_Discount,5,Interested
4689,55,Female,Mobile,5.62,10,9,0,0,6.96,48.27,1,Yes,0,Others,8,Interested
4690,45,Female,Mobile,21,19,6,1,1,18.38,20.25,1,Yes,0,Others,4,Interested
4691,47,Male,Mobile,18.22,18,14,1,0,14.3,27.9,1,Yes,1,Right_Discount,8,Interested
4692,20,Female,Mobile,22.71,4,10,0,1,17,80.1,1,Yes,1,Right_Discount,3,Interested
4693,45,Male,Mobile,5.37,15,9,0,0,3.11,19.22,1,Yes,0,Others,3,Interested
4694,20,Male,Mobile,28.31,6,5,0,0,40.57,94.23,1,Yes,0,Others,5,Interested
4695,51,Male,Mobile,19.01,6,6,1,0,20.21,50.09,1,Yes,0,Others,9,Interested
4696,33,Male,Desktop,25.57,3,14,1,1,0,28.34,1,Yes,0,Others,6,Interested
4697,39,Female,Desktop,8.15,9,5,1,0,11.1,38.96,1,Yes,0,Others,1,Interested
4698,49,Male,Desktop,22.44,11,9,0,1,11.9,25.65,1,Yes,1,Right_Discount,3,Interested
4699,55,Male,Mobile,23.65,5,0,1,1,17.67,38.43,1,Yes,0,Others,7,Interested
4700,25,Female,Mobile,12.53,14,14,1,1,10.22,13.08,1,Yes,0,Others,8,Interested
4701,25,Male,Desktop,12.13,2,2,0,0,12.01,82.32,1,Yes,0,Others,4,Interested
4702,23,Female,Mobile,20.08,19,14,0,1,24.42,96.37,1,Yes,0,Others,5,Interested
4703,31,Male,Desktop,3.71,8,9,0,1,4.38,65.91,1,Yes,0,Others,9,Interested
4704,49,Female,Mobile,22.33,13,1,0,0,33.21,80.86,1,Yes,1,Right_Discount,6,Interested
4705,52,Male,Mobile,2.24,19,0,1,1,3.19,22.81,1,Yes,0,Others,6,Interested
4706,27,Male,Desktop,6.53,0,0,0,1,4.48,6.28,1,Yes,0,Others,2,Interested
4707,20,Female,Mobile,20.26,15,3,1,0,27.55,62.71,1,Yes,1,Right_Discount,1,Interested
4708,29,Male,Mobile,3.85,4,10,1,0,5.17,81.76,1,Yes,0,Others,9,Interested
4709,48,Male,Mobile,29.18,4,0,1,1,31.36,83.43,1,Yes,0,Others,7,Interested
4710,46,Female,Mobile,26.18,18,1,0,0,21.94,53.28,1,Yes,0,Others,8,Interested
4711,22,Male,Mobile,19.16,19,0,0,0,13.58,62.21,1,Yes,1,Right_Discount,7,Interested
0,42,Male,Mobile,24.75,9,12,0,1,17.63,36.83,1,Yes,1,Right_Discount,7,Interested
4713,58,Female,Desktop,26.74,15,11,0,0,22.4,83.07,1,Yes,1,Right_Discount,1,Interested
4714,48,Female,Desktop,8.52,12,11,1,0,8.55,69.76,1,Yes,0,Others,3,Interested
4715,38,Female,Mobile,25.63,4,5,1,0,27.78,18.59,1,Yes,0,Others,5,Interested
4716,37,Female,Tablet,6.65,3,10,0,0,5.49,27.94,1,Yes,0,Others,7,Interested
4717,56,Female,Mobile,12.99,5,3,0,1,11.13,15.19,1,Yes,0,Others,1,Interested
4718,39,Male,Mobile,17.19,17,7,1,0,8.83,50.57,1,Yes,1,Right_Discount,7,Interested
4719,21,Female,Desktop,21.7,5,10,1,0,0,20.22,1,Yes,1,Right_Discount,0,Technical Error
4720,30,Male,Desktop,1.87,4,4,0,1,2.63,15.88,1,Yes,0,Others,5,Interested
4721,59,Female,Desktop,9.42,7,13,1,0,4.84,16.04,1,Yes,1,Right_Discount,7,Interested
4722,37,Male,Mobile,18.65,7,9,0,1,9.94,26.59,1,Yes,0,Others,7,Interested
4723,30,Male,Mobile,11.36,7,4,1,0,8.02,80.9,1,Yes,0,Others,6,Interested
4724,34,Female,Desktop,23.48,17,10,0,0,29.19,93.83,1,Yes,1,Right_Discount,6,Interested
4725,53,Male,Mobile,19.9,15,10,1,0,23.46,99.59,1,Yes,1,Right_Discount,9,Interested
4726,0,Male,Desktop,7.8,7,7,0,0,8.95,4.03,1,Yes,1,Right_Discount,8,Interested
4727,18,Female,Mobile,5.23,15,0,0,1,5.62,56.89,1,Yes,0,Others,1,Interested
4728,32,Female,Desktop,19.24,4,9,1,1,13.5,26.64,1,Yes,0,Others,0,Technical Error
4729,30,Female,Mobile,14.06,2,5,0,0,12.62,98.89,1,Yes,1,Right_Discount,1,Interested
4730,34,Female,Mobile,5.9,13,5,1,1,5.77,98.43,1,Yes,1,Right_Discount,2,Interested
4731,41,Male,Mobile,10.46,12,2,0,1,11.32,93.41,1,Yes,1,Right_Discount,8,Interested
4732,25,Male,Desktop,9.79,10,12,0,0,6.84,1.42,1,Yes,1,Right_Discount,9,Interested
4733,44,Male,Desktop,4.14,19,5,0,1,5.09,15.45,1,Yes,0,Others,6,Interested
4734,0,Male,Mobile,16.86,15,9,0,1,13.64,55.25,1,Yes,0,Others,0,Technical Error
4735,25,Male,Desktop,23.15,17,12,0,1,26.86,18.73,1,Yes,0,Others,4,Interested
4736,25,Male,Mobile,17.69,6,6,0,0,17.94,85.49,1,Yes,1,Right_Discount,5,Interested
4737,43,Female,Mobile,24.96,5,1,1,0,27.26,69.97,1,Yes,1,Right_Discount,1,Interested
4738,30,Male,Mobile,4.7,13,2,0,0,4.29,18.41,1,Yes,0,Others,0,Technical Error
4739,56,Male,Mobile,13.63,14,5,1,0,12.88,81.84,1,Yes,0,Others,0,Technical Error
4740,54,Male,Mobile,18.67,14,9,1,0,25.54,49.83,1,Yes,1,Right_Discount,2,Interested
4741,45,Female,Mobile,20.6,15,8,1,0,20.1,70.97,1,Yes,0,Others,0,Technical Error
4742,42,Female,Desktop,21.18,16,12,1,0,27.4,13.98,1,Yes,1,Right_Discount,8,Interested
4743,33,Female,Desktop,22.14,10,8,1,0,19.82,51.79,1,Yes,0,Others,9,Interested
4744,19,Female,Desktop,19.89,1,7,1,1,23.88,77.63,1,Yes,0,Others,4,Interested
4745,35,Male,Mobile,3.73,11,7,0,1,0,34.56,1,Yes,1,Right_Discount,8,Interested
4746,34,Male,Tablet,21.16,7,8,1,0,29.98,18.68,1,Yes,1,Right_Discount,4,Interested
4747,47,Male,Desktop,22.02,17,10,0,0,32.31,63.95,1,Yes,0,Others,0,Technical Error
4748,56,Female,Mobile,29.81,4,14,0,0,41.77,64.41,1,Yes,1,Right_Discount,6,Interested
4749,30,Male,Desktop,21.11,7,10,0,1,17.87,20.43,1,Yes,1,Right_Discount,6,Interested
4750,49,Male,Mobile,20.92,3,8,0,0,16.24,6.94,1,Yes,1,Right_Discount,3,Interested
4751,46,Male,Mobile,15.93,14,9,0,1,10.87,16.65,1,Yes,1,Right_Discount,2,Interested
4752,47,Female,Mobile,26.17,18,10,1,0,35.93,27.55,1,Yes,0,Others,0,Technical Error
4753,35,Female,Mobile,29.91,18,12,0,0,18.5,3.63,1,Yes,0,Others,6,Interested
4754,30,Female,Desktop,23.59,1,8,0,1,26.95,92.27,1,Yes,0,Others,4,Interested
4755,38,Male,Mobile,18.76,6,4,1,1,15.6,23.05,1,Yes,0,Others,9,Interested
4756,47,Unknown,Mobile,3.29,9,14,0,1,2.26,73.89,1,Yes,0,Others,0,Technical Error
4757,38,Male,Tablet,22.08,2,5,0,1,15.11,41.47,1,Yes,0,Others,0,Technical Error
0,34,Male,Tablet,21.55,8,14,1,0,29.54,50.2,1,Yes,1,Right_Discount,2,Interested
4759,57,Female,Desktop,23.49,4,0,1,1,31.94,53.69,1,Yes,0,Others,2,Interested
4760,36,Male,Mobile,4.61,10,12,0,0,3.56,77.28,1,Yes,1,Right_Discount,1,Interested
4761,0,Female,Mobile,19.96,1,0,0,0,10.65,78.79,1,Yes,1,Right_Discount,7,Interested
4762,26,Male,Desktop,9.58,11,3,0,1,13.12,14.13,1,Yes,1,Right_Discount,7,Interested
4763,27,Female,Mobile,23.05,9,14,0,0,12.85,30.33,1,Yes,0,Others,5,Interested
4764,48,Male,Unknown,7.97,19,13,1,0,4.66,57.3,1,Yes,0,Others,4,Interested
4765,40,Male,Mobile,20.84,11,10,1,0,27.55,33.04,1,Yes,1,Right_Discount,0,Technical Error
4766,47,Female,Mobile,9.55,4,12,0,1,12.58,13.28,1,Yes,0,Others,0,Technical Error
4767,50,Female,Mobile,1.26,5,0,0,1,0.89,40.84,1,Yes,0,Others,1,Interested
4768,26,Male,Mobile,19.37,17,11,0,1,10.43,21.84,1,Yes,1,Right_Discount,6,Interested
4769,18,Male,Mobile,4.28,18,0,0,0,0,14.35,1,Yes,1,Right_Discount,0,Technical Error
4770,52,Male,Mobile,20.12,5,2,0,0,19.18,30.4,1,Yes,0,Others,7,Interested
4771,28,Female,Mobile,27.84,18,6,0,1,25.56,29.97,1,Yes,0,Others,2,Interested
4772,51,Male,Mobile,29.11,17,14,1,1,19.86,9.72,1,Yes,0,Others,3,Interested
4773,33,Female,Desktop,7.84,0,0,0,1,11.05,58.41,1,Yes,0,Others,6,Interested
4774,26,Male,Desktop,24.47,11,6,1,1,25.75,31.43,1,Yes,1,Right_Discount,9,Interested
4775,49,Male,Mobile,11.25,17,9,0,0,14.71,17.33,1,Yes,0,Others,6,Interested
4776,32,Male,Mobile,27.11,8,13,1,0,16.37,81.86,1,Yes,1,Right_Discount,1,Interested
4777,29,Male,Mobile,23.84,8,9,0,0,35.13,0.26,1,Yes,1,Right_Discount,4,Interested
4778,50,Female,Mobile,3.14,2,14,1,0,4.11,45.43,1,Yes,1,Right_Discount,7,Interested
4779,31,Female,Mobile,12.81,7,12,1,1,10.09,43.49,1,Yes,1,Right_Discount,8,Interested
4780,25,Male,Unknown,10.78,6,0,0,1,5.61,67.11,1,Yes,0,Others,4,Interested
4781,0,Unknown,Desktop,23.77,18,8,0,0,15.8,38.94,1,Yes,1,Right_Discount,1,Interested
0,44,Male,Desktop,12.9,7,4,0,1,11.85,51.27,1,Yes,0,Others,3,Interested
4783,29,Female,Mobile,20.85,18,12,0,0,10.49,90.85,1,Yes,0,Others,4,Interested
4784,18,Male,Mobile,18.47,12,14,0,1,9.99,16.83,1,Yes,1,Right_Discount,5,Interested
4785,57,Unknown,Desktop,29.29,7,5,1,1,17.53,10.55,1,Yes,1,Right_Discount,5,Interested
4786,59,Female,Mobile,28.2,7,14,0,0,36.93,74.68,1,Yes,0,Others,0,Technical Error
4787,28,Female,Desktop,13.4,1,11,1,0,14.03,74.29,1,Yes,1,Right_Discount,5,Interested
4788,56,Female,Mobile,21.98,10,8,1,0,15.19,91.96,1,Yes,1,Right_Discount,9,Interested
4789,48,Male,Desktop,25.05,10,0,0,0,19.15,98.32,1,Yes,0,Others,0,Technical Error
4790,34,Male,Tablet,27.07,12,2,0,0,30.92,38.44,1,Yes,1,Right_Discount,4,Interested
4791,50,Female,Tablet,2.98,3,2,0,1,2.44,37.74,1,Yes,1,Right_Discount,6,Interested
4792,49,Male,Mobile,9.76,3,4,0,1,11.54,90.47,1,Yes,1,Right_Discount,7,Interested
4793,46,Male,Mobile,10.29,13,12,1,1,13.15,86.07,1,Yes,0,Others,4,Interested
4794,38,Male,Mobile,13.6,13,12,1,0,10.97,37.54,1,Yes,1,Right_Discount,1,Interested
4795,38,Female,Tablet,5.91,6,6,1,0,5.12,7.63,1,Yes,0,Others,2,Interested
4796,57,Male,Mobile,15.39,3,2,1,0,8.47,58.12,1,Yes,0,Others,6,Interested
4797,40,Male,Mobile,20.23,15,3,0,1,26.7,26.87,1,Yes,1,Right_Discount,9,Interested
4798,23,Male,Mobile,15.42,9,13,1,1,17.06,90.86,1,Yes,0,Others,3,Interested
4799,39,Male,Mobile,20.31,6,1,0,1,28.2,80.61,1,Yes,1,Right_Discount,0,Technical Error
4800,55,Male,Mobile,2.93,6,8,1,1,2.02,90.1,1,Yes,1,Right_Discount,2,Interested
4801,54,Male,Mobile,26.4,8,9,1,0,38.56,8.09,1,Yes,0,Others,9,Interested
4802,25,Male,Mobile,28.23,11,8,1,0,34.07,86.46,1,Yes,0,Others,1,Interested
4803,58,Male,Mobile,18.92,19,12,1,1,13.18,59.31,1,Yes,1,Right_Discount,8,Interested
4804,52,Male,Tablet,26.56,16,10,0,0,25.58,21.54,1,Yes,0,Others,0,Technical Error
4805,28,Male,Desktop,4.81,9,1,0,0,5.77,30.13,1,Yes,0,Others,8,Interested
4806,41,Female,Desktop,24.13,11,4,1,1,12.47,45.66,1,Yes,0,Others,9,Interested
4807,38,Male,Mobile,4.46,16,0,0,1,5.71,62.76,1,Yes,1,Right_Discount,4,Interested
4808,19,Female,Desktop,12.83,6,7,1,1,18.57,23.27,1,Yes,1,Right_Discount,5,Interested
0,57,Male,Mobile,10.39,17,5,1,1,6.04,20.7,1,Yes,1,Right_Discount,5,Interested
4810,36,Female,Mobile,17.98,16,13,1,0,25.14,89.22,1,Yes,1,Right_Discount,5,Interested
0,56,Unknown,Mobile,9.74,18,9,0,0,9.39,84.52,0,No,1,Low_Discount,8,Not Interested
4812,45,Male,Mobile,19.48,1,9,1,0,19.78,76.68,1,Yes,0,Others,8,Interested
4813,34,Female,Mobile,11.65,18,1,0,1,15.61,0,1,Yes,0,Others,9,Interested
4814,23,Female,Tablet,25.96,8,1,0,0,28.29,76.6,1,Yes,1,Right_Discount,6,Interested
4815,36,Female,Mobile,19.38,10,9,0,0,16.5,92.41,1,Yes,1,Right_Discount,2,Interested
4816,55,Male,Mobile,7.24,2,4,1,0,8.92,84.37,1,Yes,0,Others,6,Interested
4817,45,Female,Mobile,10.75,9,6,1,0,6.86,38.86,1,Yes,1,Right_Discount,4,Interested
4818,19,Female,Mobile,25.58,4,8,0,0,29.83,47.13,1,Yes,1,Right_Discount,8,Interested
4819,55,Male,Mobile,12.21,11,8,1,0,15.56,60.46,1,Yes,0,Others,7,Interested
4820,54,Female,Mobile,16.54,10,11,1,0,13.81,47.56,1,Yes,1,Right_Discount,9,Interested
4821,21,Female,Desktop,19.82,14,14,1,0,29.14,29.69,1,Yes,1,Right_Discount,5,Interested
4822,39,Female,Mobile,11.09,7,14,1,1,12.65,86.12,1,Yes,1,Right_Discount,4,Interested
4823,43,Male,Mobile,9.53,19,10,1,0,5.68,80.34,1,Yes,1,Right_Discount,9,Interested
4824,53,Female,Desktop,14.78,6,5,0,1,21.67,38.99,1,Yes,0,Others,1,Interested
4825,30,Male,Desktop,7.23,16,1,0,1,8.99,11.47,1,Yes,1,Right_Discount,2,Interested
4826,49,Female,Desktop,9.24,19,5,0,0,11.05,0.49,1,Yes,1,Right_Discount,2,Interested
4827,34,Female,Desktop,2.8,19,0,1,0,2.11,9.24,1,Yes,0,Others,3,Interested
4828,58,Female,Mobile,9.82,0,10,0,0,9.56,15.47,1,Yes,0,Others,2,Interested
4829,53,Female,Mobile,10.3,12,10,1,1,14.43,65.78,1,Yes,1,Right_Discount,6,Interested
4830,36,Male,Desktop,28.89,15,12,1,0,23.35,21.96,1,Yes,1,Right_Discount,5,Interested
4831,52,Female,Desktop,18.1,8,1,0,0,16.71,63.48,1,Yes,0,Others,7,Interested
4832,57,Male,Mobile,23.83,0,11,1,1,18.03,32.83,1,Yes,0,Others,1,Interested
4833,45,Female,Mobile,2.32,8,2,0,0,1.66,89.51,0,No,0,Others,1,Not Interested
4834,18,Male,Desktop,4.09,16,4,0,0,2.22,46.91,1,Yes,0,Others,0,Technical Error
4835,59,Female,Mobile,24.62,16,9,1,1,30.45,67.29,1,Yes,0,Others,4,Interested
4836,35,Unknown,Mobile,19.08,2,0,0,1,11.27,46.09,1,Yes,0,Others,6,Interested
4837,0,Male,Mobile,6.54,17,11,0,0,6.74,91.25,1,Yes,0,Others,8,Interested
4838,0,Male,Desktop,12.74,5,9,1,0,7,68.74,1,Yes,0,Others,4,Interested
4839,29,Male,Tablet,16.62,5,12,0,0,24.66,64.22,1,Yes,1,Right_Discount,0,Technical Error
4840,25,Male,Mobile,25.46,12,13,0,0,30.79,59.23,1,Yes,1,Right_Discount,2,Interested
4841,41,Female,Mobile,2.75,7,12,1,1,3.11,98.86,1,Yes,1,Right_Discount,7,Interested
4842,33,Male,Mobile,18.3,5,12,0,1,12.56,68.48,1,Yes,1,Right_Discount,2,Interested
4843,21,Male,Mobile,21.79,4,4,1,0,22.4,75.41,1,Yes,1,Right_Discount,6,Interested
4844,55,Male,Mobile,29.36,17,4,1,0,29.46,8.17,1,Yes,1,Right_Discount,9,Interested
4845,44,Female,Mobile,24.41,6,3,0,0,20.96,81.42,1,Yes,0,Others,2,Interested
4846,0,Female,Mobile,9.01,14,2,1,1,5.91,0,1,Yes,1,Right_Discount,1,Interested
0,33,Female,Desktop,21.58,9,6,1,0,18.71,33.67,1,Yes,0,Others,9,Interested
4848,29,Female,Desktop,23.14,4,10,0,1,25.66,58.17,1,Yes,1,Right_Discount,5,Interested
4849,0,Male,Mobile,22.16,0,6,1,0,21.88,62.56,1,Yes,1,Right_Discount,1,Interested
4850,41,Female,Mobile,24.78,16,0,1,1,26.52,26.02,1,Yes,1,Right_Discount,9,Interested
4851,31,Male,Tablet,0,16,6,0,0,29.17,43.71,1,Yes,1,Right_Discount,4,Interested
4852,42,Female,Mobile,3.85,16,2,0,1,2.87,72.13,1,Yes,1,Right_Discount,4,Interested
4853,51,Male,Desktop,4.04,6,12,1,0,2.47,22.58,1,Yes,1,Right_Discount,4,Interested
4854,20,Male,Mobile,24.1,15,2,1,1,24.62,83.61,1,Yes,1,Right_Discount,0,Technical Error
4855,41,Male,Desktop,8.32,3,14,0,1,11.58,7.75,1,Yes,1,Right_Discount,2,Interested
4856,59,Male,Desktop,2.7,9,5,1,0,4.04,58.12,1,Yes,0,Others,9,Interested
4857,26,Male,Desktop,12.64,1,14,0,0,16.25,37.97,1,Yes,1,Right_Discount,4,Interested
4858,43,Female,Desktop,24.78,11,5,1,1,17.87,5.33,1,Yes,1,Right_Discount,7,Interested
4859,37,Unknown,Tablet,4.67,6,10,1,1,5.28,77.45,1,Yes,1,Right_Discount,3,Interested
4860,57,Male,Mobile,20.48,5,12,1,0,15.13,54.65,1,Yes,0,Others,4,Interested
4861,27,Male,Mobile,1.1,18,0,1,1,1.18,71.53,1,Yes,0,Others,0,Technical Error
4862,36,Male,Mobile,4.18,12,3,1,1,4.1,38.01,1,Yes,0,Others,0,Technical Error
4863,20,Female,Desktop,11.17,7,4,1,0,9.85,85.96,1,Yes,0,Others,7,Interested
4864,41,Female,Desktop,3.42,2,2,0,1,3.9,8.37,1,Yes,0,Others,1,Interested
4865,22,Male,Mobile,25.53,7,2,1,0,34.66,23.34,1,Yes,0,Others,9,Interested
4866,20,Male,Mobile,26.06,9,8,1,0,21.82,79.46,1,Yes,1,Right_Discount,9,Interested
4867,0,Male,Desktop,22.91,8,4,1,0,22.6,95.47,1,Yes,1,Right_Discount,6,Interested
4868,0,Male,Mobile,8.03,9,0,0,1,7.68,84.64,1,Yes,1,Right_Discount,6,Interested
4869,32,Female,Mobile,16.17,10,8,1,1,12.11,23.09,1,Yes,1,Right_Discount,8,Interested
4870,52,Female,Desktop,6.34,12,9,0,1,5.84,34.85,1,Yes,0,Others,0,Technical Error
4871,29,Male,Mobile,9.16,2,5,1,1,4.78,76.55,1,Yes,0,Others,1,Interested
4872,58,Male,Mobile,15.96,10,8,0,0,16.24,94.63,1,Yes,1,Right_Discount,0,Technical Error
4873,43,Male,Mobile,22.32,3,13,1,0,27.25,28.92,1,Yes,1,Right_Discount,0,Technical Error
4874,51,Male,Mobile,3.74,1,10,1,1,3.24,38.63,1,Yes,0,Others,3,Interested
4875,40,Male,Mobile,9.6,17,6,1,0,11.97,2.29,1,Yes,0,Others,7,Interested
4876,48,Female,Mobile,27.87,1,10,1,1,34.86,50.44,1,Yes,0,Others,9,Interested
4877,37,Female,Mobile,13.44,5,9,1,1,19.95,8.82,1,Yes,1,Right_Discount,7,Interested
4878,29,Male,Mobile,28.23,14,9,1,0,29.53,8.56,1,Yes,0,Others,8,Interested
4879,40,Female,Mobile,29.75,6,6,0,1,26.9,76.13,1,Yes,0,Others,1,Interested
4880,21,Female,Mobile,16.27,9,4,1,0,18.54,34.39,1,Yes,1,Right_Discount,6,Interested
4881,40,Female,Tablet,9.35,14,6,1,0,10.53,93.56,1,Yes,1,Right_Discount,3,Interested
4882,18,Male,Mobile,23.93,4,9,0,1,35.59,71.61,1,Yes,1,Right_Discount,2,Interested
4883,42,Female,Desktop,5.62,1,3,0,0,6.79,29.48,1,Yes,1,Right_Discount,3,Interested
4884,19,Female,Desktop,8.31,6,10,1,0,6.7,68.19,1,Yes,0,Others,3,Interested
4885,47,Male,Mobile,23.76,7,10,0,1,16.34,86.56,1,Yes,0,Others,2,Interested
4886,20,Female,Desktop,13.58,6,5,0,0,17.56,43.6,1,Yes,1,Right_Discount,8,Interested
4887,38,Male,Mobile,6.84,1,1,0,1,4.65,56.18,1,Yes,0,Others,7,Interested
4888,42,Female,Desktop,19.88,8,13,0,0,22.41,21.75,1,Yes,0,Others,9,Interested
4889,37,Male,Mobile,22.25,12,9,0,0,14.07,40.22,1,Yes,1,Right_Discount,1,Interested
4890,39,Male,Desktop,4.63,11,2,0,1,5.64,57.9,1,Yes,1,Right_Discount,2,Interested
4891,38,Unknown,Mobile,9.03,2,1,0,1,11.58,61.55,1,Yes,0,Others,9,Interested
4892,50,Female,Desktop,7.42,2,12,1,0,11.06,72,1,Yes,1,Right_Discount,6,Interested
4893,55,Male,Mobile,12.02,2,9,1,1,17.48,95.74,1,Yes,1,Right_Discount,4,Interested
4894,32,Male,Desktop,23.14,8,1,1,0,28.09,83.85,1,Yes,0,Others,0,Technical Error
0,32,Female,Mobile,21.7,7,6,0,0,16.87,85.16,1,Yes,1,Right_Discount,0,Technical Error
4896,42,Female,Desktop,20.21,16,4,1,1,10.99,55.75,1,Yes,0,Others,7,Interested
4897,38,Female,Mobile,1.18,9,12,1,0,1.25,14.42,1,Yes,1,Right_Discount,5,Interested
4898,41,Female,Mobile,5.12,16,12,1,0,6.48,63.55,1,Yes,0,Others,3,Interested
4899,0,Male,Desktop,7.48,2,5,1,1,3.82,40.63,1,Yes,1,Right_Discount,2,Interested
4900,23,Male,Tablet,8.89,3,2,0,1,9.11,3.18,1,Yes,1,Right_Discount,8,Interested
4901,40,Male,Mobile,5.25,2,14,0,1,7.26,19.49,1,Yes,0,Others,8,Interested
4902,21,Female,Tablet,12.9,19,9,0,1,14.67,0,1,Yes,0,Others,3,Interested
4903,44,Female,Desktop,3.18,17,4,0,0,3.76,63.1,1,Yes,1,Right_Discount,7,Interested
4904,35,Male,Desktop,22.75,12,4,0,0,22.17,97.84,1,Yes,0,Others,3,Interested
4905,38,Male,Mobile,23.84,11,10,0,0,34.4,92.34,1,Yes,0,Others,7,Interested
4906,45,Male,Mobile,17.65,19,3,1,0,15.44,59.43,0,No,1,Low_Discount,6,Not Interested
4907,52,Male,Desktop,3.6,6,9,1,0,3.16,15.49,1,Yes,1,Right_Discount,5,Interested
4908,39,Unknown,Mobile,26.81,10,3,0,0,27.29,33.63,1,Yes,0,Others,6,Interested
4909,57,Male,Mobile,29,14,11,1,1,31.49,23.3,1,Yes,1,Right_Discount,5,Interested
4910,40,Female,Mobile,6.87,1,12,1,1,7.13,47.05,1,Yes,1,Right_Discount,5,Interested
4911,20,Male,Mobile,21.43,15,7,0,0,28.26,80.06,1,Yes,1,Right_Discount,6,Interested
4912,57,Male,Desktop,25.42,6,5,1,0,33.92,82.18,1,Yes,0,Others,3,Interested
0,27,Unknown,Desktop,16.66,13,10,0,0,10.52,17.81,1,Yes,0,Others,4,Interested
4914,42,Male,Mobile,10.38,14,1,1,1,11.38,54.91,1,Yes,1,Right_Discount,8,Interested
4915,25,Male,Mobile,14.88,13,1,0,0,0,67.67,1,Yes,0,Others,1,Interested
4916,28,Male,Mobile,15.86,16,1,0,1,17.44,39.66,1,Yes,1,Right_Discount,8,Interested
4917,22,Male,Mobile,12.62,1,5,0,0,14.99,90.54,1,Yes,0,Others,4,Interested
4918,54,Female,Mobile,27.97,14,11,1,1,0,35.9,1,Yes,1,Right_Discount,9,Interested
4919,55,Male,Desktop,22.57,13,0,1,0,30.84,49.01,1,Yes,0,Others,0,Technical Error
4920,0,Female,Desktop,8,10,2,1,1,4.14,58.68,1,Yes,0,Others,6,Interested
4921,22,Female,Mobile,17.98,10,0,1,1,13.29,42.74,1,Yes,0,Others,4,Interested
4922,26,Female,Desktop,20.97,4,3,0,1,28.58,96.36,1,Yes,1,Right_Discount,2,Interested
4923,19,Male,Mobile,5.06,0,12,0,0,5.91,76.05,1,Yes,0,Others,2,Interested
4924,18,Male,Desktop,11.39,12,0,0,0,12.89,82.91,1,Yes,1,Right_Discount,0,Technical Error
4925,57,Male,Mobile,27.26,6,8,1,1,37.07,75.26,1,Yes,1,Right_Discount,6,Interested
4926,47,Male,Desktop,17.45,15,10,1,0,22.8,58.81,1,Yes,0,Others,1,Interested
4927,28,Male,Mobile,7.29,5,11,0,1,9.12,2.82,1,Yes,1,Right_Discount,7,Interested
4928,45,Male,Mobile,4.56,10,10,1,1,2.5,76.47,1,Yes,0,Others,3,Interested
4929,29,Male,Mobile,16.03,9,12,0,1,20.54,61.27,1,Yes,0,Others,3,Interested
4930,56,Male,Mobile,16.88,10,5,1,1,11.83,8.07,1,Yes,1,Right_Discount,4,Interested
4931,43,Male,Mobile,10.7,12,13,1,0,5.63,11.86,1,Yes,1,Right_Discount,0,Technical Error
4932,30,Male,Mobile,19.28,4,7,1,0,19.12,48.12,1,Yes,1,Right_Discount,6,Interested
4933,25,Female,Mobile,2.99,4,13,1,1,4.31,85.28,1,Yes,1,Right_Discount,2,Interested
4934,45,Male,Desktop,5.21,13,1,0,1,7.22,55.37,1,Yes,1,Right_Discount,3,Interested
4935,47,Male,Mobile,16.84,14,13,0,1,24.96,91.96,1,Yes,0,Others,8,Interested
4936,26,Male,Desktop,2.79,12,14,0,0,2.08,81.57,1,Yes,1,Right_Discount,0,Technical Error
4937,56,Female,Mobile,26.55,13,5,0,1,31.74,63.08,1,Yes,1,Right_Discount,7,Interested
4938,48,Male,Tablet,5.12,13,3,0,0,2.85,31.34,1,Yes,1,Right_Discount,7,Interested
4939,38,Male,Tablet,20.54,2,6,1,1,26.77,85.27,1,Yes,1,Right_Discount,6,Interested
4940,51,Female,Mobile,12.34,19,7,1,0,12.63,0,1,Yes,0,Others,5,Interested
4941,48,Male,Desktop,12.59,9,13,1,1,18.84,55.28,1,Yes,1,Right_Discount,6,Interested
4942,42,Female,Mobile,23.18,10,5,0,1,17.15,50.06,1,Yes,1,Right_Discount,9,Interested
4943,29,Female,Tablet,15.48,17,12,0,0,19.89,21.28,1,Yes,1,Right_Discount,3,Interested
4944,18,Female,Mobile,22.04,10,12,1,0,14.79,1.57,1,Yes,1,Right_Discount,3,Interested
4945,39,Female,Mobile,15.65,13,0,0,1,12.32,71.65,1,Yes,0,Others,4,Interested
4946,57,Male,Mobile,18.19,1,14,1,1,14.47,91.96,1,Yes,1,Right_Discount,3,Interested
4947,54,Female,Mobile,23.06,2,7,1,1,24.86,18.37,1,Yes,0,Others,3,Interested
4948,18,Female,Mobile,18.61,17,10,1,1,16.1,93.47,1,Yes,1,Right_Discount,8,Interested
4949,18,Male,Desktop,18.85,13,0,0,1,17.69,7.19,1,Yes,0,Others,5,Interested
4950,59,Male,Mobile,23.89,17,8,0,0,24.41,55.25,1,Yes,0,Others,2,Interested
4951,59,Male,Mobile,28.52,13,1,0,1,15.86,11.56,1,Yes,0,Others,2,Interested
4952,38,Female,Mobile,11.92,17,10,0,0,13.89,88.91,1,Yes,1,Right_Discount,9,Interested
4953,0,Male,Unknown,17.74,19,9,1,0,20.39,10.32,1,Yes,1,Right_Discount,7,Interested
4954,34,Female,Mobile,3.5,14,5,1,0,5.13,25.11,1,Yes,0,Others,2,Interested
4955,39,Female,Desktop,0,10,7,1,0,7.23,80.59,1,Yes,0,Others,3,Interested
4956,55,Male,Mobile,12.95,2,4,0,1,6.88,68.85,0,No,0,Others,5,Not Interested
4957,52,Male,Mobile,25.22,14,13,0,1,15.97,38.81,1,Yes,0,Others,8,Interested
4958,33,Male,Mobile,15.89,17,1,0,1,14.66,83.68,1,Yes,0,Others,5,Interested
4959,25,Male,Mobile,22.2,5,4,1,0,15.85,63.57,1,Yes,1,Right_Discount,2,Interested
4960,34,Male,Desktop,1.55,18,0,0,1,1.11,25.98,1,Yes,1,Right_Discount,5,Interested
4961,34,Male,Mobile,14.47,3,7,0,0,19.82,74.03,1,Yes,0,Others,0,Technical Error
4962,43,Female,Mobile,27.14,16,7,0,1,22.36,33.31,1,Yes,1,Right_Discount,4,Interested
4963,30,Female,Mobile,7.51,19,13,1,1,6.89,81.57,1,Yes,1,Right_Discount,4,Interested
4964,34,Male,Mobile,1.91,18,1,1,1,0,78.16,1,Yes,1,Right_Discount,2,Interested
4965,55,Female,Mobile,13.57,5,5,1,1,11.4,30.85,1,Yes,1,Right_Discount,4,Interested
4966,34,Female,Mobile,21.43,8,10,1,0,22.59,10.37,1,Yes,1,Right_Discount,4,Interested
4967,31,Female,Desktop,14.18,6,7,0,0,14.5,82.08,1,Yes,0,Others,6,Interested
4968,23,Female,Mobile,14.34,15,9,1,1,10.92,36.44,0,No,1,Low_Discount,8,Not Interested
4969,52,Female,Mobile,20.42,3,12,0,1,24.85,32.53,1,Yes,1,Right_Discount,4,Interested
4970,31,Female,Mobile,8.38,9,7,1,0,11.18,1.82,1,Yes,1,Right_Discount,8,Interested
4971,25,Male,Mobile,22.8,11,11,1,0,29.26,72.59,1,Yes,1,Right_Discount,4,Interested
4972,32,Male,Mobile,5.44,14,13,1,0,4.87,27.41,1,Yes,1,Right_Discount,3,Interested
4973,44,Male,Desktop,12.48,9,14,0,0,17.88,43.59,1,Yes,1,Right_Discount,5,Interested
4974,30,Female,Desktop,20.02,10,13,1,0,28.01,89.98,1,Yes,1,Right_Discount,7,Interested
4975,48,Male,Mobile,25.02,15,6,1,0,0,12.53,1,Yes,1,Right_Discount,3,Interested
4976,52,Male,Mobile,23.95,18,2,0,1,14.94,3.8,1,Yes,1,Right_Discount,4,Interested
4977,23,Male,Mobile,21.93,19,12,0,0,30.57,56.05,1,Yes,0,Others,9,Interested
4978,22,Female,Mobile,11.41,7,13,1,0,14.2,69.99,1,Yes,0,Others,0,Technical Error
4979,39,Male,Desktop,4.55,19,14,0,0,3.69,52.82,1,Yes,1,Right_Discount,9,Interested
4980,40,Female,Desktop,7.29,5,11,1,1,5.87,33.96,1,Yes,1,Right_Discount,0,Technical Error
4981,42,Male,Tablet,26.08,18,13,1,1,21.44,36.14,1,Yes,0,Others,7,Interested
4982,51,Male,Mobile,25.86,1,10,0,1,35.2,14.96,1,Yes,1,Right_Discount,6,Interested
4983,43,Male,Mobile,28.6,12,3,1,1,21.17,31.17,1,Yes,0,Others,4,Interested
4984,22,Female,Desktop,3.2,6,0,0,0,3.68,75.89,1,Yes,0,Others,8,Interested
4985,43,Female,Desktop,16.57,13,8,1,0,22.11,49.91,1,Yes,0,Others,0,Technical Error
4986,37,Female,Desktop,19.81,17,13,1,0,17.58,89.08,0,No,0,Others,2,Not Interested
4987,23,Female,Mobile,21.61,9,9,1,0,12.13,16.8,1,Yes,1,Right_Discount,5,Interested
4988,23,Female,Mobile,19.67,1,9,1,1,24.76,44.24,1,Yes,0,Others,0,Technical Error
4989,35,Male,Mobile,23.33,12,1,0,1,12.13,70.16,1,Yes,1,Right_Discount,5,Interested
4990,21,Male,Mobile,11.42,1,9,0,0,15.2,27.23,1,Yes,1,Right_Discount,1,Interested
4991,34,Female,Mobile,6.2,4,6,1,1,0,26.68,1,Yes,1,Right_Discount,9,Interested
4992,31,Female,Desktop,6.93,7,7,0,1,9.02,10.56,1,Yes,0,Others,4,Interested
4993,31,Male,Mobile,1.35,5,13,0,0,1.41,89.29,1,Yes,0,Others,9,Interested
4994,30,Female,Mobile,11.16,5,3,1,1,9.59,17.25,1,Yes,0,Others,1,Interested
4995,24,Male,Desktop,3.66,7,10,1,0,5.12,97.01,1,Yes,1,Right_Discount,0,Technical Error
4996,32,Female,Mobile,10.32,17,10,1,1,13.08,44.88,1,Yes,1,Right_Discount,3,Interested
4997,36,Male,Desktop,19.22,12,14,0,0,11.16,98.18,1,Yes,0,Others,1,Interested
4998,52,Female,Mobile,26.94,15,9,1,0,38.54,4.04,1,Yes,1,Right_Discount,8,Interested
4999,34,Female,Mobile,25.35,3,0,1,0,24.51,56.71,1,Yes,0,Others,2,Interested
5000,52,Male,Tablet,8.33,17,4,1,0,5.41,69.08,1,Yes,0,Others,8,Interested
5001,36,Male,Tablet,4.89,14,9,0,0,6.22,51.63,1,Yes,1,Right_Discount,3,Interested
0,37,Female,Mobile,6.6,0,9,0,1,6.72,57.01,1,Yes,1,Right_Discount,9,Interested
5003,53,Female,Desktop,29.16,15,5,0,0,34.2,53.84,1,Yes,0,Others,6,Interested
5004,52,Male,Mobile,16.93,15,6,0,0,20.22,14.95,1,Yes,0,Others,6,Interested
5005,49,Female,Mobile,6.29,19,0,0,1,4.39,53.19,1,Yes,1,Right_Discount,5,Interested
5006,57,Male,Mobile,25.38,11,12,0,1,37.33,54.17,1,Yes,1,Right_Discount,7,Interested
5007,41,Male,Mobile,12.46,0,3,1,1,7.55,35.56,1,Yes,1,Right_Discount,5,Interested
5008,34,Female,Desktop,27.08,10,11,1,1,29.94,60.75,1,Yes,1,Right_Discount,8,Interested
5009,24,Male,Desktop,8.56,9,4,0,0,5.53,41.19,1,Yes,0,Others,4,Interested
5010,18,Unknown,Tablet,12.4,3,4,0,0,17.08,75.52,1,Yes,0,Others,2,Interested
5011,52,Female,Desktop,15.64,1,6,0,1,10.53,3.82,1,Yes,0,Others,4,Interested
5012,49,Male,Mobile,26.89,11,3,0,1,25.3,1,1,Yes,0,Others,3,Interested
5013,53,Male,Desktop,26.19,16,9,1,1,15.37,52.39,1,Yes,0,Others,2,Interested
5014,30,Male,Tablet,17.66,3,6,1,0,16.74,98.92,1,Yes,0,Others,0,Technical Error
5015,23,Male,Desktop,7.43,9,7,0,0,3.75,44.55,1,Yes,0,Others,7,Interested
5016,31,Female,Desktop,12.7,11,1,1,1,11.98,1.19,1,Yes,0,Others,3,Interested
5017,54,Male,Tablet,29.29,17,13,1,0,34.79,31.71,1,Yes,1,Right_Discount,2,Interested
5018,32,Female,Mobile,18.63,1,0,0,0,12.72,46.73,1,Yes,1,Right_Discount,3,Interested
5019,21,Male,Unknown,23.65,9,12,0,0,24.9,90.11,1,Yes,0,Others,0,Technical Error
5020,57,Female,Desktop,14.05,3,9,0,1,13.69,12.13,1,Yes,1,Right_Discount,5,Interested
5021,33,Male,Tablet,16.43,10,9,1,0,13.72,92.44,1,Yes,0,Others,2,Interested
5022,45,Female,Mobile,13.44,5,0,0,1,15.74,94.02,1,Yes,0,Others,7,Interested
5023,33,Male,Mobile,21.38,11,12,0,1,31.97,64.1,1,Yes,1,Right_Discount,9,Interested
5024,21,Male,Desktop,25.69,5,0,1,1,36.94,22.52,1,Yes,0,Others,4,Interested
5025,43,Male,Mobile,15.71,0,8,0,0,23.1,53.67,1,Yes,1,Right_Discount,8,Interested
5026,45,Male,Desktop,14.95,14,3,1,0,7.78,81.67,1,Yes,0,Others,8,Interested
5027,49,Female,Mobile,10.87,12,8,0,0,8.22,35.8,1,Yes,0,Others,1,Interested
5028,19,Female,Mobile,6.14,19,6,1,1,0,90.53,1,Yes,1,Right_Discount,4,Interested
5029,48,Male,Mobile,28.24,9,14,1,1,15.48,8.69,1,Yes,1,Right_Discount,6,Interested
0,20,Female,Mobile,0,7,6,0,1,8.8,30.72,1,Yes,0,Others,6,Interested
5031,25,Male,Mobile,24.22,16,12,0,1,27.91,99.32,1,Yes,1,Right_Discount,9,Interested
5032,41,Male,Mobile,0,7,1,0,1,32.25,58.39,1,Yes,1,Right_Discount,2,Interested
5033,32,Female,Mobile,23.94,14,1,0,1,18.57,59.03,1,Yes,1,Right_Discount,6,Interested
5034,48,Female,Mobile,28.17,8,11,0,1,35.61,23.99,1,Yes,1,Right_Discount,6,Interested
5035,26,Female,Mobile,19.08,18,4,1,1,22.14,85.76,1,Yes,1,Right_Discount,3,Interested
5036,56,Male,Mobile,27.04,3,14,0,0,30.11,42.91,1,Yes,0,Others,6,Interested
5037,19,Male,Mobile,5.86,2,9,0,1,7.28,79.35,1,Yes,0,Others,7,Interested
5038,25,Female,Desktop,19.17,5,0,0,1,14.45,81.07,1,Yes,1,Right_Discount,2,Interested
5039,24,Male,Mobile,23.4,8,6,1,1,19.63,17.49,1,Yes,0,Others,1,Interested
5040,56,Female,Mobile,8.88,19,14,0,0,9.42,50.18,1,Yes,0,Others,8,Interested
5041,59,Female,Desktop,22.48,9,10,1,0,21.11,38.4,1,Yes,1,Right_Discount,6,Interested
5042,33,Female,Mobile,23.58,2,6,1,1,28.81,15.48,1,Yes,1,Right_Discount,0,Technical Error
5043,52,Female,Tablet,25.1,15,10,0,0,32.65,12.34,1,Yes,1,Right_Discount,9,Interested
5044,47,Female,Desktop,10.07,8,7,0,1,10.35,4.58,1,Yes,0,Others,9,Interested
5045,27,Female,Mobile,20.77,10,6,1,0,18.57,70.2,1,Yes,0,Others,8,Interested
5046,55,Male,Mobile,9.82,0,7,1,0,13.86,78.22,1,Yes,0,Others,4,Interested
5047,35,Male,Mobile,22.43,19,14,1,1,28.03,47.14,1,Yes,1,Right_Discount,1,Interested
5048,22,Female,Mobile,14.43,1,14,1,0,16.93,56.39,1,Yes,1,Right_Discount,6,Interested
5049,46,Female,Mobile,18.33,2,2,1,1,10.22,26.2,1,Yes,0,Others,8,Interested
5050,56,Female,Mobile,13.06,0,2,0,1,13.42,71.48,1,Yes,1,Right_Discount,2,Interested
5051,51,Male,Desktop,5.7,14,7,1,0,3.54,58.4,1,Yes,1,Right_Discount,3,Interested
5052,40,Female,Mobile,6.16,15,8,1,0,7.15,88.23,1,Yes,1,Right_Discount,8,Interested
5053,22,Female,Mobile,3.25,14,9,1,1,2.6,74.61,1,Yes,0,Others,1,Interested
5054,47,Female,Desktop,18.92,8,0,1,1,23.43,1.89,1,Yes,1,Right_Discount,3,Interested
5055,23,Male,Mobile,25.61,18,7,1,1,32.73,80.98,1,Yes,0,Others,4,Interested
5056,21,Female,Mobile,1.6,17,0,0,1,1.28,2.71,1,Yes,1,Right_Discount,3,Interested
5057,46,Male,Mobile,2.92,7,1,0,0,4.31,81.38,1,Yes,1,Right_Discount,6,Interested
5058,40,Male,Mobile,14.27,1,12,1,0,14.51,98.73,1,Yes,1,Right_Discount,5,Interested
5059,23,Female,Tablet,22.39,9,9,0,1,16.07,48.09,1,Yes,0,Others,8,Interested
5060,49,Male,Mobile,5.57,9,9,1,1,7.1,22.69,1,Yes,1,Right_Discount,3,Interested
5061,59,Male,Mobile,8.88,11,9,0,1,11.2,0.96,1,Yes,1,Right_Discount,8,Interested
5062,35,Male,Mobile,7.73,19,8,0,1,7.06,15.03,1,Yes,0,Others,0,Technical Error
5063,32,Female,Mobile,12.57,6,1,0,0,14.56,50.38,1,Yes,1,Right_Discount,5,Interested
5064,57,Male,Mobile,7.52,7,14,0,1,3.92,80.66,1,Yes,0,Others,6,Interested
5065,49,Female,Desktop,11.23,15,1,1,1,8.89,87.15,1,Yes,1,Right_Discount,8,Interested
5066,26,Female,Tablet,22.13,6,7,0,0,30.57,68.36,1,Yes,0,Others,0,Technical Error
5067,54,Female,Mobile,18.72,9,4,1,0,13.71,8.68,1,Yes,0,Others,0,Technical Error
5068,27,Male,Mobile,3.35,15,4,0,1,4.71,99.13,1,Yes,0,Others,1,Interested
5069,37,Female,Desktop,19.49,6,10,0,0,21.05,74.71,1,Yes,1,Right_Discount,5,Interested
5070,23,Male,Mobile,14.84,7,5,0,1,20.82,42.65,1,Yes,1,Right_Discount,2,Interested
5071,20,Male,Mobile,28.1,17,7,1,0,17.73,81.37,1,Yes,0,Others,5,Interested
5072,59,Male,Mobile,9.39,6,7,0,1,9.05,58.86,1,Yes,0,Others,1,Interested
5073,28,Male,Mobile,22.06,9,8,0,1,17.57,60.28,1,Yes,0,Others,9,Interested
5074,34,Female,Mobile,22.19,3,9,0,1,30.78,97.13,1,Yes,0,Others,5,Interested
5075,49,Female,Desktop,7.42,14,10,1,0,6.24,80.11,1,Yes,0,Others,6,Interested
5076,21,Male,Desktop,27.19,6,2,0,0,29.6,26.22,1,Yes,0,Others,5,Interested
5077,21,Female,Mobile,15.24,4,8,0,0,20.23,17.52,1,Yes,0,Others,1,Interested
5078,34,Female,Mobile,20.69,16,13,1,1,15.08,17.23,1,Yes,1,Right_Discount,4,Interested
5079,58,Female,Tablet,5.23,16,10,0,0,2.85,45.45,1,Yes,1,Right_Discount,9,Interested
5080,36,Male,Mobile,8.48,9,2,0,1,8.43,38.86,1,Yes,0,Others,5,Interested
5081,22,Female,Desktop,18,4,0,1,1,21.31,45.28,1,Yes,1,Right_Discount,7,Interested
5082,49,Male,Mobile,10.25,8,11,0,1,12.5,6.27,1,Yes,0,Others,8,Interested
5083,39,Female,Mobile,15.49,8,10,1,0,14.21,20.21,1,Yes,1,Right_Discount,4,Interested
5084,23,Male,Mobile,0,6,4,1,0,6.86,0,1,Yes,1,Right_Discount,6,Interested
5085,52,Male,Desktop,19.58,8,6,1,0,17.68,75.76,1,Yes,0,Others,3,Interested
5086,39,Male,Mobile,15.13,0,2,0,0,9.41,39.33,1,Yes,1,Right_Discount,9,Interested
5087,18,Female,Mobile,1.13,14,8,1,0,0.65,39.05,1,Yes,1,Right_Discount,4,Interested
5088,37,Male,Mobile,19.84,14,0,1,0,15.94,88.38,1,Yes,1,Right_Discount,0,Technical Error
5089,0,Female,Desktop,13.24,18,5,0,1,16.91,18.19,1,Yes,1,Right_Discount,2,Interested
5090,28,Male,Tablet,10.91,13,14,0,1,13.84,35.72,1,Yes,0,Others,1,Interested
5091,30,Unknown,Tablet,3.73,15,11,0,0,4.13,76.35,1,Yes,0,Others,5,Interested
5092,59,Male,Tablet,7.39,3,11,1,1,9.8,57.46,1,Yes,1,Right_Discount,8,Interested
5093,20,Female,Mobile,7.49,6,5,1,0,7.5,0,1,Yes,1,Right_Discount,9,Interested
5094,26,Male,Mobile,28.13,17,13,1,1,20.91,1.18,1,Yes,0,Others,2,Interested
5095,29,Male,Mobile,13.54,16,12,0,0,14.49,1.91,1,Yes,1,Right_Discount,1,Interested
5096,40,Male,Mobile,2.22,6,7,1,0,3.16,65.6,1,Yes,0,Others,1,Interested
5097,31,Female,Desktop,5.03,8,14,1,0,2.7,62.25,1,Yes,1,Right_Discount,5,Interested
5098,50,Male,Desktop,3.29,13,12,0,1,4.82,4.45,1,Yes,1,Right_Discount,9,Interested
5099,35,Unknown,Mobile,18.08,13,2,1,0,22.5,13.2,1,Yes,1,Right_Discount,5,Interested
5100,58,Male,Desktop,6.41,17,11,0,1,7.6,72.26,1,Yes,0,Others,4,Interested
0,26,Male,Tablet,15.46,3,4,0,0,17.22,30.96,1,Yes,1,Right_Discount,8,Interested
5102,40,Female,Mobile,11.73,13,10,1,1,8.89,99.17,1,Yes,0,Others,6,Interested
5103,27,Male,Mobile,24.31,7,9,1,0,33.69,31.25,1,Yes,0,Others,6,Interested
5104,36,Male,Unknown,10.29,5,10,1,1,15.14,33.57,1,Yes,0,Others,0,Technical Error
5105,22,Female,Mobile,14.29,11,14,1,1,20.35,41.95,1,Yes,0,Others,9,Interested
5106,40,Female,Mobile,21.92,0,4,0,1,13.35,82.77,1,Yes,1,Right_Discount,9,Interested
5107,47,Female,Mobile,13.57,4,7,0,0,16.78,55.73,1,Yes,0,Others,1,Interested
5108,42,Male,Mobile,24,7,6,1,0,25.36,85.72,1,Yes,0,Others,2,Interested
5109,45,Female,Tablet,20.19,4,2,0,1,0,42.72,1,Yes,0,Others,4,Interested
5110,51,Female,Mobile,12.91,10,14,0,0,11,60.83,1,Yes,0,Others,3,Interested
5111,42,Female,Mobile,15.62,1,6,1,0,22.76,0.46,1,Yes,1,Right_Discount,7,Interested
5112,27,Male,Tablet,29.05,17,9,0,0,23.61,57.55,1,Yes,0,Others,3,Interested
5113,31,Male,Mobile,20.19,5,7,1,0,24.99,8.05,1,Yes,0,Others,5,Interested
5114,59,Male,Mobile,27.24,17,4,1,1,27.34,19.3,1,Yes,0,Others,8,Interested
5115,47,Female,Desktop,6.18,3,10,0,1,6.9,99.75,1,Yes,0,Others,1,Interested
5116,58,Male,Mobile,15.01,9,4,1,1,9.24,63.72,1,Yes,1,Right_Discount,7,Interested
5117,42,Female,Desktop,27.35,3,13,0,1,30.38,86.93,1,Yes,0,Others,4,Interested
5118,31,Female,Mobile,10.36,3,13,0,1,11.02,5.73,1,Yes,1,Right_Discount,9,Interested
5119,52,Female,Mobile,29.06,9,10,0,1,35.42,38.46,1,Yes,0,Others,5,Interested
5120,0,Male,Mobile,3.82,5,0,0,1,3.01,86.24,1,Yes,1,Right_Discount,2,Interested
5121,27,Female,Mobile,27.18,10,12,1,0,36.21,41.08,1,Yes,0,Others,7,Interested
5122,52,Female,Desktop,13.91,15,7,1,1,20.1,25.36,1,Yes,0,Others,0,Technical Error
5123,28,Male,Desktop,3.14,12,12,0,1,4.34,48.1,1,Yes,0,Others,0,Technical Error
5124,28,Female,Tablet,26.51,6,5,0,1,23.63,47.09,1,Yes,0,Others,0,Technical Error
5125,38,Female,Desktop,8.31,7,5,1,0,10.49,99.07,1,Yes,1,Right_Discount,7,Interested
5126,38,Female,Mobile,1.65,7,14,1,0,1.43,35.45,1,Yes,0,Others,1,Interested
5127,39,Male,Desktop,4.94,4,4,0,1,6.73,95.73,1,Yes,1,Right_Discount,4,Interested
5128,24,Female,Desktop,20.11,13,4,1,1,17.6,91.2,1,Yes,0,Others,1,Interested
5129,34,Male,Desktop,29.36,15,13,0,0,20.14,44.95,1,Yes,0,Others,3,Interested
5130,19,Male,Desktop,4.23,18,2,1,0,4.18,94.5,1,Yes,1,Right_Discount,8,Interested
5131,29,Female,Mobile,14.4,18,11,0,1,9.15,72.89,1,Yes,0,Others,1,Interested
5132,59,Female,Mobile,6.24,7,14,1,1,6.78,88.5,1,Yes,1,Right_Discount,3,Interested
5133,35,Female,Desktop,22.61,10,2,1,1,24.34,89.18,1,Yes,0,Others,9,Interested
5134,28,Female,Mobile,4.42,16,1,1,1,4.38,8.55,1,Yes,0,Others,4,Interested
5135,33,Male,Mobile,7.96,8,8,0,0,8.79,89.68,1,Yes,1,Right_Discount,9,Interested
5136,35,Male,Desktop,6.7,19,7,0,1,9.88,48.96,1,Yes,0,Others,9,Interested
0,52,Female,Mobile,17.02,11,10,0,1,15.03,63.7,1,Yes,1,Right_Discount,4,Interested
5138,43,Male,Mobile,26.32,6,2,1,0,24.29,30.05,1,Yes,0,Others,4,Interested
5139,33,Female,Mobile,15.82,10,4,0,1,12.25,64.55,1,Yes,0,Others,9,Interested
5140,23,Female,Desktop,2.69,19,14,1,0,1.84,2.71,1,Yes,1,Right_Discount,9,Interested
5141,59,Female,Mobile,17.34,14,9,0,0,13.68,37.12,1,Yes,0,Others,1,Interested
5142,29,Female,Desktop,24.13,6,14,0,0,17.2,62.86,1,Yes,0,Others,7,Interested
5143,30,Male,Mobile,4.83,4,4,0,1,4.5,19.69,1,Yes,1,Right_Discount,4,Interested
5144,21,Male,Mobile,3.11,15,7,1,0,2.28,67.26,1,Yes,1,Right_Discount,5,Interested
5145,56,Female,Mobile,0,5,5,0,0,6.56,82.89,1,Yes,0,Others,7,Interested
5146,19,Female,Desktop,22.64,16,6,0,1,17.8,3.73,1,Yes,0,Others,7,Interested
5147,43,Male,Mobile,18.16,7,4,1,1,16.79,0,1,Yes,0,Others,9,Interested
5148,44,Male,Tablet,16.68,2,11,1,1,10.5,58.06,1,Yes,1,Right_Discount,6,Interested
5149,44,Male,Tablet,8.23,13,0,1,1,5.46,78.21,1,Yes,0,Others,7,Interested
5150,32,Female,Desktop,10.63,2,7,0,1,11.84,69.75,1,Yes,0,Others,9,Interested
5151,25,Male,Tablet,29.01,9,3,1,1,30.91,45.46,1,Yes,0,Others,6,Interested
5152,24,Female,Mobile,7.98,5,4,1,1,5.36,35.45,1,Yes,1,Right_Discount,9,Interested
5153,57,Female,Mobile,27.15,3,0,0,1,21.58,98.56,1,Yes,0,Others,5,Interested
5154,29,Male,Desktop,17.84,2,2,1,1,12.87,50.18,1,Yes,0,Others,4,Interested
5155,30,Female,Desktop,4.58,14,14,1,1,5.94,40.79,1,Yes,0,Others,4,Interested
5156,34,Male,Desktop,0,8,1,0,0,12.58,99.3,1,Yes,0,Others,7,Interested
5157,34,Female,Desktop,28.51,12,11,1,1,25.83,0,1,Yes,0,Others,0,Technical Error
5158,53,Female,Tablet,13.14,17,1,0,0,15.31,18.61,1,Yes,1,Right_Discount,1,Interested
5159,38,Female,Mobile,26.04,16,12,1,0,21.5,97.65,1,Yes,1,Right_Discount,0,Technical Error
5160,25,Female,Desktop,8.44,6,0,1,1,0,65.77,1,Yes,1,Right_Discount,9,Interested
5161,22,Unknown,Desktop,17.56,6,5,0,1,22.79,51.97,1,Yes,0,Others,6,Interested
5162,43,Female,Desktop,25.47,18,14,0,1,32.97,6.78,1,Yes,1,Right_Discount,8,Interested
5163,33,Male,Mobile,27.7,2,14,0,1,30.6,35.59,1,Yes,0,Others,6,Interested
5164,53,Male,Desktop,15.09,8,7,1,0,15.98,43.33,1,Yes,1,Right_Discount,8,Interested
5165,45,Female,Tablet,19.55,14,2,0,1,13.31,51.14,1,Yes,0,Others,3,Interested
5166,46,Male,Mobile,1.09,2,0,1,0,1.06,43.66,1,Yes,0,Others,6,Interested
5167,29,Female,Desktop,8.34,17,13,0,0,6.46,43.81,1,Yes,1,Right_Discount,9,Interested
0,54,Male,Mobile,9.08,16,9,1,1,11.17,99.48,1,Yes,0,Others,9,Interested
5169,47,Male,Tablet,3.71,18,1,1,1,4.18,97.4,1,Yes,1,Right_Discount,6,Interested
5170,40,Female,Mobile,9.11,6,2,0,0,8,8.62,1,Yes,1,Right_Discount,9,Interested
5171,33,Male,Mobile,10.31,17,5,1,1,10.67,16.86,1,Yes,0,Others,9,Interested
5172,31,Female,Mobile,29.09,18,13,1,1,26.79,94.16,1,Yes,0,Others,1,Interested
5173,27,Male,Unknown,0,14,2,1,1,13.18,31.9,1,Yes,0,Others,1,Interested
5174,24,Female,Mobile,13.35,10,8,0,1,17.1,61.15,1,Yes,1,Right_Discount,7,Interested
5175,54,Male,Desktop,29.65,4,11,0,1,41.46,79.79,1,Yes,0,Others,1,Interested
5176,46,Female,Tablet,5.44,18,0,1,1,7.78,47.09,1,Yes,0,Others,0,Technical Error
5177,20,Male,Desktop,14.81,11,6,1,1,19.09,1.66,1,Yes,0,Others,0,Technical Error
5178,32,Female,Mobile,19.76,16,9,0,0,26.12,82.81,1,Yes,0,Others,0,Technical Error
5179,53,Male,Tablet,2.61,4,7,0,1,1.45,75.62,1,Yes,1,Right_Discount,5,Interested
5180,36,Female,Desktop,21.79,19,8,0,0,27.93,4.14,1,Yes,1,Right_Discount,4,Interested
5181,30,Male,Mobile,3.9,6,7,1,0,3.13,89.74,1,Yes,1,Right_Discount,6,Interested
5182,59,Female,Mobile,5.07,8,4,1,1,3.23,85.7,1,Yes,1,Right_Discount,2,Interested
5183,38,Male,Mobile,5.63,18,0,1,1,5.75,27.5,1,Yes,0,Others,4,Interested
5184,54,Female,Desktop,27.94,19,14,0,1,29.91,8.01,1,Yes,0,Others,1,Interested
5185,44,Female,Mobile,20.81,18,0,0,0,20.49,40.32,1,Yes,1,Right_Discount,8,Interested
5186,46,Unknown,Mobile,20.01,16,13,1,0,23.07,87.49,1,Yes,1,Right_Discount,8,Interested
5187,37,Female,Desktop,17.11,7,14,0,1,20.78,48.24,1,Yes,1,Right_Discount,3,Interested
5188,42,Male,Unknown,9.49,17,7,1,1,6.05,28.16,1,Yes,0,Others,1,Interested
5189,23,Male,Desktop,19.01,3,6,0,1,21.23,23.18,1,Yes,1,Right_Discount,9,Interested
5190,53,Male,Desktop,12.89,15,4,0,1,7.15,35.5,1,Yes,0,Others,7,Interested
5191,19,Female,Mobile,5.22,4,9,1,0,4.95,99.39,1,Yes,0,Others,3,Interested
5192,39,Female,Desktop,21,16,2,1,0,12.6,87.84,1,Yes,1,Right_Discount,4,Interested
5193,49,Female,Mobile,4.76,14,8,1,0,4.52,54.7,1,Yes,1,Right_Discount,3,Interested
5194,33,Female,Mobile,6.53,17,3,0,0,4.41,80.84,1,Yes,1,Right_Discount,1,Interested
5195,35,Female,Desktop,24.71,9,13,0,0,30.5,31.63,1,Yes,1,Right_Discount,5,Interested
5196,22,Male,Mobile,20.14,7,5,0,1,28.19,61.52,1,Yes,1,Right_Discount,0,Technical Error
5197,53,Male,Tablet,19.3,14,10,0,0,12.92,87.28,1,Yes,1,Right_Discount,7,Interested
5198,47,Male,Mobile,13.13,12,3,0,1,16.24,36.77,1,Yes,0,Others,0,Technical Error
5199,36,Female,Mobile,12.49,17,8,0,0,8.07,80.04,1,Yes,1,Right_Discount,4,Interested
5200,40,Female,Tablet,21.02,9,3,1,0,19.63,61.43,1,Yes,1,Right_Discount,8,Interested
5201,51,Female,Mobile,22.46,12,13,0,1,25.28,61.54,1,Yes,0,Others,0,Technical Error
5202,30,Female,Desktop,15.8,12,7,0,0,16.4,4.11,1,Yes,0,Others,9,Interested
5203,46,Unknown,Mobile,29.11,8,10,0,1,16.22,89.93,0,No,0,Others,6,Not Interested
5204,53,Female,Desktop,28.72,10,11,0,1,24.78,77.61,1,Yes,1,Right_Discount,6,Interested
5205,39,Female,Mobile,12.96,12,11,0,1,12.57,3.65,0,No,0,Others,4,Not Interested
5206,53,Male,Mobile,24.8,5,2,1,1,22.11,61.07,1,Yes,0,Others,3,Interested
5207,26,Male,Mobile,16.75,1,7,0,0,19.52,74.59,1,Yes,1,Right_Discount,8,Interested
5208,56,Female,Mobile,15.84,9,14,1,0,21.99,79.51,1,Yes,1,Right_Discount,4,Interested
5209,36,Female,Desktop,2.59,15,0,1,1,3.02,8.85,1,Yes,0,Others,0,Technical Error
5210,55,Female,Mobile,17.65,2,2,0,1,19.24,63.99,1,Yes,1,Right_Discount,8,Interested
5211,23,Male,Mobile,27.12,4,13,0,0,17.6,23.3,1,Yes,1,Right_Discount,4,Interested
5212,32,Male,Mobile,23.62,4,10,1,0,20.05,45.14,1,Yes,1,Right_Discount,8,Interested
5213,37,Female,Desktop,23.8,3,4,0,1,24.95,52.65,1,Yes,0,Others,7,Interested
5214,26,Male,Desktop,5.64,16,0,0,1,8.09,2.73,1,Yes,1,Right_Discount,9,Interested
5215,49,Male,Mobile,11.4,8,5,0,1,9.17,29.95,1,Yes,1,Right_Discount,6,Interested
5216,21,Male,Mobile,7.76,7,14,0,1,6.5,79.74,1,Yes,0,Others,5,Interested
5217,35,Female,Mobile,10.16,12,10,0,0,11.07,84.23,1,Yes,0,Others,8,Interested
5218,22,Male,Desktop,17.81,12,1,1,1,24.93,33,1,Yes,0,Others,3,Interested
5219,37,Male,Mobile,11.58,4,11,1,0,12.08,44.18,1,Yes,0,Others,4,Interested
5220,40,Female,Mobile,17.26,15,2,1,1,11.64,83.12,1,Yes,1,Right_Discount,0,Technical Error
5221,28,Female,Desktop,0,6,10,1,1,7.9,20.08,1,Yes,1,Right_Discount,6,Interested
5222,54,Male,Tablet,9.31,3,0,1,0,12.93,73.1,1,Yes,1,Right_Discount,5,Interested
5223,39,Female,Mobile,3.77,7,10,0,0,4.41,40.73,1,Yes,1,Right_Discount,6,Interested
5224,21,Male,Desktop,26.86,6,5,0,0,19.35,98.71,1,Yes,1,Right_Discount,0,Technical Error
5225,46,Male,Mobile,1.33,1,4,0,0,1.63,60.18,1,Yes,1,Right_Discount,6,Interested
5226,51,Female,Tablet,1.05,0,9,1,1,1.28,14.81,1,Yes,1,Right_Discount,6,Interested
5227,30,Female,Mobile,24.98,1,1,0,1,31.78,17.19,1,Yes,0,Others,7,Interested
5228,59,Male,Mobile,29.91,16,14,0,1,41.64,2.73,1,Yes,1,Right_Discount,1,Interested
5229,26,Female,Desktop,22.09,3,10,1,1,14.4,71.48,1,Yes,1,Right_Discount,0,Technical Error
5230,59,Female,Mobile,1.44,2,7,1,0,2.1,44.33,1,Yes,0,Others,0,Technical Error
5231,48,Male,Mobile,7.57,6,8,1,1,11.34,1.1,1,Yes,1,Right_Discount,7,Interested
5232,24,Male,Mobile,29.18,8,13,0,0,15.01,10.14,1,Yes,0,Others,0,Technical Error
5233,21,Male,Desktop,24.45,7,0,1,1,14.46,28.94,1,Yes,0,Others,8,Interested
5234,36,Male,Mobile,17.44,0,2,1,1,16.29,42.41,1,Yes,1,Right_Discount,1,Interested
5235,59,Male,Desktop,7.87,19,11,1,0,4.21,93.84,1,Yes,0,Others,3,Interested
5236,47,Male,Mobile,1.42,18,5,0,1,1.75,54.13,1,Yes,1,Right_Discount,7,Interested
5237,48,Female,Mobile,1.6,3,5,1,1,1.84,89.42,1,Yes,0,Others,5,Interested
5238,52,Female,Mobile,18.75,11,13,1,0,23.92,25.05,1,Yes,0,Others,1,Interested
5239,38,Male,Mobile,1.63,11,9,1,0,2.44,33.22,1,Yes,1,Right_Discount,0,Technical Error
5240,48,Female,Desktop,29.82,3,5,0,0,42.74,88.08,1,Yes,1,Right_Discount,1,Interested
5241,36,Female,Desktop,6.32,1,7,1,1,5.06,49.14,1,Yes,0,Others,6,Interested
5242,48,Male,Mobile,21.61,10,11,1,0,19.37,59.02,1,Yes,0,Others,8,Interested
5243,49,Female,Mobile,5.5,2,4,0,0,7.02,57.42,1,Yes,1,Right_Discount,7,Interested
5244,19,Female,Desktop,16.66,17,9,0,1,14.8,64.54,1,Yes,1,Right_Discount,1,Interested
5245,27,Male,Desktop,3.34,9,9,1,0,4,58.9,1,Yes,0,Others,2,Interested
5246,19,Female,Desktop,23.24,18,12,0,1,0,69.44,1,Yes,1,Right_Discount,7,Interested
5247,19,Female,Desktop,17.96,9,7,0,0,16.27,14.73,1,Yes,0,Others,3,Interested
5248,41,Male,Mobile,3.5,11,11,0,1,3.71,71.06,1,Yes,1,Right_Discount,5,Interested
5249,34,Unknown,Desktop,25.61,17,2,1,0,34.35,15.06,1,Yes,1,Right_Discount,1,Interested
5250,49,Female,Mobile,16.86,14,6,1,0,16.48,34.04,1,Yes,0,Others,0,Technical Error
5251,33,Female,Mobile,27.73,18,0,0,0,21.88,83.13,1,Yes,1,Right_Discount,5,Interested
5252,33,Male,Desktop,27.58,18,3,0,0,20.91,60.78,1,Yes,0,Others,7,Interested
5253,56,Male,Unknown,27.69,12,4,0,1,15.84,96.72,1,Yes,0,Others,4,Interested
5254,48,Female,Desktop,3.26,18,6,0,0,2.71,25.23,1,Yes,0,Others,0,Technical Error
5255,41,Female,Mobile,4.51,8,13,1,1,5.35,92.07,1,Yes,0,Others,9,Interested
5256,18,Male,Mobile,29.64,8,5,0,0,16.56,64.19,1,Yes,1,Right_Discount,1,Interested
5257,28,Male,Mobile,15.14,8,12,1,1,11.72,36.92,1,Yes,1,Right_Discount,2,Interested
5258,38,Female,Desktop,7.91,15,5,0,0,4.84,0,1,Yes,0,Others,1,Interested
5259,21,Male,Mobile,23.32,0,12,1,0,21.09,95.49,1,Yes,1,Right_Discount,8,Interested
5260,24,Female,Desktop,8.66,14,14,1,0,5.14,77.96,1,Yes,1,Right_Discount,9,Interested
5261,43,Female,Mobile,22.09,13,1,1,0,27.53,0.65,1,Yes,1,Right_Discount,1,Interested
5262,29,Male,Desktop,25.28,8,10,1,1,36.1,0,1,Yes,1,Right_Discount,2,Interested
5263,48,Male,Tablet,23.74,17,1,1,1,16.44,12.62,1,Yes,1,Right_Discount,8,Interested
5264,34,Female,Mobile,8.95,19,1,1,1,6.72,85.07,1,Yes,1,Right_Discount,2,Interested
5265,50,Female,Mobile,12.65,6,9,1,0,8.35,75.02,1,Yes,0,Others,7,Interested
0,28,Male,Desktop,12.98,17,12,0,1,8.92,63.98,1,Yes,1,Right_Discount,7,Interested
5267,45,Female,Mobile,15.25,4,11,1,1,12.38,69.45,1,Yes,1,Right_Discount,2,Interested
5268,49,Male,Desktop,5.85,7,7,0,1,4.57,0,1,Yes,0,Others,9,Interested
5269,18,Male,Desktop,14.12,17,6,0,1,12.5,34.79,1,Yes,0,Others,9,Interested
5270,45,Male,Mobile,15.81,18,0,0,1,16.2,72.04,1,Yes,0,Others,2,Interested
5271,59,Male,Desktop,16.42,0,8,0,0,20.16,93.51,1,Yes,1,Right_Discount,7,Interested
5272,24,Male,Mobile,24.78,10,10,0,1,34.31,74.97,1,Yes,0,Others,2,Interested
5273,19,Female,Tablet,16,18,10,0,1,15.35,86.73,1,Yes,0,Others,3,Interested
5274,59,Male,Mobile,7.69,7,7,0,1,10.84,23.72,1,Yes,1,Right_Discount,4,Interested
5275,41,Male,Desktop,0,14,12,1,1,23.87,34.93,1,Yes,0,Others,6,Interested
5276,21,Male,Mobile,24.12,14,8,0,1,29.64,50.77,1,Yes,1,Right_Discount,0,Technical Error
5277,36,Male,Mobile,10.26,10,3,0,0,10.49,47.15,1,Yes,1,Right_Discount,7,Interested
5278,43,Male,Mobile,19.71,9,4,0,1,20.17,46.6,1,Yes,1,Right_Discount,2,Interested
5279,28,Male,Desktop,5.26,10,10,0,0,5.43,64.06,1,Yes,1,Right_Discount,6,Interested
5280,57,Male,Mobile,10.92,2,4,0,0,10.83,85.54,1,Yes,1,Right_Discount,9,Interested
5281,28,Female,Desktop,27.37,3,10,0,0,26.24,88.72,1,Yes,1,Right_Discount,2,Interested
5282,20,Female,Mobile,27.43,16,8,1,0,34.96,15.05,1,Yes,1,Right_Discount,8,Interested
5283,29,Female,Desktop,17.68,10,14,0,0,15.69,9.02,1,Yes,1,Right_Discount,9,Interested
5284,20,Female,Desktop,21.37,11,7,0,1,15.1,31.12,1,Yes,0,Others,4,Interested
5285,59,Male,Mobile,25.77,10,12,0,1,16.38,73.72,1,Yes,0,Others,2,Interested
5286,44,Female,Mobile,28.8,12,9,0,0,39.73,79.35,1,Yes,1,Right_Discount,2,Interested
5287,19,Male,Mobile,15.21,14,5,0,0,20.73,38.33,1,Yes,1,Right_Discount,3,Interested
5288,33,Female,Mobile,17.29,9,14,1,0,12.86,31.04,1,Yes,1,Right_Discount,4,Interested
5289,19,Female,Mobile,13.05,13,10,0,0,8.07,13.05,1,Yes,1,Right_Discount,4,Interested
5290,47,Male,Desktop,3.09,6,9,0,1,4.51,23.82,1,Yes,1,Right_Discount,7,Interested
5291,37,Male,Mobile,13.26,11,10,1,1,13.02,10.08,1,Yes,0,Others,9,Interested
5292,55,Female,Desktop,23.93,1,14,0,0,14.2,30.39,1,Yes,0,Others,5,Interested
5293,45,Female,Tablet,24.34,15,9,1,1,17.41,67.61,1,Yes,1,Right_Discount,4,Interested
5294,42,Female,Mobile,26.88,7,0,1,0,32.36,12.9,1,Yes,0,Others,1,Interested
5295,49,Female,Desktop,2.49,11,14,1,1,1.45,32.13,1,Yes,0,Others,4,Interested
5296,27,Male,Mobile,0,17,6,0,0,15.2,52.86,1,Yes,1,Right_Discount,6,Interested
5297,59,Female,Desktop,4.12,5,8,0,1,3.82,32.71,1,Yes,0,Others,2,Interested
5298,57,Female,Mobile,6.82,9,0,1,1,8.09,43.96,1,Yes,1,Right_Discount,6,Interested
5299,50,Female,Desktop,27.11,16,3,1,0,18.96,49.69,1,Yes,0,Others,0,Technical Error
5300,30,Female,Tablet,15.41,11,3,0,0,22.86,77.5,1,Yes,1,Right_Discount,5,Interested
0,58,Female,Mobile,23,17,4,0,1,15.07,84.31,1,Yes,1,Right_Discount,0,Technical Error
5302,59,Male,Desktop,2.87,6,14,1,0,3.15,19.24,1,Yes,1,Right_Discount,6,Interested
5303,54,Male,Mobile,13.09,15,7,1,0,10.84,36.93,1,Yes,0,Others,5,Interested
5304,33,Male,Mobile,20.55,3,10,0,1,13.01,57.52,1,Yes,0,Others,9,Interested
5305,39,Male,Desktop,4.87,9,4,1,0,5.06,49.94,1,Yes,1,Right_Discount,0,Technical Error
5306,37,Male,Mobile,10.45,12,3,0,0,7,8.04,1,Yes,1,Right_Discount,8,Interested
5307,44,Female,Desktop,2.87,19,7,1,1,3.39,34.5,1,Yes,0,Others,4,Interested
5308,58,Male,Mobile,19.89,18,10,1,0,10.59,22.75,1,Yes,0,Others,6,Interested
5309,33,Male,Desktop,29.16,16,4,1,1,29.46,41.73,1,Yes,1,Right_Discount,0,Technical Error
5310,51,Female,Mobile,24.98,8,7,0,1,17.96,33.8,1,Yes,1,Right_Discount,7,Interested
5311,49,Male,Mobile,29.26,19,0,0,0,42.43,69.54,1,Yes,0,Others,7,Interested
5312,43,Male,Mobile,25.52,5,2,0,0,30.89,40.14,1,Yes,0,Others,8,Interested
5313,42,Male,Mobile,25.8,12,6,0,0,32.39,24.15,1,Yes,0,Others,1,Interested
5314,19,Male,Mobile,17.74,6,11,1,1,21.38,61.97,1,Yes,0,Others,5,Interested
5315,29,Female,Mobile,16.03,12,0,0,0,18.69,72.69,1,Yes,0,Others,9,Interested
5316,57,Female,Mobile,12.78,15,0,1,1,8.15,10.83,1,Yes,1,Right_Discount,4,Interested
5317,26,Male,Mobile,24.72,10,4,0,0,37.02,25.12,1,Yes,1,Right_Discount,5,Interested
5318,29,Female,Mobile,6.28,17,5,1,1,7.27,20.88,1,Yes,1,Right_Discount,4,Interested
5319,43,Male,Mobile,2.63,7,13,1,0,3.68,20.11,1,Yes,0,Others,0,Technical Error
5320,26,Female,Mobile,28.49,7,11,0,1,28.6,90.2,1,Yes,1,Right_Discount,1,Interested
5321,27,Female,Tablet,1.11,11,12,1,0,0.87,12.6,1,Yes,1,Right_Discount,2,Interested
5322,49,Female,Mobile,29.33,2,0,1,0,27.49,87.11,1,Yes,1,Right_Discount,6,Interested
5323,51,Female,Mobile,22.14,2,6,0,1,19.91,39.39,1,Yes,1,Right_Discount,9,Interested
5324,37,Female,Mobile,10.53,14,8,0,1,5.43,64.08,1,Yes,0,Others,8,Interested
5325,56,Female,Desktop,21.24,18,8,1,1,24.96,44.09,1,Yes,1,Right_Discount,1,Interested
5326,19,Female,Mobile,24.72,16,2,0,1,30.59,59.87,1,Yes,0,Others,9,Interested
5327,0,Female,Desktop,8.12,11,3,1,1,4.39,55.17,1,Yes,1,Right_Discount,0,Technical Error
5328,53,Female,Mobile,23.36,9,14,0,1,17.43,43.29,1,Yes,0,Others,0,Technical Error
5329,41,Female,Mobile,24.33,7,13,1,0,28.33,27.5,1,Yes,1,Right_Discount,3,Interested
5330,44,Female,Desktop,8.23,4,0,0,1,6.76,93.09,1,Yes,1,Right_Discount,8,Interested
5331,19,Male,Mobile,2.22,16,12,0,0,3.18,91.6,1,Yes,0,Others,3,Interested
5332,48,Female,Mobile,6.92,14,3,0,1,4.24,7.11,1,Yes,0,Others,2,Interested
5333,31,Male,Desktop,6.82,11,13,1,1,9.74,22.35,1,Yes,0,Others,9,Interested
5334,19,Female,Desktop,2.89,8,4,0,1,4.09,57.41,1,Yes,0,Others,7,Interested
5335,46,Male,Desktop,22.05,11,6,0,1,32.1,98.04,1,Yes,1,Right_Discount,8,Interested
5336,32,Male,Desktop,12.02,17,4,1,1,6.94,72.74,1,Yes,1,Right_Discount,4,Interested
5337,29,Male,Desktop,26.65,19,7,0,0,20.58,81.83,1,Yes,0,Others,1,Interested
5338,54,Female,Desktop,8.31,10,6,1,0,6.24,31.42,1,Yes,1,Right_Discount,3,Interested
5339,45,Female,Mobile,14.14,12,0,0,1,19.59,21.89,1,Yes,1,Right_Discount,9,Interested
5340,37,Female,Desktop,19.53,1,11,0,0,25.53,22.6,1,Yes,1,Right_Discount,7,Interested
5341,56,Female,Desktop,26.45,2,1,0,0,17.43,48.33,1,Yes,0,Others,1,Interested
5342,41,Male,Mobile,16.21,18,6,1,1,10.4,85.85,1,Yes,1,Right_Discount,8,Interested
5343,38,Female,Mobile,11.83,7,2,0,1,11.52,21.64,1,Yes,1,Right_Discount,4,Interested
5344,27,Female,Mobile,26.14,16,1,1,1,17.6,57.03,1,Yes,0,Others,6,Interested
5345,31,Female,Desktop,10,13,10,0,0,9.76,80.88,1,Yes,0,Others,4,Interested
0,54,Female,Mobile,3.3,4,11,0,1,4.44,50.04,1,Yes,1,Right_Discount,2,Interested
5347,35,Female,Tablet,13.91,10,13,1,0,13.91,41.69,1,Yes,1,Right_Discount,1,Interested
5348,41,Female,Mobile,23.77,9,8,1,0,29.11,34.65,1,Yes,0,Others,2,Interested
5349,31,Female,Desktop,1.89,18,11,0,1,1.42,60.04,1,Yes,1,Right_Discount,1,Interested
5350,51,Female,Mobile,17.99,9,9,1,0,13.78,81.77,1,Yes,0,Others,1,Interested
5351,29,Male,Desktop,18.24,10,12,1,0,19.95,99.61,1,Yes,0,Others,1,Interested
0,39,Male,Desktop,27.93,8,7,0,1,37.77,86.94,1,Yes,0,Others,1,Interested
5353,23,Female,Desktop,9.31,11,7,1,1,9.6,45.28,1,Yes,0,Others,7,Interested
5354,53,Female,Desktop,9.09,13,2,1,1,6.35,7.92,1,Yes,1,Right_Discount,4,Interested
5355,53,Female,Desktop,13.77,13,10,0,0,9.88,12.05,1,Yes,0,Others,8,Interested
5356,39,Female,Mobile,11.35,16,9,0,1,12.68,2.93,1,Yes,1,Right_Discount,4,Interested
5357,31,Male,Mobile,22.35,13,8,0,1,13.49,0,1,Yes,1,Right_Discount,0,Technical Error
5358,33,Male,Desktop,0,12,7,1,0,11.09,48.16,1,Yes,1,Right_Discount,7,Interested
5359,53,Female,Mobile,23.01,15,11,1,0,13.87,82.06,1,Yes,1,Right_Discount,2,Interested
5360,42,Male,Mobile,24.78,16,1,0,1,22.11,8.57,1,Yes,1,Right_Discount,9,Interested
0,49,Male,Unknown,27.77,8,6,1,0,23.73,22.81,1,Yes,0,Others,9,Interested
5362,50,Unknown,Mobile,13.5,6,7,0,1,6.78,51.07,1,Yes,1,Right_Discount,1,Interested
5363,53,Female,Mobile,29.56,8,11,0,0,19.56,84.98,1,Yes,1,Right_Discount,5,Interested
5364,37,Female,Desktop,7.25,2,6,1,0,6.14,8.76,1,Yes,1,Right_Discount,3,Interested
5365,35,Male,Mobile,21.72,18,8,1,0,20.2,24.34,1,Yes,0,Others,3,Interested
5366,55,Male,Mobile,16.49,11,12,1,1,14.88,54.39,1,Yes,0,Others,8,Interested
5367,20,Female,Mobile,24.69,17,6,1,0,20.24,32.44,1,Yes,0,Others,9,Interested
5368,40,Female,Desktop,14.83,10,11,1,0,0,99.24,1,Yes,0,Others,7,Interested
5369,49,Male,Tablet,23.73,2,6,0,0,21.74,45.21,1,Yes,1,Right_Discount,2,Interested
5370,0,Male,Desktop,0,19,0,1,1,32.01,91.14,1,Yes,1,Right_Discount,8,Interested
5371,22,Female,Mobile,22.24,2,1,1,0,29.63,94.09,1,Yes,0,Others,0,Technical Error
5372,21,Male,Tablet,23.51,6,13,0,1,31.83,25.94,1,Yes,0,Others,6,Interested
5373,38,Female,Desktop,2.95,17,4,0,1,4,32.65,1,Yes,0,Others,6,Interested
5374,57,Female,Desktop,6.94,12,12,0,1,6.9,32.41,1,Yes,0,Others,1,Interested
5375,31,Male,Desktop,29.25,5,12,0,1,33.97,43.63,1,Yes,1,Right_Discount,6,Interested
5376,56,Unknown,Mobile,21.1,2,10,0,1,17.19,6.32,1,Yes,0,Others,6,Interested
5377,48,Male,Mobile,17.28,9,13,1,0,23.53,80.74,1,Yes,1,Right_Discount,8,Interested
5378,31,Female,Mobile,11.64,2,0,0,0,8.3,13.09,1,Yes,1,Right_Discount,5,Interested
5379,23,Female,Mobile,2.29,14,11,0,1,2.95,89.37,1,Yes,0,Others,9,Interested
5380,29,Female,Desktop,11.7,15,9,0,1,11.35,57.66,1,Yes,1,Right_Discount,9,Interested
5381,33,Female,Desktop,15.47,2,14,1,0,12.36,48.15,1,Yes,1,Right_Discount,8,Interested
5382,34,Female,Desktop,7.13,18,6,0,0,6.27,66.08,1,Yes,0,Others,2,Interested
5383,40,Female,Mobile,6.02,12,4,1,1,6.55,93.31,1,Yes,1,Right_Discount,7,Interested
5384,31,Male,Mobile,15.74,7,12,1,1,22.51,29.67,1,Yes,0,Others,3,Interested
5385,24,Female,Mobile,17.99,16,4,1,1,10.75,27.02,1,Yes,0,Others,0,Technical Error
5386,49,Female,Mobile,7.96,19,7,1,1,11.3,36.99,1,Yes,0,Others,6,Interested
5387,32,Female,Mobile,18.03,3,8,1,0,23.72,48.68,1,Yes,1,Right_Discount,2,Interested
5388,34,Female,Desktop,27.11,15,0,0,1,29.48,7.57,1,Yes,1,Right_Discount,3,Interested
5389,58,Male,Mobile,14.72,15,0,1,1,9.28,68,1,Yes,0,Others,2,Interested
5390,0,Female,Tablet,25.86,7,9,1,1,33.94,52.09,1,Yes,0,Others,5,Interested
5391,22,Male,Mobile,27.89,8,3,0,0,33.21,53.99,1,Yes,1,Right_Discount,9,Interested
5392,44,Male,Desktop,3.68,7,14,0,1,3.67,24.96,1,Yes,1,Right_Discount,0,Technical Error
5393,40,Female,Mobile,3.78,3,10,1,1,5.24,84.06,1,Yes,0,Others,9,Interested
5394,57,Female,Mobile,14.81,19,1,0,0,17.25,39.81,1,Yes,1,Right_Discount,6,Interested
5395,31,Male,Desktop,18.05,19,13,1,1,14.23,65.23,1,Yes,1,Right_Discount,9,Interested
5396,32,Male,Desktop,13.35,18,8,0,1,0,24.01,1,Yes,1,Right_Discount,7,Interested
5397,50,Female,Mobile,10.47,7,8,1,0,13.19,81.63,1,Yes,1,Right_Discount,2,Interested
5398,48,Male,Mobile,19.59,19,0,1,1,14.8,29.97,1,Yes,1,Right_Discount,8,Interested
5399,52,Female,Mobile,1.06,5,2,1,1,0.83,92.17,0,No,0,Others,1,Not Interested
5400,34,Female,Desktop,29.07,13,9,0,0,27.61,45.48,1,Yes,0,Others,9,Interested
5401,45,Male,Tablet,7.73,2,7,0,1,9.66,14.52,1,Yes,0,Others,9,Interested
5402,36,Female,Mobile,27.6,18,1,0,1,39.31,61.12,1,Yes,0,Others,8,Interested
5403,40,Female,Mobile,4.16,4,1,0,1,2.98,55.66,1,Yes,0,Others,4,Interested
5404,49,Female,Tablet,7.9,4,1,1,1,10.92,42.14,1,Yes,0,Others,5,Interested
5405,57,Male,Mobile,7.81,8,12,0,0,8.63,81.97,1,Yes,1,Right_Discount,1,Interested
5406,30,Male,Desktop,29.89,11,4,0,1,40.52,42.13,1,Yes,1,Right_Discount,4,Interested
5407,37,Male,Mobile,1.13,1,13,1,0,1.52,13.62,1,Yes,0,Others,5,Interested
5408,52,Female,Mobile,19.55,9,8,1,1,17.45,2.86,1,Yes,1,Right_Discount,4,Interested
5409,22,Male,Mobile,26.22,6,6,0,1,30.89,89.22,1,Yes,0,Others,3,Interested
5410,26,Male,Mobile,20.5,4,12,1,1,29.66,46.67,1,Yes,0,Others,7,Interested
5411,46,Male,Mobile,11.52,6,6,0,1,13.51,56.3,1,Yes,0,Others,1,Interested
5412,23,Female,Desktop,28.79,13,14,0,1,27.59,11.47,0,No,1,Low_Discount,0,Not Interested
5413,42,Female,Desktop,26.91,9,1,0,0,0,48.94,1,Yes,1,Right_Discount,1,Interested
5414,48,Male,Desktop,13.58,14,1,1,1,8.74,53.34,1,Yes,1,Right_Discount,3,Interested
5415,39,Male,Desktop,17.63,12,4,1,1,26.42,46.53,1,Yes,1,Right_Discount,0,Technical Error
5416,19,Male,Mobile,29.06,4,11,1,0,33.65,95.41,1,Yes,0,Others,8,Interested
5417,22,Female,Mobile,29.49,8,13,1,0,22.9,57.14,1,Yes,1,Right_Discount,0,Technical Error
5418,44,Male,Desktop,14.04,17,6,1,1,8.07,97.44,1,Yes,1,Right_Discount,4,Interested
5419,42,Female,Mobile,25.57,5,6,0,0,32.06,15.33,1,Yes,1,Right_Discount,7,Interested
5420,25,Female,Mobile,9.76,3,8,0,1,13.23,91.42,1,Yes,0,Others,8,Interested
5421,18,Female,Mobile,11.78,4,2,1,1,10.93,55.29,1,Yes,0,Others,8,Interested
5422,37,Male,Mobile,5.78,8,13,0,1,8.42,29.61,1,Yes,1,Right_Discount,7,Interested
0,40,Male,Mobile,7.07,16,0,0,0,5.86,74.57,1,Yes,1,Right_Discount,5,Interested
5424,49,Female,Desktop,20.05,11,8,1,1,25.18,55.63,1,Yes,1,Right_Discount,5,Interested
5425,28,Female,Tablet,15.81,2,0,1,0,12.06,57.57,1,Yes,0,Others,8,Interested
5426,56,Female,Desktop,7.7,8,7,1,0,6.44,17.19,1,Yes,1,Right_Discount,1,Interested
5427,41,Female,Tablet,12.68,7,13,0,0,14.02,67.99,1,Yes,0,Others,2,Interested
5428,28,Male,Tablet,11.82,1,14,1,1,6.34,29.41,1,Yes,0,Others,5,Interested
5429,46,Male,Mobile,29.63,2,13,0,1,21.06,35.58,1,Yes,1,Right_Discount,7,Interested
5430,43,Female,Mobile,25.75,13,4,1,1,17.42,90.66,1,Yes,0,Others,6,Interested
5431,33,Female,Desktop,12.25,11,7,1,0,10.14,17.95,1,Yes,1,Right_Discount,7,Interested
5432,52,Female,Mobile,27.5,3,6,1,0,35.13,88.66,1,Yes,1,Right_Discount,4,Interested
5433,37,Male,Mobile,10.94,2,8,1,1,15.4,50.04,1,Yes,1,Right_Discount,8,Interested
5434,20,Female,Mobile,20.37,16,1,1,0,10.44,17.85,1,Yes,1,Right_Discount,5,Interested
5435,18,Male,Mobile,29.03,1,8,0,0,21.98,81.16,1,Yes,0,Others,9,Interested
5436,18,Female,Mobile,12.32,7,9,0,0,6.47,65.25,1,Yes,1,Right_Discount,1,Interested
5437,34,Male,Mobile,20.72,3,4,1,0,28.2,34.68,1,Yes,1,Right_Discount,5,Interested
5438,19,Male,Mobile,9.58,16,4,1,0,6.69,30.07,1,Yes,0,Others,3,Interested
5439,46,Female,Desktop,8.72,6,0,0,1,11.08,42.09,1,Yes,0,Others,4,Interested
5440,37,Male,Mobile,17.65,14,5,1,1,9.41,13.62,1,Yes,1,Right_Discount,4,Interested
5441,23,Male,Desktop,29.4,11,9,1,1,26.41,80.92,1,Yes,0,Others,0,Technical Error
5442,25,Male,Mobile,14.14,19,9,0,1,12.14,27.87,1,Yes,1,Right_Discount,9,Interested
5443,46,Male,Mobile,28.19,1,9,0,1,23.38,82.69,1,Yes,1,Right_Discount,4,Interested
5444,50,Female,Mobile,27.52,13,9,0,0,29.45,73.13,1,Yes,1,Right_Discount,9,Interested
5445,20,Female,Mobile,8.36,9,2,0,0,7.45,94.18,1,Yes,0,Others,8,Interested
5446,52,Female,Desktop,12.65,11,0,0,1,11.43,9.91,1,Yes,1,Right_Discount,7,Interested
5447,22,Female,Desktop,19.66,1,9,1,1,13.55,34.92,1,Yes,0,Others,7,Interested
5448,44,Female,Desktop,16.02,13,2,0,1,14.65,62.39,1,Yes,0,Others,2,Interested
5449,29,Male,Tablet,3.78,1,2,0,1,4.69,85.86,1,Yes,1,Right_Discount,8,Interested
5450,37,Male,Mobile,0,3,12,0,0,24.54,0,1,Yes,1,Right_Discount,8,Interested
5451,37,Male,Mobile,22.83,17,3,0,1,30.98,86.14,1,Yes,1,Right_Discount,9,Interested
5452,26,Male,Mobile,13.69,5,8,0,0,9.12,6.7,1,Yes,0,Others,6,Interested
5453,56,Female,Mobile,18.93,6,12,1,1,25.49,47.44,1,Yes,0,Others,5,Interested
5454,21,Unknown,Mobile,3.54,17,7,1,0,3.95,8.44,1,Yes,1,Right_Discount,8,Interested
5455,36,Male,Mobile,15.36,10,11,0,1,14.19,14.99,1,Yes,0,Others,5,Interested
5456,55,Female,Mobile,27.99,11,5,1,0,14.98,0,0,No,0,Others,2,Not Interested
5457,44,Male,Mobile,27,0,0,1,1,16.92,1.86,1,Yes,0,Others,5,Interested
5458,30,Male,Mobile,10.78,10,7,1,0,9.86,55.54,1,Yes,1,Right_Discount,1,Interested
5459,30,Female,Desktop,16.41,14,0,1,1,22.61,9.83,0,No,1,Low_Discount,1,Not Interested
5460,39,Female,Desktop,21.22,13,8,1,1,30.91,81.13,1,Yes,0,Others,6,Interested
5461,45,Female,Desktop,10.86,4,0,0,0,15.53,80.82,1,Yes,0,Others,7,Interested
5462,39,Female,Desktop,2.88,17,10,1,0,2.23,70.28,1,Yes,1,Right_Discount,6,Interested
5463,36,Female,Mobile,15.66,18,1,0,1,11.85,75.59,1,Yes,0,Others,4,Interested
5464,25,Female,Mobile,18.45,11,8,0,1,22.87,59.08,1,Yes,0,Others,3,Interested
5465,25,Female,Mobile,1.17,10,6,1,0,1.69,48.55,1,Yes,1,Right_Discount,7,Interested
5466,59,Male,Desktop,3.77,18,9,0,0,2.39,41.01,1,Yes,1,Right_Discount,8,Interested
5467,43,Female,Desktop,7.01,19,0,0,0,6.15,66.13,1,Yes,1,Right_Discount,0,Technical Error
5468,43,Male,Mobile,11.09,9,2,1,1,0,38.28,1,Yes,0,Others,0,Technical Error
5469,40,Male,Mobile,16.69,5,13,0,0,16.56,0.28,1,Yes,1,Right_Discount,3,Interested
5470,30,Female,Tablet,9.52,1,0,1,1,12.78,10.07,1,Yes,0,Others,3,Interested
5471,45,Male,Mobile,9.01,5,4,1,0,5.56,65.18,1,Yes,1,Right_Discount,9,Interested
5472,26,Female,Desktop,26.21,3,14,0,0,33.47,36.49,1,Yes,1,Right_Discount,2,Interested
5473,37,Male,Mobile,5.21,1,3,1,0,4.63,98.96,1,Yes,1,Right_Discount,3,Interested
5474,36,Male,Mobile,15.37,19,7,1,1,18.34,35.39,1,Yes,1,Right_Discount,8,Interested
5475,56,Male,Desktop,28.63,6,8,1,0,22.71,10.84,1,Yes,1,Right_Discount,0,Technical Error
5476,29,Female,Desktop,19.13,10,14,1,1,22.8,32.84,1,Yes,1,Right_Discount,1,Interested
5477,32,Male,Desktop,21.8,5,11,1,1,26.21,68.68,1,Yes,0,Others,6,Interested
5478,48,Male,Mobile,13.51,12,3,1,1,12.42,52.83,1,Yes,1,Right_Discount,8,Interested
5479,31,Male,Mobile,1.58,12,14,1,0,2.32,61.03,1,Yes,0,Others,6,Interested
5480,28,Female,Desktop,19.74,17,2,0,1,9.88,11.12,1,Yes,1,Right_Discount,0,Technical Error
5481,43,Male,Mobile,19.33,2,13,1,1,22.7,82.7,1,Yes,0,Others,6,Interested
5482,59,Female,Mobile,0,14,3,1,0,5.92,90.24,1,Yes,0,Others,5,Interested
5483,44,Male,Desktop,14.4,12,2,1,0,19.55,14.53,1,Yes,0,Others,0,Technical Error
5484,28,Male,Mobile,27.54,13,5,0,1,29.32,62.61,1,Yes,1,Right_Discount,0,Technical Error
5485,55,Male,Mobile,6.95,5,0,0,0,9.7,22.98,1,Yes,0,Others,1,Interested
5486,51,Female,Desktop,14.37,5,1,1,1,8.74,18.23,1,Yes,1,Right_Discount,5,Interested
5487,36,Male,Tablet,14.37,17,7,1,1,14.99,20.46,1,Yes,0,Others,3,Interested
5488,23,Male,Mobile,24.51,5,2,1,0,36.31,52.13,1,Yes,1,Right_Discount,3,Interested
5489,55,Male,Mobile,24.91,19,3,0,0,37.15,88.59,1,Yes,0,Others,5,Interested
5490,59,Male,Desktop,23.02,4,11,0,1,27.14,81.86,1,Yes,0,Others,8,Interested
5491,45,Female,Desktop,11.6,7,0,1,1,7.74,14.34,1,Yes,1,Right_Discount,0,Technical Error
5492,18,Male,Desktop,3.09,17,14,0,0,1.89,50.99,1,Yes,0,Others,1,Interested
5493,52,Male,Unknown,11.14,11,2,1,0,0,15.09,1,Yes,0,Others,7,Interested
5494,57,Male,Mobile,20.71,6,0,1,0,28.59,43.8,1,Yes,0,Others,7,Interested
5495,25,Male,Unknown,21.38,13,10,1,1,17.43,56.25,1,Yes,0,Others,5,Interested
5496,24,Female,Desktop,28.99,12,9,0,0,41.5,81.16,1,Yes,1,Right_Discount,5,Interested
5497,28,Male,Desktop,14.16,5,4,0,1,8.93,86.13,1,Yes,0,Others,7,Interested
5498,56,Male,Mobile,19.34,10,0,0,1,15.37,2.77,0,No,1,Low_Discount,1,Not Interested
5499,21,Female,Mobile,16.64,11,11,1,0,19.04,68.92,1,Yes,1,Right_Discount,1,Interested
5500,42,Male,Mobile,5.37,9,8,1,0,3.6,41.02,1,Yes,0,Others,0,Technical Error
5501,29,Male,Tablet,14.37,13,6,0,1,21.4,49.5,1,Yes,0,Others,5,Interested
5502,43,Male,Desktop,16.8,3,10,1,0,12.14,22.18,1,Yes,1,Right_Discount,5,Interested
5503,55,Female,Mobile,28.57,17,7,0,1,21.29,0,1,Yes,0,Others,5,Interested
5504,29,Male,Mobile,11.63,18,8,0,0,11.33,83.54,1,Yes,0,Others,1,Interested
5505,54,Female,Mobile,29.42,5,0,1,1,37.61,23.06,1,Yes,1,Right_Discount,6,Interested
5506,41,Female,Mobile,16.73,16,7,0,1,10.38,88.03,1,Yes,1,Right_Discount,2,Interested
5507,33,Female,Desktop,8.03,16,2,1,1,9.37,6.97,1,Yes,0,Others,0,Technical Error
5508,30,Female,Desktop,6.56,11,6,1,1,3.93,40.84,1,Yes,0,Others,0,Technical Error
5509,42,Female,Unknown,5.11,4,6,1,0,3.04,74.23,1,Yes,0,Others,8,Interested
5510,21,Female,Mobile,14.14,9,13,0,1,7.66,25.67,1,Yes,0,Others,2,Interested
5511,28,Female,Desktop,1.64,0,6,0,1,1.71,96.74,1,Yes,1,Right_Discount,7,Interested
5512,49,Male,Mobile,13.91,12,11,0,0,13.02,63.75,1,Yes,1,Right_Discount,9,Interested
5513,24,Male,Mobile,29.66,16,7,0,1,23.95,21.74,1,Yes,0,Others,6,Interested
5514,28,Female,Tablet,20.43,4,3,1,0,20.98,79.36,1,Yes,1,Right_Discount,1,Interested
5515,45,Female,Desktop,23.03,3,10,0,1,23.07,0,1,Yes,1,Right_Discount,1,Interested
5516,58,Female,Desktop,4.45,4,5,0,0,4.33,24.91,1,Yes,1,Right_Discount,3,Interested
5517,40,Female,Mobile,14.72,2,1,1,0,9.9,82.25,1,Yes,0,Others,1,Interested
5518,40,Female,Mobile,9.3,19,6,1,1,12.99,97.73,1,Yes,1,Right_Discount,4,Interested
5519,45,Female,Mobile,26.93,0,8,1,1,30.16,22.07,1,Yes,0,Others,9,Interested
5520,43,Male,Mobile,6.26,2,4,1,0,3.93,23.45,1,Yes,1,Right_Discount,6,Interested
5521,42,Male,Desktop,14.3,1,3,0,0,10.8,71.71,1,Yes,1,Right_Discount,1,Interested
5522,46,Female,Mobile,18.05,18,1,1,1,22.83,95.07,1,Yes,0,Others,8,Interested
5523,36,Female,Desktop,15.91,8,6,0,1,20.31,69.53,1,Yes,0,Others,0,Technical Error
5524,50,Female,Mobile,25.08,8,1,0,1,30.74,50.46,1,Yes,0,Others,1,Interested
5525,53,Male,Mobile,7.71,10,1,0,1,9.95,10.52,1,Yes,0,Others,6,Interested
5526,31,Female,Tablet,11.94,18,8,1,0,13.11,92.44,1,Yes,0,Others,4,Interested
5527,31,Male,Mobile,23.97,11,1,1,0,18.91,6.91,1,Yes,0,Others,0,Technical Error
5528,52,Male,Mobile,16.31,1,9,0,0,13.99,21.15,1,Yes,0,Others,3,Interested
5529,47,Male,Mobile,12.66,7,2,0,0,12.78,45.07,1,Yes,1,Right_Discount,7,Interested
5530,45,Female,Mobile,1.85,8,2,1,1,1.38,50.06,1,Yes,1,Right_Discount,4,Interested
5531,34,Female,Mobile,22.85,14,1,1,0,30.92,5.52,1,Yes,1,Right_Discount,1,Interested
5532,20,Male,Mobile,29.19,19,9,0,1,36.4,8.23,1,Yes,0,Others,8,Interested
5533,33,Male,Desktop,18.99,8,2,0,1,28.11,12.51,1,Yes,1,Right_Discount,0,Technical Error
5534,47,Unknown,Desktop,25.84,19,8,1,1,23.65,3.97,1,Yes,0,Others,0,Technical Error
5535,46,Male,Mobile,15.99,4,10,1,1,21.92,97.74,1,Yes,1,Right_Discount,9,Interested
5536,32,Female,Mobile,7.72,10,14,0,1,9.87,23.79,1,Yes,0,Others,4,Interested
5537,42,Male,Desktop,1.42,10,10,1,0,1.89,87.95,1,Yes,0,Others,8,Interested
5538,55,Female,Mobile,19.95,4,10,1,0,0,78.43,1,Yes,0,Others,5,Interested
5539,59,Male,Desktop,15.3,8,2,0,0,12.99,70.59,1,Yes,1,Right_Discount,4,Interested
5540,55,Female,Desktop,23.68,7,4,0,1,17.62,65.79,1,Yes,1,Right_Discount,5,Interested
5541,40,Male,Mobile,21.15,15,11,1,0,16.33,49.86,1,Yes,1,Right_Discount,5,Interested
5542,42,Female,Desktop,29.65,8,14,1,1,31.64,56.38,1,Yes,0,Others,8,Interested
5543,59,Female,Tablet,15.8,10,6,1,0,21.8,89.07,1,Yes,1,Right_Discount,8,Interested
5544,24,Female,Desktop,13.39,7,0,1,0,12.71,77.75,1,Yes,1,Right_Discount,4,Interested
5545,0,Male,Mobile,9.32,19,13,1,1,10.24,23.08,1,Yes,1,Right_Discount,3,Interested
5546,34,Female,Mobile,14.83,3,0,1,0,18.3,10.42,1,Yes,1,Right_Discount,0,Technical Error
5547,35,Male,Tablet,26.31,9,14,1,0,35.66,29.37,1,Yes,0,Others,5,Interested
5548,58,Unknown,Mobile,2.23,0,9,1,1,2.56,13.25,1,Yes,0,Others,6,Interested
5549,27,Female,Desktop,29.36,14,12,0,1,33.16,0,1,Yes,0,Others,6,Interested
5550,27,Male,Mobile,29.81,7,1,0,1,44.35,38.27,1,Yes,1,Right_Discount,0,Technical Error
5551,24,Female,Mobile,18.34,12,0,1,0,24.99,17.32,1,Yes,0,Others,5,Interested
5552,55,Female,Desktop,10.61,1,0,0,0,13.09,62.24,1,Yes,0,Others,7,Interested
5553,44,Male,Desktop,7.47,16,13,1,0,9.95,39.82,1,Yes,0,Others,2,Interested
5554,50,Female,Desktop,9.02,3,13,1,1,13.53,21.8,1,Yes,1,Right_Discount,0,Technical Error
5555,18,Female,Tablet,2.45,1,9,0,1,2.46,5.77,1,Yes,0,Others,6,Interested
5556,51,Female,Mobile,14.78,6,3,0,1,17.82,9.25,1,Yes,1,Right_Discount,0,Technical Error
5557,21,Female,Mobile,2.66,2,9,1,1,3.49,56.33,1,Yes,0,Others,4,Interested
5558,34,Male,Tablet,21.84,7,11,1,1,20.62,75.03,1,Yes,0,Others,1,Interested
5559,21,Female,Mobile,11.79,8,11,1,0,17.15,92.58,1,Yes,0,Others,6,Interested
5560,43,Female,Desktop,6.78,13,2,0,0,5.98,58.54,1,Yes,1,Right_Discount,0,Technical Error
5561,21,Female,Mobile,16.8,16,0,0,0,12.48,65.27,1,Yes,1,Right_Discount,3,Interested
5562,18,Female,Mobile,29.24,10,2,1,1,34.42,24.2,1,Yes,1,Right_Discount,7,Interested
5563,24,Female,Mobile,21.16,4,0,1,0,12.29,27.44,1,Yes,1,Right_Discount,6,Interested
5564,47,Female,Mobile,15.26,13,2,1,0,9.56,41.76,1,Yes,1,Right_Discount,6,Interested
5565,26,Female,Desktop,23.53,17,3,0,0,34.6,86.87,1,Yes,0,Others,6,Interested
5566,52,Female,Desktop,22.39,8,10,1,1,17.5,43.53,1,Yes,1,Right_Discount,4,Interested
5567,25,Male,Desktop,26.86,8,12,1,1,14.32,23.96,1,Yes,0,Others,9,Interested
5568,41,Male,Mobile,6.94,7,10,1,0,6.76,91.95,1,Yes,1,Right_Discount,2,Interested
5569,36,Male,Mobile,25.91,1,13,0,0,35.43,41.14,1,Yes,0,Others,9,Interested
5570,53,Male,Mobile,9.73,15,13,1,0,8.11,7.95,1,Yes,0,Others,6,Interested
5571,44,Female,Mobile,28.29,15,7,1,0,26.01,54.55,1,Yes,0,Others,7,Interested
5572,49,Female,Mobile,9.15,19,2,0,1,6.01,62.64,1,Yes,1,Right_Discount,6,Interested
5573,31,Male,Mobile,27.88,4,2,0,0,23.59,95.54,1,Yes,0,Others,5,Interested
5574,35,Male,Mobile,28.95,6,12,0,1,42.42,80.66,1,Yes,1,Right_Discount,8,Interested
5575,45,Male,Mobile,5.22,10,8,0,0,7.19,10.11,1,Yes,1,Right_Discount,5,Interested
5576,46,Female,Mobile,29.26,12,10,1,1,36.28,51.19,1,Yes,0,Others,4,Interested
5577,33,Female,Mobile,3.49,4,8,0,1,4.49,43.41,1,Yes,1,Right_Discount,5,Interested
5578,52,Male,Mobile,7.34,6,5,0,1,8.58,39.34,1,Yes,0,Others,9,Interested
5579,48,Male,Mobile,13.88,14,9,1,0,8.58,13.98,1,Yes,1,Right_Discount,3,Interested
5580,21,Male,Tablet,29.81,13,3,0,1,18.41,37.53,1,Yes,0,Others,5,Interested
5581,54,Male,Mobile,15.17,3,9,0,1,15.73,47.01,1,Yes,1,Right_Discount,3,Interested
5582,34,Male,Desktop,16.96,15,4,1,0,18.58,21.89,1,Yes,0,Others,4,Interested
5583,56,Female,Mobile,21.14,3,12,1,0,31.11,57.59,1,Yes,1,Right_Discount,5,Interested
5584,43,Male,Desktop,29.08,5,8,1,1,27.66,22.13,1,Yes,1,Right_Discount,0,Technical Error
5585,56,Female,Mobile,23.72,13,0,1,1,33.62,12.13,1,Yes,0,Others,5,Interested
5586,58,Male,Desktop,7.5,15,6,0,0,11.18,98.4,1,Yes,1,Right_Discount,5,Interested
5587,21,Male,Mobile,9.79,17,14,1,0,13.16,68.84,1,Yes,1,Right_Discount,0,Technical Error
5588,47,Female,Desktop,3.83,6,10,1,1,3.44,59.48,1,Yes,1,Right_Discount,6,Interested
5589,47,Male,Mobile,19.69,18,6,1,0,24.68,32.75,1,Yes,1,Right_Discount,9,Interested
5590,39,Female,Mobile,6.24,3,9,0,0,6.52,20.83,1,Yes,0,Others,4,Interested
5591,28,Female,Desktop,8.46,9,0,1,1,5.91,13.15,1,Yes,1,Right_Discount,0,Technical Error
5592,19,Male,Mobile,26.76,8,13,0,0,16.85,6.26,1,Yes,0,Others,4,Interested
5593,29,Male,Tablet,10.48,11,0,0,1,5.97,69.97,1,Yes,0,Others,9,Interested
5594,0,Female,Mobile,17.43,11,14,1,0,14.4,27.62,1,Yes,1,Right_Discount,4,Interested
5595,53,Female,Mobile,12.53,8,13,0,0,14.9,31.81,1,Yes,1,Right_Discount,1,Interested
5596,35,Male,Desktop,3.15,1,0,1,0,4.45,16.1,1,Yes,0,Others,0,Technical Error
5597,43,Female,Mobile,11.52,2,6,0,0,9.45,11.72,1,Yes,0,Others,3,Interested
5598,24,Male,Mobile,12.83,4,3,1,0,13.23,49.5,1,Yes,1,Right_Discount,9,Interested
5599,18,Female,Desktop,26.98,2,8,1,0,26.14,72.75,1,Yes,1,Right_Discount,9,Interested
5600,43,Male,Desktop,10.41,2,11,1,1,6.34,99.09,1,Yes,1,Right_Discount,7,Interested
5601,40,Female,Unknown,12,13,4,0,0,15.12,33.95,1,Yes,0,Others,2,Interested
5602,43,Female,Mobile,23.7,6,2,1,1,24.16,66.38,1,Yes,0,Others,0,Technical Error
5603,23,Male,Mobile,23.01,4,1,0,0,32.61,11.61,1,Yes,1,Right_Discount,6,Interested
5604,23,Female,Unknown,24.15,15,8,0,0,32.25,55.57,1,Yes,0,Others,8,Interested
5605,25,Female,Mobile,28.66,3,3,1,0,22.31,51.81,1,Yes,1,Right_Discount,5,Interested
5606,41,Female,Desktop,24.07,4,6,0,0,19.56,3.21,1,Yes,0,Others,1,Interested
5607,0,Female,Mobile,12.82,17,0,0,0,13.29,48.3,1,Yes,0,Others,0,Technical Error
5608,36,Female,Mobile,24.82,6,8,1,0,15.52,49.54,1,Yes,0,Others,0,Technical Error
5609,54,Female,Mobile,15.75,2,11,0,1,11.83,37.2,1,Yes,1,Right_Discount,5,Interested
5610,35,Female,Desktop,9.05,13,8,0,1,11.96,57.35,1,Yes,0,Others,7,Interested
5611,48,Male,Tablet,9.78,15,9,1,0,6.39,4.56,1,Yes,0,Others,0,Technical Error
5612,54,Female,Desktop,7.49,5,5,1,1,0,84.44,1,Yes,1,Right_Discount,0,Technical Error
5613,0,Female,Mobile,5.2,19,5,0,0,4.65,52.05,1,Yes,1,Right_Discount,0,Technical Error
5614,59,Male,Desktop,6.35,6,13,1,1,4.45,3.21,1,Yes,0,Others,9,Interested
5615,50,Female,Desktop,2.83,17,14,0,1,4.16,98.38,1,Yes,0,Others,4,Interested
5616,27,Female,Mobile,26.77,1,5,0,0,35.47,38.18,1,Yes,1,Right_Discount,6,Interested
5617,54,Male,Mobile,28,2,4,1,1,21.47,98.67,1,Yes,0,Others,0,Technical Error
5618,29,Female,Mobile,18.02,1,10,0,0,23.16,18.03,1,Yes,0,Others,0,Technical Error
5619,47,Female,Mobile,25.37,8,0,1,0,12.85,3,1,Yes,1,Right_Discount,0,Technical Error
5620,44,Male,Desktop,6.32,4,0,1,1,4.91,0,1,Yes,1,Right_Discount,9,Interested
5621,56,Male,Mobile,27.15,18,9,0,0,16.51,94.54,1,Yes,1,Right_Discount,2,Interested
5622,26,Female,Mobile,15.68,9,0,1,1,14.49,7.76,1,Yes,1,Right_Discount,4,Interested
5623,38,Female,Tablet,2.95,15,4,0,0,3.36,73.55,1,Yes,0,Others,4,Interested
5624,29,Male,Desktop,5.1,16,12,0,1,3.42,6.92,1,Yes,1,Right_Discount,8,Interested
5625,46,Female,Desktop,9.96,3,3,0,1,7.36,79.39,1,Yes,1,Right_Discount,8,Interested
5626,50,Male,Mobile,2.26,1,7,1,1,2.02,58.13,1,Yes,1,Right_Discount,8,Interested
5627,32,Male,Mobile,9.97,13,0,0,0,11.27,78.18,1,Yes,0,Others,7,Interested
5628,19,Male,Mobile,2.74,14,7,0,1,2.22,37.15,1,Yes,1,Right_Discount,8,Interested
5629,56,Female,Mobile,7.84,6,0,0,1,8.64,90.54,1,Yes,0,Others,7,Interested
5630,35,Male,Mobile,8.7,5,7,1,0,7.39,30.27,1,Yes,1,Right_Discount,7,Interested
5631,20,Male,Mobile,29.84,5,0,0,1,22.61,28.32,1,Yes,0,Others,7,Interested
5632,24,Male,Mobile,7.83,4,8,1,1,10.61,96.06,1,Yes,0,Others,7,Interested
5633,35,Female,Mobile,7.94,12,12,0,0,7.01,12.28,1,Yes,1,Right_Discount,4,Interested
5634,55,Female,Mobile,20.92,14,8,0,1,29.67,59.26,1,Yes,0,Others,9,Interested
5635,54,Female,Desktop,25.92,14,5,0,1,20.88,57.4,1,Yes,1,Right_Discount,2,Interested
5636,50,Male,Desktop,12.22,11,0,1,0,12.74,23.67,1,Yes,0,Others,3,Interested
5637,48,Female,Mobile,26.39,10,6,1,0,14.61,31.71,1,Yes,0,Others,8,Interested
5638,28,Female,Mobile,10.86,10,6,1,0,12.82,28.66,1,Yes,0,Others,6,Interested
5639,21,Male,Mobile,6.71,9,8,0,1,8.69,84.61,1,Yes,1,Right_Discount,8,Interested
5640,35,Male,Mobile,10.56,2,0,0,0,15.54,38.96,1,Yes,0,Others,6,Interested
5641,21,Female,Mobile,18.67,14,13,0,0,24.95,35.87,1,Yes,0,Others,7,Interested
5642,51,Female,Desktop,11.65,7,14,1,0,9.47,63.67,1,Yes,0,Others,2,Interested
5643,46,Male,Tablet,0,17,7,1,1,21.67,49.55,1,Yes,1,Right_Discount,7,Interested
5644,41,Female,Desktop,7.87,8,13,1,0,8.59,42.6,1,Yes,1,Right_Discount,3,Interested
5645,39,Male,Tablet,21.33,4,11,0,0,11.88,70.94,1,Yes,0,Others,5,Interested
5646,19,Male,Desktop,11.08,5,12,1,0,6.35,0,1,Yes,0,Others,0,Technical Error
5647,23,Female,Mobile,14.22,0,10,0,1,11.74,22.22,1,Yes,1,Right_Discount,1,Interested
5648,59,Female,Tablet,17.17,7,7,0,0,21.37,74.18,1,Yes,1,Right_Discount,6,Interested
5649,42,Female,Mobile,20.9,6,6,0,0,16.42,6.78,1,Yes,0,Others,5,Interested
5650,38,Female,Desktop,0,17,11,0,1,10.88,99.97,1,Yes,1,Right_Discount,9,Interested
5651,33,Male,Mobile,25.24,6,5,0,1,28.9,59.66,1,Yes,1,Right_Discount,4,Interested
5652,48,Female,Mobile,21.93,19,0,1,0,21.23,21.63,1,Yes,1,Right_Discount,6,Interested
5653,31,Female,Desktop,7.79,3,10,1,0,8.11,19.82,1,Yes,0,Others,1,Interested
5654,56,Female,Mobile,29.27,9,9,0,1,24.34,27.37,1,Yes,0,Others,9,Interested
5655,45,Male,Mobile,20.28,15,10,1,0,29.89,87.93,1,Yes,0,Others,3,Interested
5656,49,Female,Mobile,14.12,8,7,0,0,9.54,0,1,Yes,0,Others,4,Interested
5657,45,Female,Mobile,5.57,15,11,0,1,7.58,14.45,1,Yes,0,Others,7,Interested
5658,26,Unknown,Tablet,16.46,1,4,1,0,19.39,60,1,Yes,1,Right_Discount,5,Interested
5659,39,Male,Unknown,5.78,8,3,0,1,7,91.09,1,Yes,1,Right_Discount,5,Interested
5660,49,Male,Mobile,13.46,4,4,1,1,17.98,73.31,1,Yes,0,Others,4,Interested
5661,22,Male,Mobile,12.85,10,4,0,0,8.18,58.75,1,Yes,1,Right_Discount,9,Interested
5662,40,Male,Desktop,21.88,16,13,1,1,26.15,20.86,1,Yes,1,Right_Discount,0,Technical Error
5663,22,Female,Mobile,6.58,18,12,0,1,8.4,94.35,1,Yes,1,Right_Discount,0,Technical Error
0,59,Male,Mobile,24.83,4,9,0,0,36.86,89.18,1,Yes,1,Right_Discount,3,Interested
5665,49,Male,Mobile,10.46,8,2,1,0,13.05,32.12,1,Yes,0,Others,8,Interested
5666,27,Male,Desktop,13.88,4,3,0,1,20.15,49.77,1,Yes,1,Right_Discount,1,Interested
5667,56,Male,Mobile,23.4,10,3,0,1,31.58,8.18,1,Yes,0,Others,5,Interested
5668,32,Male,Mobile,19.14,4,7,1,0,26.33,63.15,1,Yes,1,Right_Discount,1,Interested
5669,24,Male,Mobile,9.93,16,4,1,0,14.07,5.44,1,Yes,1,Right_Discount,8,Interested
5670,46,Male,Mobile,12.2,12,5,1,1,12.58,90.6,1,Yes,1,Right_Discount,4,Interested
5671,20,Male,Mobile,9.87,10,9,0,0,11.95,88.04,1,Yes,0,Others,8,Interested
5672,36,Female,Mobile,18.25,11,1,0,1,11.39,28.15,1,Yes,0,Others,9,Interested
5673,27,Female,Mobile,10.65,2,8,1,0,9.12,74.2,0,No,1,Low_Discount,4,Not Interested
5674,45,Female,Mobile,22.05,16,7,0,1,30.42,43.94,1,Yes,1,Right_Discount,8,Interested
5675,46,Male,Mobile,17.81,19,7,1,1,26.32,84.54,1,Yes,1,Right_Discount,1,Interested
5676,32,Male,Desktop,5.23,12,9,1,1,3.2,0,1,Yes,0,Others,6,Interested
5677,52,Male,Desktop,10,4,4,0,0,10.86,50.57,1,Yes,0,Others,7,Interested
5678,23,Female,Mobile,7.42,17,4,0,1,9.16,39.74,1,Yes,0,Others,2,Interested
5679,29,Male,Mobile,12.32,12,0,0,0,12.52,26.04,1,Yes,1,Right_Discount,0,Technical Error
5680,55,Male,Mobile,15.96,16,2,1,0,11.7,20.93,1,Yes,1,Right_Discount,1,Interested
5681,30,Male,Desktop,15.7,3,12,0,1,8.5,67.65,1,Yes,0,Others,9,Interested
5682,46,Female,Desktop,22.88,2,10,0,0,33.21,20.19,1,Yes,0,Others,4,Interested
5683,36,Female,Mobile,6.49,7,1,1,0,4.78,63.22,1,Yes,0,Others,8,Interested
5684,20,Male,Unknown,28.45,6,8,0,1,22.73,38.97,1,Yes,1,Right_Discount,4,Interested
5685,25,Female,Desktop,10.94,1,14,1,1,12.5,24.26,1,Yes,1,Right_Discount,0,Technical Error
5686,25,Male,Tablet,9.71,15,5,0,0,9.02,78.37,1,Yes,1,Right_Discount,0,Technical Error
5687,37,Male,Mobile,20.87,12,7,1,1,19.27,36.39,1,Yes,0,Others,1,Interested
5688,21,Female,Mobile,24.36,0,3,0,1,14.19,1.49,1,Yes,0,Others,0,Technical Error
5689,38,Female,Mobile,11.98,8,4,0,1,17.87,85.11,1,Yes,1,Right_Discount,7,Interested
5690,20,Female,Desktop,22.66,9,9,1,0,17.77,31.45,1,Yes,1,Right_Discount,1,Interested
5691,25,Female,Desktop,26.63,1,4,0,1,16.24,82.23,1,Yes,1,Right_Discount,7,Interested
5692,40,Male,Mobile,23.24,5,10,0,0,27.46,54.63,1,Yes,1,Right_Discount,4,Interested
5693,33,Male,Mobile,1.99,0,9,0,1,2.49,88.13,1,Yes,1,Right_Discount,0,Technical Error
5694,30,Female,Mobile,24.99,18,3,1,0,13.13,41.81,1,Yes,1,Right_Discount,3,Interested
5695,20,Female,Mobile,23.46,8,10,0,1,18.05,16.95,1,Yes,0,Others,1,Interested
5696,26,Male,Mobile,20.41,10,1,1,1,14.17,1.8,1,Yes,0,Others,5,Interested
5697,31,Male,Mobile,23.04,8,13,0,0,29.69,77.85,1,Yes,0,Others,4,Interested
5698,30,Male,Mobile,29.4,12,5,1,1,20.1,77.93,1,Yes,0,Others,8,Interested
5699,24,Male,Desktop,13.5,16,3,1,1,9.93,19.56,1,Yes,1,Right_Discount,0,Technical Error
5700,32,Female,Mobile,2.95,12,13,0,1,4.39,95.55,1,Yes,0,Others,4,Interested
5701,24,Female,Mobile,14.37,3,10,1,1,17.27,94.91,1,Yes,0,Others,9,Interested
5702,55,Female,Mobile,2.35,18,3,1,0,2.09,36.55,1,Yes,0,Others,0,Technical Error
5703,51,Male,Desktop,9.53,5,9,1,1,11.95,14.76,1,Yes,1,Right_Discount,8,Interested
5704,58,Male,Mobile,18.02,14,2,0,0,17.42,28.39,1,Yes,0,Others,2,Interested
5705,39,Female,Tablet,9.98,16,7,1,0,7.11,92.93,1,Yes,0,Others,3,Interested
5706,41,Female,Mobile,20.88,6,5,1,0,20.63,60.94,1,Yes,1,Right_Discount,0,Technical Error
5707,54,Female,Unknown,24.84,16,8,0,1,31.6,91.44,1,Yes,1,Right_Discount,1,Interested
5708,18,Male,Desktop,13.19,14,4,1,1,8.95,2.28,1,Yes,1,Right_Discount,2,Interested
5709,27,Female,Mobile,27.1,5,5,0,0,26.71,99.09,1,Yes,0,Others,9,Interested
5710,33,Male,Tablet,3.32,14,8,1,0,2.06,62.8,1,Yes,0,Others,6,Interested
5711,25,Female,Mobile,25.36,11,3,0,0,34.05,18.57,0,No,1,Low_Discount,6,Not Interested
5712,42,Female,Mobile,25.03,9,9,0,1,33.01,50.68,1,Yes,0,Others,0,Technical Error
5713,29,Female,Mobile,10.34,7,6,1,0,12.13,82.01,1,Yes,0,Others,8,Interested
5714,42,Male,Mobile,9.66,5,12,1,1,13.72,14.11,1,Yes,0,Others,2,Interested
5715,34,Male,Desktop,9.85,15,9,1,0,8.86,60.86,1,Yes,0,Others,2,Interested
5716,43,Male,Desktop,24.53,13,11,0,1,15.5,69.36,1,Yes,1,Right_Discount,1,Interested
5717,31,Male,Mobile,25.12,12,9,0,0,37.07,41.28,1,Yes,0,Others,2,Interested
5718,58,Male,Mobile,10.56,15,10,0,1,10.7,54.16,1,Yes,1,Right_Discount,5,Interested
5719,53,Male,Mobile,18.19,0,10,0,1,17.74,83.73,1,Yes,0,Others,9,Interested
5720,40,Female,Desktop,5.03,19,5,1,1,2.84,95.18,1,Yes,1,Right_Discount,3,Interested
5721,23,Male,Mobile,0,10,5,0,0,15.62,55.42,1,Yes,0,Others,1,Interested
5722,22,Female,Tablet,29.96,17,5,0,1,34.3,70.26,1,Yes,0,Others,7,Interested
5723,42,Male,Mobile,5.61,16,13,1,0,5.46,32.28,1,Yes,0,Others,0,Technical Error
5724,35,Female,Mobile,28.48,5,3,0,1,40.17,33.41,1,Yes,1,Right_Discount,9,Interested
5725,30,Female,Desktop,24.9,4,9,1,1,30.94,88.84,1,Yes,0,Others,7,Interested
5726,31,Male,Mobile,29.19,10,5,1,1,15.72,9.87,1,Yes,1,Right_Discount,1,Interested
5727,0,Female,Mobile,6.21,6,11,1,1,6.47,20.55,1,Yes,0,Others,8,Interested
5728,35,Male,Mobile,7.19,11,6,1,0,10.74,26.99,1,Yes,0,Others,3,Interested
5729,45,Male,Mobile,1.49,11,12,0,0,1.04,9.44,1,Yes,0,Others,3,Interested
5730,44,Male,Tablet,22.02,16,13,1,0,24.6,66.76,1,Yes,1,Right_Discount,6,Interested
5731,49,Male,Mobile,19.68,14,1,1,1,15.22,90.63,1,Yes,1,Right_Discount,2,Interested
5732,26,Female,Unknown,6.16,19,10,0,1,5.37,2.7,0,No,1,Low_Discount,9,Not Interested
5733,57,Male,Mobile,23.94,4,8,0,0,12.78,25.23,1,Yes,0,Others,2,Interested
5734,49,Female,Unknown,9.68,5,6,0,0,11.5,92.06,1,Yes,0,Others,3,Interested
5735,37,Female,Desktop,4.91,19,2,0,0,6.21,46.56,1,Yes,0,Others,9,Interested
5736,45,Female,Tablet,13.25,17,9,1,0,16.87,88.56,1,Yes,1,Right_Discount,2,Interested
5737,50,Male,Desktop,3.64,18,9,0,0,5.35,94.4,1,Yes,1,Right_Discount,9,Interested
5738,21,Female,Mobile,0,8,6,0,0,11.55,99.09,1,Yes,0,Others,7,Interested
5739,51,Male,Mobile,11.77,4,9,1,0,8.33,39.57,1,Yes,0,Others,8,Interested
5740,20,Female,Mobile,25.7,18,9,1,0,18.78,34.3,1,Yes,1,Right_Discount,4,Interested
5741,43,Male,Desktop,23.98,11,13,1,1,30.41,74.86,1,Yes,1,Right_Discount,2,Interested
5742,25,Male,Mobile,13.84,14,4,0,0,17.67,59.46,1,Yes,0,Others,6,Interested
5743,23,Male,Mobile,22.01,13,8,0,1,13.71,65.92,1,Yes,1,Right_Discount,2,Interested
5744,33,Male,Tablet,17.49,16,5,1,0,8.86,53.24,1,Yes,1,Right_Discount,5,Interested
5745,41,Female,Mobile,10.88,12,10,0,0,9.81,51.41,1,Yes,1,Right_Discount,3,Interested
5746,56,Female,Mobile,22.05,9,12,0,0,26.34,31.5,1,Yes,1,Right_Discount,6,Interested
5747,47,Unknown,Mobile,20.82,7,6,0,0,28.45,59.56,1,Yes,1,Right_Discount,5,Interested
5748,30,Female,Mobile,18.95,10,3,1,1,12.61,26.82,1,Yes,0,Others,6,Interested
5749,22,Male,Mobile,18.92,17,1,0,0,24.89,35.57,1,Yes,0,Others,3,Interested
5750,42,Male,Mobile,20.81,18,14,0,0,24.65,63.06,1,Yes,1,Right_Discount,5,Interested
5751,37,Female,Mobile,12.15,7,0,1,0,8.09,63.66,1,Yes,0,Others,9,Interested
5752,35,Male,Mobile,26.2,3,3,0,0,35.98,57.71,1,Yes,1,Right_Discount,6,Interested
5753,35,Male,Desktop,5.71,15,8,1,0,8.18,67.47,1,Yes,0,Others,9,Interested
5754,19,Male,Mobile,26.63,16,2,1,0,20.39,41.19,1,Yes,0,Others,7,Interested
5755,27,Male,Unknown,10.93,17,6,0,1,7.09,59.44,1,Yes,0,Others,9,Interested
5756,29,Male,Mobile,4.63,13,12,0,0,6.8,9.53,1,Yes,1,Right_Discount,8,Interested
5757,30,Female,Mobile,18.4,3,13,0,1,9.62,48.37,1,Yes,0,Others,2,Interested
5758,28,Female,Tablet,11.9,5,3,0,0,17.24,58.6,1,Yes,0,Others,4,Interested
5759,36,Female,Mobile,24.65,9,2,0,0,17.65,42.22,1,Yes,1,Right_Discount,9,Interested
5760,52,Male,Mobile,13.49,18,0,0,0,12.66,1.7,1,Yes,0,Others,2,Interested
5761,56,Male,Desktop,20.39,11,13,1,0,16.48,70.1,1,Yes,0,Others,4,Interested
5762,43,Male,Mobile,9.94,11,13,0,1,0,45.55,1,Yes,1,Right_Discount,1,Interested
5763,31,Male,Mobile,7.07,16,4,0,0,6.03,15.57,1,Yes,0,Others,2,Interested
5764,41,Male,Mobile,12.25,8,1,1,1,12.73,0,1,Yes,1,Right_Discount,0,Technical Error
5765,58,Male,Desktop,18.6,2,10,0,0,11.05,94.24,1,Yes,0,Others,7,Interested
5766,18,Female,Desktop,20.05,10,0,1,0,26.25,15.87,0,No,1,Low_Discount,4,Not Interested
5767,39,Male,Mobile,17.77,6,9,0,1,23.11,70.72,1,Yes,1,Right_Discount,2,Interested
5768,40,Female,Mobile,29.65,4,13,1,0,38.47,51.75,1,Yes,0,Others,3,Interested
5769,36,Male,Mobile,0,5,3,0,0,24.96,28.93,1,Yes,1,Right_Discount,2,Interested
5770,0,Female,Mobile,28.01,11,6,0,0,26.76,68.44,1,Yes,0,Others,2,Interested
5771,29,Male,Mobile,4.42,12,11,0,1,5.9,44.78,1,Yes,1,Right_Discount,8,Interested
5772,45,Female,Mobile,0,16,11,1,1,3.76,89.85,1,Yes,1,Right_Discount,3,Interested
5773,45,Female,Mobile,10.02,14,1,1,1,7.87,70.36,1,Yes,0,Others,5,Interested
5774,50,Male,Mobile,4.96,14,9,1,1,4.87,50.76,1,Yes,1,Right_Discount,0,Technical Error
5775,36,Male,Tablet,16.25,15,5,1,0,11.42,45.19,1,Yes,1,Right_Discount,7,Interested
5776,45,Female,Mobile,16.05,8,4,1,1,12.13,3.16,1,Yes,1,Right_Discount,3,Interested
5777,54,Male,Mobile,17.68,5,2,0,1,13.06,16.09,1,Yes,1,Right_Discount,7,Interested
5778,43,Male,Mobile,22.61,9,4,1,0,30,4.51,1,Yes,0,Others,1,Interested
5779,52,Male,Tablet,29.17,16,14,0,1,21.9,6.34,1,Yes,1,Right_Discount,8,Interested
5780,51,Female,Desktop,26.47,3,9,1,0,27.7,6.71,1,Yes,0,Others,1,Interested
5781,52,Male,Unknown,4.43,12,6,0,0,5,1.41,1,Yes,1,Right_Discount,2,Interested
5782,57,Female,Mobile,10.82,7,2,1,1,13.47,79.13,1,Yes,1,Right_Discount,2,Interested
5783,0,Female,Desktop,8.42,17,7,0,0,4.45,47.86,1,Yes,0,Others,4,Interested
5784,55,Male,Mobile,6.13,15,14,0,1,5.98,74.91,1,Yes,0,Others,2,Interested
5785,30,Female,Mobile,16.8,15,6,1,0,13.32,16.77,1,Yes,0,Others,7,Interested
0,40,Male,Mobile,17.04,12,3,0,1,22.73,84.12,1,Yes,1,Right_Discount,9,Interested
5787,39,Male,Desktop,7.59,2,12,1,1,4.07,9.41,1,Yes,1,Right_Discount,6,Interested
5788,33,Female,Desktop,21.65,8,14,0,0,15.31,32.21,1,Yes,0,Others,0,Technical Error
5789,45,Female,Desktop,22.25,5,12,0,0,18.15,37.07,1,Yes,0,Others,5,Interested
5790,52,Female,Unknown,1.61,3,4,1,1,0.93,23.57,1,Yes,1,Right_Discount,1,Interested
5791,25,Female,Mobile,12.48,1,9,0,1,11.17,13.73,1,Yes,0,Others,7,Interested
5792,39,Female,Mobile,26.81,16,10,0,1,33.35,62.81,1,Yes,0,Others,9,Interested
5793,38,Male,Mobile,16.09,10,3,1,0,11.46,0.85,1,Yes,0,Others,7,Interested
5794,43,Female,Desktop,11.08,10,1,1,1,13.9,79.16,1,Yes,1,Right_Discount,6,Interested
5795,57,Male,Mobile,8.36,11,11,1,0,8.6,4.23,1,Yes,0,Others,7,Interested
5796,38,Male,Desktop,8.06,12,14,1,0,6.81,96.4,1,Yes,0,Others,0,Technical Error
5797,42,Female,Mobile,3.89,8,8,0,0,3.38,86.83,1,Yes,1,Right_Discount,7,Interested
5798,58,Female,Mobile,24.7,5,0,1,1,15.22,41.46,1,Yes,0,Others,0,Technical Error
5799,18,Female,Mobile,3.51,9,7,1,0,2.63,14.27,1,Yes,1,Right_Discount,2,Interested
5800,23,Female,Mobile,9.48,11,3,1,1,11.67,87.06,1,Yes,0,Others,3,Interested
5801,40,Female,Desktop,2.32,15,8,0,0,3.16,64.41,1,Yes,0,Others,2,Interested
5802,40,Male,Mobile,23.66,17,2,1,0,18.11,50.48,1,Yes,1,Right_Discount,1,Interested
5803,40,Male,Mobile,2.14,11,6,0,1,2.33,31.94,1,Yes,0,Others,2,Interested
5804,49,Male,Mobile,9.94,13,14,1,0,5.32,56.13,1,Yes,0,Others,8,Interested
5805,47,Female,Mobile,17.63,17,2,0,1,10.18,41.51,1,Yes,0,Others,1,Interested
5806,30,Female,Mobile,12.88,7,14,0,1,18.86,46.54,1,Yes,1,Right_Discount,4,Interested
5807,35,Male,Mobile,9.19,9,9,0,1,12.83,84.55,1,Yes,1,Right_Discount,2,Interested
5808,40,Female,Desktop,8.98,18,11,1,0,5.22,95.25,1,Yes,0,Others,8,Interested
5809,32,Female,Mobile,24.14,18,6,1,0,31.92,96.27,1,Yes,1,Right_Discount,6,Interested
5810,50,Female,Mobile,29.25,10,1,1,1,17.62,90.79,1,Yes,1,Right_Discount,9,Interested
5811,38,Male,Mobile,11.09,12,2,0,1,14.73,80.23,1,Yes,1,Right_Discount,2,Interested
5812,56,Female,Mobile,2.14,18,7,1,0,3.02,45.37,1,Yes,1,Right_Discount,1,Interested
5813,40,Male,Mobile,2.06,9,6,0,1,1.35,8.82,1,Yes,0,Others,1,Interested
5814,44,Female,Mobile,23.02,9,10,1,1,14.9,63.06,1,Yes,0,Others,4,Interested
5815,35,Female,Mobile,17.02,10,2,1,0,24.28,40.2,1,Yes,0,Others,8,Interested
5816,41,Male,Desktop,23.72,1,7,1,0,19.01,68.71,1,Yes,0,Others,1,Interested
5817,57,Female,Mobile,21.23,11,12,1,1,20.65,22.08,1,Yes,1,Right_Discount,1,Interested
5818,59,Female,Desktop,27.32,14,8,1,1,21.98,76.47,1,Yes,0,Others,7,Interested
5819,24,Female,Tablet,26.69,10,1,0,1,0,17.07,1,Yes,0,Others,2,Interested
5820,37,Male,Mobile,23.86,14,1,0,1,16.97,80.86,1,Yes,0,Others,2,Interested
5821,44,Female,Mobile,14.78,19,14,1,1,14.69,91.17,1,Yes,0,Others,5,Interested
5822,23,Female,Mobile,9.94,10,6,0,0,13.42,90.03,1,Yes,0,Others,5,Interested
5823,44,Female,Unknown,15.7,17,10,1,0,22.65,34.66,1,Yes,0,Others,5,Interested
5824,26,Female,Desktop,15.56,2,7,1,1,13.27,38.98,1,Yes,1,Right_Discount,4,Interested
5825,48,Female,Desktop,18.7,14,14,1,1,11.48,83.81,1,Yes,1,Right_Discount,3,Interested
5826,38,Male,Mobile,6.4,18,4,1,1,8.38,69.22,1,Yes,0,Others,8,Interested
5827,43,Unknown,Mobile,20.01,2,1,0,1,12.22,52.67,1,Yes,0,Others,3,Interested
5828,57,Female,Mobile,14.24,19,13,0,0,18.22,96.06,1,Yes,0,Others,0,Technical Error
0,30,Female,Mobile,18.99,8,9,0,1,22.58,51.63,1,Yes,1,Right_Discount,7,Interested
5830,40,Male,Desktop,7.95,6,4,0,1,8.57,24.38,1,Yes,1,Right_Discount,7,Interested
5831,37,Female,Mobile,13.6,7,2,0,0,19.58,67.99,1,Yes,0,Others,2,Interested
5832,54,Female,Mobile,7.1,13,12,1,0,5.84,51.22,1,Yes,0,Others,8,Interested
5833,45,Female,Desktop,26.38,2,8,1,0,15.65,20.39,1,Yes,1,Right_Discount,6,Interested
5834,34,Female,Mobile,15.15,7,0,0,1,22.45,15.24,1,Yes,0,Others,6,Interested
5835,45,Female,Mobile,7.52,1,8,0,1,7.08,35.51,1,Yes,0,Others,4,Interested
5836,0,Female,Mobile,2.2,6,1,1,0,2.05,97.06,0,No,1,Low_Discount,2,Not Interested
5837,19,Female,Mobile,20.6,16,0,1,1,12.14,14.58,1,Yes,0,Others,9,Interested
5838,42,Female,Desktop,7.22,8,9,1,1,8.98,47.14,1,Yes,1,Right_Discount,4,Interested
5839,58,Male,Desktop,29.7,13,5,0,1,36.24,32.69,1,Yes,0,Others,2,Interested
5840,23,Male,Mobile,16.48,18,10,1,0,10.63,94.3,1,Yes,1,Right_Discount,2,Interested
5841,28,Female,Tablet,9.38,14,5,0,0,6.88,37.75,1,Yes,1,Right_Discount,0,Technical Error
5842,55,Female,Mobile,20.07,18,3,1,1,10.36,22.63,1,Yes,0,Others,3,Interested
5843,23,Female,Desktop,8.98,0,12,1,0,12.48,47.82,1,Yes,1,Right_Discount,0,Technical Error
5844,28,Female,Desktop,24.79,15,1,0,1,18.46,15.37,1,Yes,1,Right_Discount,5,Interested
5845,31,Male,Mobile,9.94,5,12,1,0,14.18,37.94,1,Yes,1,Right_Discount,5,Interested
5846,19,Male,Desktop,29.66,14,9,1,1,31.77,0,1,Yes,0,Others,5,Interested
5847,57,Male,Mobile,18.55,16,11,1,0,17.17,59.93,1,Yes,0,Others,4,Interested
5848,20,Male,Mobile,25.49,15,10,0,1,12.94,1.09,1,Yes,1,Right_Discount,1,Interested
5849,0,Female,Desktop,3.11,11,2,0,1,1.84,49.79,1,Yes,0,Others,4,Interested
5850,50,Female,Desktop,11.1,2,12,1,0,7.31,81.31,1,Yes,0,Others,9,Interested
5851,41,Female,Desktop,22.39,18,5,0,1,13.56,56.28,1,Yes,0,Others,2,Interested
5852,36,Male,Desktop,20,4,3,1,0,15.12,47.04,0,No,1,Low_Discount,9,Not Interested
5853,35,Female,Mobile,6.63,15,4,0,0,4.34,41.51,1,Yes,0,Others,1,Interested
5854,41,Female,Mobile,11.33,12,10,0,1,13.19,53.67,1,Yes,0,Others,3,Interested
5855,52,Male,Tablet,8.64,3,8,0,1,6.89,7.4,0,No,0,Others,9,Not Interested
5856,18,Male,Mobile,18.79,4,4,1,0,22.89,79.97,1,Yes,1,Right_Discount,8,Interested
5857,53,Male,Desktop,10.99,16,9,0,1,6.98,85.65,1,Yes,0,Others,6,Interested
5858,42,Male,Mobile,9.96,6,14,0,1,7.06,59.23,1,Yes,0,Others,9,Interested
5859,51,Male,Desktop,7.01,2,10,0,1,9.03,97.9,1,Yes,0,Others,8,Interested
5860,42,Female,Mobile,12.86,9,7,1,0,14.58,55.52,1,Yes,0,Others,2,Interested
5861,33,Female,Tablet,6.67,12,1,1,0,3.98,2.72,1,Yes,1,Right_Discount,1,Interested
5862,51,Male,Mobile,28.91,12,11,1,1,42.19,46.39,1,Yes,0,Others,8,Interested
5863,46,Female,Tablet,5.48,14,13,1,0,6.92,39.99,1,Yes,1,Right_Discount,5,Interested
5864,36,Female,Mobile,27.49,17,5,0,0,28.94,19.41,1,Yes,0,Others,9,Interested
5865,40,Female,Mobile,13.43,9,10,1,0,11.32,53.44,1,Yes,1,Right_Discount,0,Technical Error
5866,36,Female,Desktop,11.96,12,10,1,1,7.1,45.48,1,Yes,0,Others,3,Interested
5867,42,Male,Desktop,7.71,10,5,1,1,0,17.12,1,Yes,1,Right_Discount,9,Interested
5868,33,Female,Tablet,19.44,11,4,1,1,16,50.61,1,Yes,1,Right_Discount,9,Interested
5869,26,Female,Mobile,20.88,2,14,1,1,12.08,83.44,1,Yes,1,Right_Discount,5,Interested
5870,18,Female,Mobile,14.56,16,5,1,0,18.69,50.93,1,Yes,0,Others,6,Interested
5871,59,Male,Mobile,2.62,1,13,0,0,2.4,21.74,1,Yes,1,Right_Discount,9,Interested
5872,36,Female,Mobile,27.64,1,4,1,1,38.41,68.59,1,Yes,0,Others,4,Interested
5873,50,Male,Tablet,29.43,2,1,0,1,19.36,86.98,1,Yes,1,Right_Discount,7,Interested
5874,51,Male,Mobile,0,12,4,0,0,11.04,34.51,1,Yes,0,Others,9,Interested
5875,33,Male,Mobile,18.8,18,0,1,1,14.65,7.11,1,Yes,0,Others,0,Technical Error
5876,57,Male,Mobile,14.06,12,2,0,1,19.19,91.48,1,Yes,1,Right_Discount,0,Technical Error
5877,35,Female,Mobile,10.33,1,13,0,1,10.41,68.22,1,Yes,0,Others,3,Interested
5878,51,Male,Mobile,3.24,11,6,0,1,2.08,99.14,1,Yes,0,Others,7,Interested
5879,42,Male,Mobile,14.23,2,3,0,1,12.2,69.45,1,Yes,1,Right_Discount,7,Interested
5880,23,Male,Mobile,24.73,12,7,1,1,35.69,12.42,1,Yes,0,Others,5,Interested
5881,38,Male,Mobile,1.49,2,2,0,0,1.57,43.31,1,Yes,0,Others,4,Interested
5882,23,Male,Tablet,17.88,17,6,1,0,9.6,4.29,1,Yes,0,Others,9,Interested
5883,49,Female,Mobile,26.54,6,13,1,1,14.81,34.15,1,Yes,1,Right_Discount,9,Interested
5884,58,Male,Mobile,7.31,16,1,0,1,5.38,78.53,1,Yes,0,Others,1,Interested
5885,56,Female,Tablet,6.31,19,13,0,0,7.08,55.56,1,Yes,1,Right_Discount,4,Interested
5886,48,Female,Desktop,23.4,6,7,0,0,17.44,45.89,1,Yes,1,Right_Discount,4,Interested
5887,59,Male,Tablet,8.4,7,14,0,1,11.34,0,1,Yes,1,Right_Discount,1,Interested
5888,27,Female,Tablet,6.57,19,12,1,1,7.42,17.71,0,No,1,Low_Discount,7,Not Interested
5889,47,Female,Mobile,11.96,17,2,0,1,9.58,53.86,1,Yes,0,Others,9,Interested
5890,35,Female,Desktop,12.38,6,12,0,0,11.07,64.74,1,Yes,0,Others,4,Interested
5891,41,Male,Mobile,26.35,15,5,1,1,23.06,92.58,1,Yes,0,Others,4,Interested
5892,26,Male,Mobile,18.93,9,1,1,1,15.41,16.37,1,Yes,0,Others,0,Technical Error
5893,48,Male,Desktop,12.77,2,6,1,0,14.43,70.67,1,Yes,0,Others,0,Technical Error
5894,32,Male,Mobile,16.5,5,12,1,0,11.58,4.58,1,Yes,1,Right_Discount,0,Technical Error
5895,21,Male,Desktop,28.66,5,3,0,1,22.7,56.73,1,Yes,1,Right_Discount,7,Interested
5896,57,Male,Desktop,4.28,12,5,0,1,2.5,64.5,1,Yes,1,Right_Discount,9,Interested
5897,26,Male,Mobile,7.02,10,1,1,0,6.15,83.99,1,Yes,0,Others,1,Interested
5898,26,Female,Desktop,28.91,4,2,0,1,16.32,0,1,Yes,1,Right_Discount,7,Interested
5899,43,Female,Mobile,28.76,12,14,1,1,14.89,69.67,1,Yes,0,Others,5,Interested
5900,21,Male,Mobile,6.14,15,2,0,0,7.04,9.27,1,Yes,0,Others,4,Interested
5901,34,Female,Desktop,5.21,10,3,1,1,3.45,22.26,1,Yes,0,Others,5,Interested
5902,33,Male,Mobile,13.21,18,0,1,0,7.07,77.35,1,Yes,1,Right_Discount,3,Interested
5903,32,Male,Desktop,2.44,5,12,1,1,1.39,89.27,1,Yes,1,Right_Discount,2,Interested
5904,52,Male,Mobile,19.99,13,5,0,0,13.98,1.62,1,Yes,1,Right_Discount,3,Interested
0,22,Female,Mobile,3.25,4,10,0,0,3.97,16.64,1,Yes,1,Right_Discount,8,Interested
5906,22,Male,Desktop,2.68,9,5,0,0,1.37,21.02,1,Yes,1,Right_Discount,7,Interested
5907,37,Male,Mobile,15.07,18,3,0,0,18.48,51.94,1,Yes,0,Others,7,Interested
5908,32,Male,Mobile,28.78,3,7,0,1,31.57,15.42,1,Yes,1,Right_Discount,0,Technical Error
5909,35,Male,Mobile,13.38,11,4,1,0,13.57,97.61,1,Yes,1,Right_Discount,4,Interested
5910,19,Female,Desktop,11.34,4,9,1,1,15.98,38.79,1,Yes,1,Right_Discount,5,Interested
5911,46,Male,Mobile,29.94,9,13,1,0,39.81,14.28,1,Yes,0,Others,8,Interested
5912,30,Female,Desktop,16.43,12,3,1,0,15.1,77.42,1,Yes,1,Right_Discount,9,Interested
5913,21,Female,Mobile,11.88,10,6,1,0,6.02,56.18,1,Yes,1,Right_Discount,9,Interested
5914,0,Male,Desktop,12.19,10,9,1,1,14.76,91.41,1,Yes,0,Others,5,Interested
5915,27,Male,Tablet,6.65,9,14,1,0,3.64,93.56,1,Yes,1,Right_Discount,0,Technical Error
5916,48,Female,Mobile,15.85,10,9,1,1,12.33,85.59,1,Yes,0,Others,0,Technical Error
5917,58,Female,Mobile,13.73,9,7,0,0,13.63,56.43,1,Yes,0,Others,6,Interested
5918,25,Female,Desktop,8.85,1,1,0,1,5.3,22.26,1,Yes,1,Right_Discount,2,Interested
5919,20,Female,Desktop,5.66,16,12,0,1,6.67,42.86,1,Yes,0,Others,6,Interested
5920,26,Male,Mobile,10.03,14,0,0,1,8.24,48.25,1,Yes,1,Right_Discount,4,Interested
5921,47,Female,Desktop,15.75,13,5,0,1,13.57,97.55,1,Yes,0,Others,0,Technical Error
5922,28,Female,Desktop,2.69,6,1,1,1,3.09,25.26,1,Yes,1,Right_Discount,7,Interested
5923,52,Female,Desktop,5.46,14,10,1,1,4.9,43.47,1,Yes,0,Others,8,Interested
5924,54,Female,Desktop,28.48,8,7,1,0,20.64,56.23,1,Yes,0,Others,5,Interested
5925,59,Male,Mobile,16.74,18,12,1,1,11.33,39.11,1,Yes,1,Right_Discount,1,Interested
5926,30,Male,Tablet,2.84,1,4,0,0,3.48,12.06,1,Yes,1,Right_Discount,8,Interested
5927,53,Male,Mobile,21.1,12,1,0,0,26.39,89.04,1,Yes,0,Others,1,Interested
0,30,Female,Mobile,2.79,11,10,0,1,1.94,80.12,1,Yes,1,Right_Discount,5,Interested
5929,29,Female,Mobile,22.43,13,11,0,1,18.37,25.65,1,Yes,0,Others,9,Interested
5930,54,Male,Mobile,22.75,4,4,1,0,33.14,44.75,1,Yes,1,Right_Discount,3,Interested
5931,27,Male,Mobile,19.88,6,1,1,0,29.51,73.53,1,Yes,1,Right_Discount,5,Interested
5932,26,Female,Mobile,22.23,13,5,1,1,24.13,97.36,1,Yes,1,Right_Discount,3,Interested
5933,24,Male,Mobile,3.55,13,7,1,0,4.46,16.75,1,Yes,1,Right_Discount,2,Interested
5934,19,Female,Desktop,22.08,6,1,0,0,27.56,63.8,1,Yes,0,Others,7,Interested
5935,40,Female,Mobile,4.96,4,5,1,1,4.44,81.76,1,Yes,0,Others,4,Interested
5936,56,Female,Mobile,10.85,3,5,0,0,5.95,2.59,1,Yes,0,Others,0,Technical Error
5937,57,Female,Mobile,28.34,15,0,1,1,35.16,81.1,1,Yes,0,Others,7,Interested
5938,56,Female,Mobile,15.58,11,8,0,1,9.91,78.99,1,Yes,0,Others,2,Interested
5939,38,Female,Mobile,29.06,2,14,1,0,22.97,92.35,1,Yes,0,Others,3,Interested
5940,40,Male,Mobile,3.58,17,11,0,0,2.92,8.44,1,Yes,1,Right_Discount,8,Interested
5941,46,Male,Tablet,14.85,2,7,0,0,12.61,12.43,1,Yes,1,Right_Discount,2,Interested
5942,31,Male,Desktop,2.81,1,11,0,1,2.71,51.87,1,Yes,0,Others,4,Interested
5943,43,Female,Desktop,0,5,13,0,0,19.31,87.16,1,Yes,0,Others,7,Interested
5944,22,Male,Mobile,3.28,17,3,1,0,3.23,87.45,1,Yes,0,Others,5,Interested
5945,48,Female,Mobile,6.09,1,6,0,1,4.04,70.01,1,Yes,0,Others,2,Interested
5946,42,Female,Mobile,8.51,0,3,1,0,9.78,44.87,1,Yes,0,Others,7,Interested
5947,48,Female,Desktop,22.71,3,7,1,0,29.3,23.11,1,Yes,0,Others,4,Interested
5948,37,Female,Mobile,5.75,16,9,0,1,5.53,47.47,1,Yes,1,Right_Discount,5,Interested
5949,34,Male,Mobile,25.55,16,1,0,1,34.19,21.71,1,Yes,1,Right_Discount,2,Interested
5950,19,Male,Mobile,4.83,12,1,1,0,0,77.3,1,Yes,0,Others,7,Interested
5951,42,Unknown,Mobile,2.02,9,2,1,1,2.16,42.15,1,Yes,0,Others,3,Interested
5952,30,Female,Tablet,12.46,14,13,1,0,7.1,53.94,1,Yes,1,Right_Discount,8,Interested
5953,56,Male,Desktop,29.4,12,3,0,1,19.02,68.09,1,Yes,1,Right_Discount,4,Interested
5954,45,Male,Desktop,4.2,16,10,1,1,5.32,52.64,1,Yes,1,Right_Discount,0,Technical Error
5955,59,Male,Mobile,3.95,17,12,0,1,2.96,75.53,1,Yes,1,Right_Discount,8,Interested
5956,23,Female,Desktop,22.78,12,5,0,0,13.53,78.61,1,Yes,1,Right_Discount,7,Interested
5957,20,Male,Desktop,10.05,4,14,0,1,10.74,24.27,1,Yes,0,Others,4,Interested
5958,52,Female,Tablet,21.8,17,4,0,1,12.96,29.81,1,Yes,1,Right_Discount,2,Interested
5959,35,Male,Mobile,6.8,1,9,0,1,8.05,5.93,1,Yes,1,Right_Discount,8,Interested
5960,28,Female,Mobile,14.34,17,12,0,1,17.05,8.92,1,Yes,1,Right_Discount,6,Interested
5961,37,Male,Desktop,8.69,11,9,1,0,8.28,82.95,1,Yes,1,Right_Discount,7,Interested
5962,22,Male,Mobile,14.09,19,6,1,1,16.71,0,1,Yes,1,Right_Discount,2,Interested
5963,36,Male,Desktop,23.3,18,5,1,0,30.28,83.47,1,Yes,1,Right_Discount,5,Interested
5964,39,Female,Tablet,23.1,2,13,0,0,16.12,98.59,1,Yes,1,Right_Discount,3,Interested
5965,36,Male,Mobile,15.96,9,14,1,1,18.35,24.28,1,Yes,1,Right_Discount,2,Interested
5966,33,Male,Mobile,27.92,9,14,0,0,33.29,46.04,1,Yes,1,Right_Discount,3,Interested
5967,41,Female,Mobile,8.65,12,3,1,1,6.01,53.71,1,Yes,1,Right_Discount,1,Interested
5968,58,Female,Desktop,7.97,13,10,1,0,9.78,94.28,1,Yes,1,Right_Discount,4,Interested
5969,21,Female,Desktop,18.8,16,9,1,1,22.93,17.86,1,Yes,0,Others,7,Interested
5970,32,Female,Mobile,19.02,13,8,1,0,12.5,83.6,1,Yes,1,Right_Discount,4,Interested
5971,42,Male,Mobile,0,14,6,0,0,1.92,95.78,1,Yes,1,Right_Discount,1,Interested
0,52,Male,Mobile,18.63,7,0,1,1,26.85,55.44,1,Yes,0,Others,6,Interested
5973,31,Female,Desktop,11.86,2,7,0,1,6.77,15.24,1,Yes,1,Right_Discount,7,Interested
5974,36,Male,Mobile,22.68,0,3,0,0,16.53,33.38,1,Yes,1,Right_Discount,3,Interested
5975,55,Female,Mobile,24.44,17,6,0,0,26.37,95.91,1,Yes,1,Right_Discount,2,Interested
5976,53,Unknown,Desktop,17.01,5,10,0,1,24.98,16.82,1,Yes,0,Others,7,Interested
5977,24,Female,Mobile,1.05,10,1,1,0,0.8,48.76,1,Yes,0,Others,9,Interested
5978,47,Male,Mobile,19.45,18,11,1,0,25.61,18.99,1,Yes,0,Others,1,Interested
5979,0,Female,Mobile,22.72,3,2,0,0,19.71,90.41,1,Yes,1,Right_Discount,6,Interested
5980,42,Female,Mobile,8.22,13,0,1,1,7.01,59.04,1,Yes,0,Others,9,Interested
5981,33,Male,Unknown,14.47,13,1,1,0,21.65,92.33,1,Yes,1,Right_Discount,7,Interested
5982,57,Male,Tablet,29.01,10,10,0,1,38.21,94.62,1,Yes,0,Others,4,Interested
5983,25,Male,Desktop,9.65,2,4,0,1,7.22,48.9,1,Yes,1,Right_Discount,6,Interested
5984,35,Female,Desktop,7.47,16,1,1,0,5.12,93.71,1,Yes,0,Others,8,Interested
5985,45,Male,Tablet,7.11,4,12,1,1,4.15,0.07,1,Yes,0,Others,7,Interested
5986,33,Female,Mobile,17.21,19,5,1,1,16.91,19.21,0,No,1,Low_Discount,4,Not Interested
5987,36,Male,Mobile,28.54,5,5,1,1,23.82,73.4,1,Yes,1,Right_Discount,3,Interested
0,59,Male,Mobile,18.65,7,5,0,1,16.43,52.65,1,Yes,1,Right_Discount,2,Interested
5989,34,Female,Desktop,9.8,9,11,1,1,9.13,0,1,Yes,1,Right_Discount,5,Interested
5990,30,Female,Desktop,19.52,5,10,1,1,29.11,78.43,1,Yes,1,Right_Discount,3,Interested
5991,24,Male,Mobile,19.12,8,13,0,1,9.61,66.41,1,Yes,0,Others,3,Interested
5992,44,Female,Mobile,18.31,2,14,1,1,16.96,91.22,1,Yes,0,Others,6,Interested
5993,27,Female,Mobile,5.62,7,2,0,0,3.18,33.72,1,Yes,1,Right_Discount,9,Interested
5994,51,Male,Mobile,19.4,4,10,0,1,22.76,16.76,1,Yes,1,Right_Discount,4,Interested
5995,53,Female,Desktop,13.47,15,2,1,0,7.41,54.71,1,Yes,0,Others,0,Technical Error
5996,0,Male,Mobile,1.54,18,9,1,1,1.95,23.85,1,Yes,1,Right_Discount,4,Interested
5997,23,Male,Tablet,16.65,2,6,0,1,22.77,23.24,1,Yes,0,Others,5,Interested
5998,41,Female,Mobile,29.69,14,12,1,0,43.67,30.63,1,Yes,1,Right_Discount,0,Technical Error
5999,35,Male,Desktop,11.14,10,12,1,0,6.92,67.51,1,Yes,1,Right_Discount,2,Interested
6000,40,Female,Tablet,29,5,3,1,0,42.89,2.36,1,Yes,1,Right_Discount,5,Interested
6001,23,Male,Tablet,3.79,12,5,1,0,0,85,1,Yes,0,Others,6,Interested
6002,46,Female,Mobile,22.24,10,11,0,0,25.19,61.2,1,Yes,1,Right_Discount,6,Interested
6003,42,Female,Mobile,4.32,18,7,0,0,2.16,30.45,1,Yes,1,Right_Discount,6,Interested
6004,34,Female,Mobile,8.93,6,2,1,1,7.77,11.31,1,Yes,0,Others,8,Interested
6005,41,Female,Mobile,17.55,12,8,1,0,14.97,0,1,Yes,1,Right_Discount,1,Interested
6006,28,Female,Desktop,18.19,1,8,0,1,0,43.64,1,Yes,0,Others,2,Interested
6007,43,Male,Tablet,23.48,7,14,1,0,14.85,43.53,1,Yes,1,Right_Discount,6,Interested
6008,51,Male,Mobile,18.84,12,2,1,0,22.42,47.02,1,Yes,1,Right_Discount,5,Interested
6009,45,Female,Mobile,18.21,7,5,1,1,19.95,41.39,1,Yes,0,Others,0,Technical Error
6010,20,Male,Mobile,27.46,9,4,0,1,19.56,51.33,1,Yes,1,Right_Discount,9,Interested
6011,28,Female,Desktop,14.11,15,3,1,0,20.93,63.07,1,Yes,1,Right_Discount,6,Interested
6012,55,Female,Tablet,7.53,12,7,0,1,3.81,43.1,1,Yes,1,Right_Discount,1,Interested
6013,31,Male,Mobile,5.69,13,9,0,0,4.76,97.28,1,Yes,0,Others,3,Interested
6014,43,Male,Mobile,12.6,4,8,1,0,9.6,39.76,1,Yes,1,Right_Discount,6,Interested
6015,38,Female,Desktop,21.67,10,14,0,1,22.97,21.44,1,Yes,1,Right_Discount,3,Interested
6016,56,Female,Desktop,2.23,3,11,0,0,0,98.01,1,Yes,0,Others,5,Interested
6017,47,Female,Mobile,4.74,5,8,1,1,5.49,29.61,1,Yes,1,Right_Discount,8,Interested
6018,25,Female,Desktop,4.08,4,4,0,1,0,62.08,1,Yes,1,Right_Discount,4,Interested
6019,37,Female,Tablet,17.97,19,4,0,1,24.5,0,1,Yes,1,Right_Discount,2,Interested
6020,49,Female,Mobile,8.04,15,10,1,0,6.15,0.4,1,Yes,0,Others,5,Interested
6021,39,Male,Mobile,5.82,7,2,0,0,3.55,28.28,1,Yes,1,Right_Discount,3,Interested
6022,24,Female,Mobile,18.19,3,8,1,1,16.96,53.18,1,Yes,1,Right_Discount,8,Interested
6023,26,Female,Mobile,23.08,16,0,0,0,32.28,45.59,1,Yes,0,Others,1,Interested
6024,18,Male,Mobile,10.63,15,11,1,0,5.68,7.28,1,Yes,0,Others,9,Interested
6025,46,Female,Mobile,17.77,18,2,1,1,20,44.71,1,Yes,0,Others,4,Interested
6026,25,Female,Mobile,3.85,3,6,0,1,3.21,10.59,1,Yes,1,Right_Discount,8,Interested
6027,21,Male,Mobile,28.12,14,6,0,0,31.57,24.99,1,Yes,0,Others,9,Interested
6028,52,Female,Mobile,10.77,1,4,1,1,0,74.88,1,Yes,1,Right_Discount,6,Interested
6029,20,Male,Mobile,29.93,7,5,1,0,43.91,17.86,1,Yes,1,Right_Discount,4,Interested
6030,57,Female,Desktop,29.38,2,3,1,0,18.03,66.53,1,Yes,0,Others,7,Interested
6031,24,Male,Desktop,23.59,10,7,1,1,15.52,97.29,1,Yes,1,Right_Discount,1,Interested
6032,44,Male,Mobile,1.58,16,3,0,1,0.86,24.7,1,Yes,0,Others,3,Interested
6033,18,Male,Mobile,16.76,12,9,0,0,21.7,25.95,1,Yes,0,Others,5,Interested
6034,44,Female,Desktop,3.52,18,14,0,0,2.09,95.31,1,Yes,0,Others,6,Interested
6035,33,Female,Mobile,26.96,6,5,0,0,20.94,66.51,1,Yes,0,Others,7,Interested
6036,55,Male,Tablet,23.9,17,4,1,1,16.86,77.01,1,Yes,1,Right_Discount,3,Interested
6037,24,Male,Mobile,29.2,8,11,0,1,24.92,79.15,1,Yes,1,Right_Discount,8,Interested
6038,40,Female,Desktop,18.64,9,13,1,1,23.59,72.99,1,Yes,1,Right_Discount,0,Technical Error
6039,58,Female,Mobile,16.14,19,9,0,1,0,97.68,1,Yes,0,Others,1,Interested
6040,28,Female,Desktop,16.05,2,5,0,0,22.13,27.47,1,Yes,0,Others,8,Interested
6041,59,Female,Desktop,12.21,7,2,0,0,16.38,51.84,1,Yes,1,Right_Discount,6,Interested
6042,50,Female,Tablet,14.59,11,0,1,0,13.39,66.41,1,Yes,0,Others,4,Interested
6043,53,Male,Tablet,19.43,13,2,0,0,25.29,70.73,1,Yes,1,Right_Discount,2,Interested
6044,54,Female,Mobile,28.06,10,9,0,1,35.84,19.22,1,Yes,0,Others,8,Interested
6045,58,Male,Mobile,18.28,15,6,0,1,13.66,87.55,1,Yes,0,Others,6,Interested
6046,34,Unknown,Mobile,25.86,7,12,0,1,19.72,81.47,1,Yes,1,Right_Discount,2,Interested
6047,52,Male,Mobile,26.02,6,0,1,0,25.99,26.42,1,Yes,1,Right_Discount,4,Interested
6048,22,Male,Mobile,16.05,12,0,1,0,23.49,54.4,1,Yes,1,Right_Discount,2,Interested
6049,49,Female,Desktop,11.08,3,0,0,1,0,29.47,1,Yes,0,Others,2,Interested
6050,20,Male,Tablet,19.55,16,5,1,0,29.1,36.59,1,Yes,1,Right_Discount,6,Interested
6051,52,Male,Mobile,13.93,9,3,1,0,9.18,53.36,1,Yes,1,Right_Discount,8,Interested
6052,31,Male,Mobile,3.36,10,13,1,0,3.31,53.95,1,Yes,0,Others,4,Interested
6053,48,Male,Mobile,0,13,5,0,0,9.62,53.21,1,Yes,0,Others,3,Interested
6054,48,Female,Desktop,29.83,8,13,0,0,27.44,54.43,1,Yes,0,Others,3,Interested
6055,34,Male,Mobile,2.41,6,13,1,1,3.51,63.61,1,Yes,0,Others,2,Interested
6056,41,Female,Tablet,21.2,3,14,1,1,23.99,1.57,1,Yes,0,Others,7,Interested
6057,40,Male,Desktop,25.39,12,0,0,0,20.25,13.98,1,Yes,1,Right_Discount,9,Interested
6058,35,Female,Desktop,19.81,9,3,0,0,22.35,47.03,1,Yes,0,Others,0,Technical Error
6059,31,Female,Mobile,17.52,9,3,1,0,16.68,70.84,1,Yes,1,Right_Discount,2,Interested
6060,32,Female,Unknown,21.52,11,1,1,1,31.06,50.93,1,Yes,0,Others,1,Interested
6061,32,Male,Tablet,13.45,6,0,1,0,11.47,62.89,1,Yes,0,Others,6,Interested
6062,23,Female,Desktop,3.65,2,12,0,0,3.96,97.07,1,Yes,0,Others,5,Interested
6063,44,Female,Tablet,0,7,7,0,0,39.01,73.01,1,Yes,0,Others,0,Technical Error
6064,32,Male,Mobile,13.54,9,5,1,0,19.75,93.99,1,Yes,1,Right_Discount,2,Interested
6065,53,Female,Desktop,20.3,19,3,1,1,26.37,1.9,1,Yes,1,Right_Discount,3,Interested
6066,25,Male,Mobile,16.41,18,1,1,0,23.56,44.72,1,Yes,1,Right_Discount,9,Interested
6067,32,Male,Desktop,2.59,12,11,0,1,2.5,35.45,1,Yes,0,Others,6,Interested
6068,20,Female,Desktop,28.63,11,12,0,0,36.2,70.55,1,Yes,1,Right_Discount,2,Interested
6069,30,Male,Desktop,23.98,10,4,1,0,14.26,92.94,1,Yes,1,Right_Discount,3,Interested
6070,58,Male,Desktop,5.32,3,8,0,0,5.82,4.03,1,Yes,1,Right_Discount,6,Interested
6071,51,Male,Mobile,29.47,12,6,0,0,15.13,5.73,1,Yes,1,Right_Discount,3,Interested
6072,41,Female,Tablet,22.37,4,3,0,0,17,67.28,1,Yes,1,Right_Discount,8,Interested
6073,57,Male,Tablet,14.7,10,14,0,0,17.13,34.61,1,Yes,0,Others,5,Interested
6074,49,Male,Mobile,18.73,2,4,1,1,12.58,20.3,1,Yes,0,Others,1,Interested
6075,49,Male,Tablet,4.1,12,7,0,0,2.87,95.47,1,Yes,0,Others,0,Technical Error
6076,47,Female,Mobile,17.25,11,10,1,1,9.69,1.4,1,Yes,0,Others,7,Interested
6077,30,Male,Desktop,3.14,14,12,1,1,3.92,27.4,1,Yes,1,Right_Discount,2,Interested
6078,18,Female,Mobile,16.8,15,4,1,0,15.93,33.17,1,Yes,1,Right_Discount,6,Interested
6079,51,Male,Tablet,17.03,14,11,0,1,23.64,78.28,1,Yes,1,Right_Discount,3,Interested
6080,32,Female,Mobile,26.36,12,5,0,0,22.73,56.17,1,Yes,1,Right_Discount,2,Interested
6081,31,Female,Mobile,22.03,2,12,1,0,20.6,32.84,1,Yes,0,Others,8,Interested
6082,46,Female,Mobile,8.24,2,9,1,0,8.2,16.98,1,Yes,0,Others,5,Interested
6083,51,Male,Mobile,26.76,1,5,1,0,36.42,21.79,1,Yes,1,Right_Discount,5,Interested
6084,35,Male,Desktop,17.62,15,7,1,1,13.96,3.87,1,Yes,1,Right_Discount,5,Interested
6085,24,Male,Mobile,18.59,0,12,0,1,10.25,83.69,1,Yes,1,Right_Discount,2,Interested
6086,0,Female,Desktop,5.9,1,10,0,0,6.65,11.72,1,Yes,0,Others,5,Interested
6087,48,Male,Tablet,25.88,1,0,0,1,34.31,82.3,1,Yes,1,Right_Discount,3,Interested
6088,42,Male,Desktop,28,1,0,0,0,29.58,13.92,1,Yes,0,Others,1,Interested
6089,55,Female,Desktop,23.47,11,3,1,0,19.26,90.59,1,Yes,0,Others,2,Interested
6090,31,Male,Mobile,28.28,12,2,0,1,31.97,67.85,1,Yes,1,Right_Discount,3,Interested
6091,25,Male,Mobile,9.77,15,1,1,0,14.57,35.2,1,Yes,0,Others,0,Technical Error
6092,44,Female,Mobile,25.97,14,6,0,1,27.89,39.27,1,Yes,0,Others,6,Interested
6093,19,Female,Mobile,15.18,1,12,0,1,12.37,28.46,1,Yes,1,Right_Discount,4,Interested
6094,34,Male,Tablet,5.75,1,12,1,0,4.28,21.13,1,Yes,1,Right_Discount,8,Interested
6095,54,Female,Mobile,20.4,6,6,1,1,30.56,91.11,1,Yes,0,Others,5,Interested
6096,31,Male,Tablet,20.84,3,14,1,1,28.14,18.44,1,Yes,1,Right_Discount,7,Interested
6097,42,Male,Mobile,9.32,14,7,0,0,7.26,17.59,1,Yes,1,Right_Discount,8,Interested
6098,47,Unknown,Desktop,1.8,6,14,1,1,1.37,36.03,1,Yes,0,Others,5,Interested
6099,46,Male,Mobile,6.8,0,9,1,1,8.86,98.43,1,Yes,0,Others,6,Interested
0,37,Male,Mobile,12.59,15,14,0,1,18.79,46.49,0,No,0,Others,5,Not Interested
6101,38,Female,Desktop,5.86,17,4,1,1,5.66,35.53,1,Yes,1,Right_Discount,5,Interested
6102,39,Female,Mobile,6.63,9,14,1,0,4.82,99.86,1,Yes,0,Others,1,Interested
6103,52,Male,Unknown,12.35,16,0,0,0,9.02,74,1,Yes,1,Right_Discount,4,Interested
6104,54,Female,Mobile,28.89,1,5,1,1,37.48,94.46,1,Yes,0,Others,5,Interested
6105,33,Female,Mobile,23.16,16,5,1,1,25.59,24.89,1,Yes,0,Others,9,Interested
6106,34,Male,Tablet,10.27,19,10,1,0,11.64,75.42,1,Yes,0,Others,4,Interested
6107,33,Female,Mobile,28.6,9,7,1,0,19.86,89.06,1,Yes,0,Others,3,Interested
6108,19,Female,Unknown,19.72,17,12,0,1,12.43,52.94,1,Yes,1,Right_Discount,5,Interested
6109,21,Male,Mobile,14.21,6,9,1,1,7.26,42.39,1,Yes,0,Others,5,Interested
6110,38,Male,Desktop,14.58,14,14,1,0,20.63,29.6,1,Yes,0,Others,7,Interested
6111,56,Male,Mobile,12.91,18,1,0,1,11.04,56.73,1,Yes,1,Right_Discount,7,Interested
6112,51,Male,Mobile,7.76,14,10,0,1,9.76,19.21,1,Yes,1,Right_Discount,9,Interested
6113,47,Male,Mobile,12.21,7,8,0,1,16.9,43.18,1,Yes,0,Others,0,Technical Error
6114,23,Male,Mobile,16.31,10,10,1,1,0,68.25,1,Yes,1,Right_Discount,1,Interested
6115,0,Male,Mobile,16.31,16,12,0,0,0,65.24,1,Yes,1,Right_Discount,0,Technical Error
6116,56,Female,Desktop,23.09,7,5,1,0,12.44,69.99,1,Yes,0,Others,9,Interested
6117,0,Male,Desktop,11.41,6,0,0,0,9.55,58.66,0,No,0,Others,6,Not Interested
6118,22,Female,Mobile,21.79,6,0,1,0,17.9,0.26,1,Yes,0,Others,7,Interested
6119,22,Female,Mobile,17.76,7,7,1,0,18.94,2.67,1,Yes,0,Others,2,Interested
6120,37,Male,Mobile,28.89,17,9,0,0,36.52,58.03,1,Yes,1,Right_Discount,2,Interested
6121,33,Female,Mobile,12.17,8,0,0,0,14.74,96.6,1,Yes,0,Others,6,Interested
6122,58,Female,Mobile,27.14,2,7,0,0,37.18,19.44,1,Yes,0,Others,7,Interested
6123,54,Female,Mobile,24.8,19,12,0,0,13.56,71.74,1,Yes,0,Others,5,Interested
6124,57,Male,Tablet,19.49,7,6,1,1,21.54,43.32,1,Yes,0,Others,7,Interested
6125,26,Female,Desktop,19.98,12,4,0,0,13.77,13.91,1,Yes,0,Others,1,Interested
6126,22,Female,Mobile,3.45,3,14,1,1,5.08,3.33,1,Yes,1,Right_Discount,6,Interested
6127,59,Male,Mobile,28.56,4,12,1,1,25.96,71.34,1,Yes,1,Right_Discount,4,Interested
6128,19,Female,Desktop,4.1,11,5,0,0,4.61,14.39,1,Yes,0,Others,5,Interested
6129,26,Female,Mobile,17.33,12,3,1,0,14.76,29.84,1,Yes,0,Others,6,Interested
6130,53,Female,Desktop,10.57,19,8,0,1,7.61,40.14,1,Yes,1,Right_Discount,8,Interested
6131,39,Unknown,Tablet,13.47,19,8,0,0,16,70.59,1,Yes,0,Others,6,Interested
6132,39,Female,Mobile,18.7,11,12,0,0,26.91,38.76,1,Yes,1,Right_Discount,0,Technical Error
6133,39,Male,Mobile,27.36,13,14,0,0,15.31,38.63,0,No,1,Low_Discount,4,Not Interested
6134,51,Female,Desktop,14.27,1,9,1,0,18.91,79.42,1,Yes,1,Right_Discount,3,Interested
6135,46,Male,Tablet,29.64,6,13,0,1,24.94,0.7,1,Yes,1,Right_Discount,7,Interested
6136,55,Female,Mobile,18.19,16,0,1,0,11.29,75.39,1,Yes,0,Others,6,Interested
6137,50,Male,Desktop,5.66,2,11,1,1,6.87,52.17,1,Yes,0,Others,3,Interested
6138,35,Male,Mobile,6.51,14,8,0,0,3.79,54.17,1,Yes,0,Others,2,Interested
6139,24,Male,Mobile,21.77,18,2,0,1,26.73,34.56,1,Yes,0,Others,5,Interested
6140,18,Female,Desktop,2.46,17,11,1,1,2.3,9.25,1,Yes,0,Others,0,Technical Error
6141,50,Female,Tablet,14.93,18,1,1,1,9.92,9.08,1,Yes,1,Right_Discount,2,Interested
6142,18,Female,Desktop,5.3,19,3,0,0,3.48,34.08,1,Yes,1,Right_Discount,4,Interested
6143,41,Female,Desktop,13.56,15,3,1,1,16.93,72.04,1,Yes,0,Others,9,Interested
6144,21,Female,Mobile,22.75,2,8,0,0,30.22,89.16,1,Yes,1,Right_Discount,0,Technical Error
6145,21,Male,Mobile,14.31,4,3,1,1,16.97,81.22,1,Yes,1,Right_Discount,9,Interested
6146,35,Male,Mobile,5.74,1,4,1,1,7.01,79.79,1,Yes,1,Right_Discount,9,Interested
6147,44,Male,Mobile,8.31,8,5,1,0,11.2,0.57,1,Yes,1,Right_Discount,7,Interested
6148,49,Female,Desktop,11.66,14,3,0,1,10.83,19.16,1,Yes,0,Others,6,Interested
6149,50,Female,Mobile,3.02,0,0,1,0,2.02,94.51,1,Yes,0,Others,7,Interested
6150,45,Male,Desktop,17.95,14,12,0,0,15.75,87.02,1,Yes,1,Right_Discount,1,Interested
6151,59,Female,Desktop,18.62,16,1,1,1,27.54,12.67,1,Yes,1,Right_Discount,6,Interested
6152,58,Female,Unknown,2.8,10,2,1,0,2.66,63.62,1,Yes,0,Others,3,Interested
6153,53,Male,Mobile,12.67,7,3,1,1,18.04,43.31,1,Yes,0,Others,1,Interested
6154,23,Male,Desktop,13.01,16,4,0,0,15.65,0.77,1,Yes,0,Others,8,Interested
6155,33,Female,Unknown,10.68,4,0,0,0,13.22,80.02,1,Yes,0,Others,4,Interested
6156,51,Female,Desktop,17.17,12,9,0,1,11.85,94.31,1,Yes,1,Right_Discount,6,Interested
6157,40,Male,Mobile,11.03,0,9,0,0,9.58,92.08,1,Yes,1,Right_Discount,3,Interested
6158,59,Female,Mobile,13.08,2,2,1,0,16.12,38.43,1,Yes,1,Right_Discount,9,Interested
6159,41,Male,Mobile,24.13,6,10,1,0,27.88,78.78,1,Yes,0,Others,3,Interested
6160,30,Male,Mobile,5.7,15,0,1,0,7.77,49.8,1,Yes,1,Right_Discount,2,Interested
6161,35,Male,Desktop,18.95,15,10,1,1,13.45,98,0,No,0,Others,0,Not Interested
6162,30,Female,Desktop,15.66,16,10,1,1,19.55,96.33,1,Yes,1,Right_Discount,1,Interested
6163,54,Male,Mobile,9.85,3,14,0,1,5.31,77.34,1,Yes,1,Right_Discount,8,Interested
6164,56,Male,Mobile,22.1,1,7,0,0,17.68,47.13,1,Yes,0,Others,0,Technical Error
6165,59,Female,Mobile,16.98,12,7,0,0,19.2,90.19,1,Yes,0,Others,4,Interested
6166,34,Unknown,Tablet,14.84,15,12,1,1,21.96,22.4,1,Yes,1,Right_Discount,1,Interested
6167,32,Female,Mobile,20.36,19,3,1,1,30.32,21.42,1,Yes,1,Right_Discount,3,Interested
6168,35,Female,Desktop,24.27,6,14,0,1,22.79,55.82,1,Yes,1,Right_Discount,6,Interested
6169,40,Female,Mobile,29.21,19,6,1,0,36.94,81.9,1,Yes,0,Others,4,Interested
6170,47,Male,Desktop,19.25,17,14,0,1,21.18,6.21,1,Yes,0,Others,0,Technical Error
6171,51,Male,Mobile,26.36,9,3,1,0,31.87,78.47,1,Yes,0,Others,2,Interested
6172,21,Female,Mobile,1.03,13,13,0,0,1.27,94.93,1,Yes,0,Others,9,Interested
6173,20,Female,Desktop,16.38,15,2,0,1,17.16,54.6,1,Yes,1,Right_Discount,8,Interested
6174,24,Female,Mobile,7.22,16,6,0,0,9.49,21.36,1,Yes,0,Others,0,Technical Error
6175,35,Male,Mobile,3.73,13,13,1,1,4.05,63.17,1,Yes,1,Right_Discount,9,Interested
6176,59,Female,Mobile,16.43,2,5,0,1,9.87,19.68,1,Yes,0,Others,3,Interested
6177,24,Female,Mobile,22.66,2,0,0,0,33.75,39.05,1,Yes,1,Right_Discount,4,Interested
6178,57,Female,Mobile,0,11,8,0,0,10.42,69.96,1,Yes,0,Others,9,Interested
6179,23,Male,Desktop,20.43,16,11,1,1,29.91,38.14,1,Yes,1,Right_Discount,2,Interested
6180,0,Female,Tablet,15.2,17,1,0,1,12.05,48.44,1,Yes,0,Others,2,Interested
6181,18,Male,Mobile,13.68,3,12,1,1,18.51,54.53,1,Yes,1,Right_Discount,0,Technical Error
6182,21,Male,Mobile,9.42,1,2,0,1,11.21,33.94,1,Yes,0,Others,5,Interested
6183,46,Female,Mobile,12.1,18,4,1,1,10.37,0,1,Yes,1,Right_Discount,3,Interested
6184,38,Female,Mobile,11.14,14,14,1,1,16.02,51.09,1,Yes,0,Others,7,Interested
6185,43,Female,Mobile,19.74,9,2,0,0,21.38,48.78,1,Yes,0,Others,5,Interested
6186,31,Male,Desktop,4.36,9,2,0,0,5.8,42.65,1,Yes,0,Others,2,Interested
6187,26,Male,Mobile,3.69,12,7,1,0,4.79,18.45,1,Yes,1,Right_Discount,6,Interested
6188,29,Male,Mobile,20.14,3,13,1,1,11,5.23,1,Yes,0,Others,2,Interested
6189,59,Female,Desktop,16.84,2,3,1,0,12.95,82.66,1,Yes,0,Others,8,Interested
6190,23,Male,Tablet,13.48,1,12,0,0,13.11,53.23,1,Yes,0,Others,7,Interested
6191,37,Female,Tablet,5.42,9,12,0,1,7.77,98.03,1,Yes,0,Others,2,Interested
6192,41,Female,Desktop,12.92,13,9,1,0,7.27,97.78,1,Yes,0,Others,1,Interested
6193,44,Female,Tablet,23.9,16,1,0,0,16.39,58.01,1,Yes,0,Others,2,Interested
6194,55,Male,Mobile,26.8,19,4,0,1,30.14,49.01,1,Yes,0,Others,3,Interested
6195,25,Male,Mobile,21.37,10,1,0,0,24.63,18.65,1,Yes,1,Right_Discount,0,Technical Error
6196,18,Male,Mobile,2.74,5,0,1,1,1.82,37.93,1,Yes,1,Right_Discount,8,Interested
6197,41,Female,Desktop,20.44,14,10,0,0,29.6,78.54,1,Yes,1,Right_Discount,9,Interested
6198,24,Male,Unknown,7.99,15,11,0,0,5.41,96.32,1,Yes,1,Right_Discount,1,Interested
6199,36,Male,Mobile,10.14,3,7,1,0,6.92,59.98,1,Yes,0,Others,7,Interested
6200,39,Female,Desktop,6.68,9,14,1,0,7.59,61.69,1,Yes,0,Others,6,Interested
6201,52,Female,Desktop,23.5,1,2,1,0,21.65,94.25,1,Yes,0,Others,0,Technical Error
6202,47,Male,Tablet,19.81,1,13,0,0,10.42,12.69,1,Yes,0,Others,5,Interested
6203,46,Female,Desktop,18.74,19,1,0,0,26.62,61.18,1,Yes,0,Others,5,Interested
6204,39,Male,Tablet,20.37,6,2,0,1,11.72,58.54,1,Yes,0,Others,8,Interested
6205,28,Female,Mobile,7.87,11,2,1,0,5.17,20.51,1,Yes,1,Right_Discount,9,Interested
6206,37,Female,Mobile,13.89,18,0,1,1,19.41,77.38,1,Yes,0,Others,7,Interested
6207,46,Male,Mobile,19.36,14,2,0,1,15.01,11.92,1,Yes,0,Others,6,Interested
6208,58,Female,Mobile,19.46,16,2,0,0,25.64,6.32,1,Yes,0,Others,6,Interested
6209,59,Female,Mobile,23.96,1,3,0,1,16.07,48.61,1,Yes,0,Others,4,Interested
6210,51,Female,Desktop,9.33,10,12,1,0,5.11,29.97,1,Yes,0,Others,1,Interested
6211,18,Male,Desktop,23.34,10,7,1,0,17.15,43.61,1,Yes,0,Others,9,Interested
6212,48,Female,Desktop,13.77,13,8,0,0,17.1,11.26,1,Yes,0,Others,4,Interested
6213,47,Female,Mobile,0,1,0,1,1,23.76,45.24,1,Yes,1,Right_Discount,0,Technical Error
6214,35,Male,Mobile,14.22,3,0,1,0,11.53,43.96,1,Yes,1,Right_Discount,9,Interested
6215,34,Male,Mobile,28.51,14,5,0,1,32.32,96.65,1,Yes,1,Right_Discount,5,Interested
6216,55,Female,Mobile,6.2,16,0,0,1,7.22,72.26,1,Yes,1,Right_Discount,1,Interested
6217,31,Female,Mobile,20.58,6,11,0,0,21.91,92.05,1,Yes,0,Others,0,Technical Error
6218,40,Female,Mobile,17.72,1,4,0,0,25.44,78.12,1,Yes,1,Right_Discount,0,Technical Error
6219,42,Male,Mobile,6.01,5,13,0,0,7.77,78.78,1,Yes,1,Right_Discount,0,Technical Error
6220,32,Female,Desktop,2.91,0,11,0,1,3.83,86.57,1,Yes,0,Others,3,Interested
6221,39,Male,Mobile,24.18,12,0,0,1,22.39,25.59,1,Yes,1,Right_Discount,4,Interested
6222,20,Male,Tablet,5.57,1,12,0,0,6.59,42.67,1,Yes,0,Others,4,Interested
6223,36,Female,Mobile,6.41,13,7,1,1,4.38,87.52,1,Yes,1,Right_Discount,0,Technical Error
0,0,Female,Tablet,29.37,9,11,0,0,23.38,6.69,1,Yes,1,Right_Discount,5,Interested
6225,52,Male,Mobile,21.8,8,4,1,0,21.85,5.51,1,Yes,1,Right_Discount,2,Interested
6226,18,Female,Mobile,8.26,13,5,0,0,10.87,64.79,1,Yes,0,Others,3,Interested
6227,38,Unknown,Mobile,18.14,2,3,1,1,15.18,90.96,1,Yes,0,Others,4,Interested
6228,46,Male,Desktop,16.49,15,14,0,1,15.5,79.42,1,Yes,1,Right_Discount,3,Interested
6229,23,Female,Mobile,25.49,14,12,1,0,37.15,79.9,1,Yes,1,Right_Discount,3,Interested
6230,54,Male,Mobile,22.15,19,7,0,1,17.37,36,1,Yes,0,Others,9,Interested
6231,18,Female,Desktop,25.12,9,11,0,1,28.09,59.17,1,Yes,0,Others,0,Technical Error
6232,18,Male,Mobile,7.13,19,8,1,0,4.28,77.15,1,Yes,1,Right_Discount,1,Interested
6233,44,Male,Mobile,19.57,14,8,1,1,17.84,79.37,1,Yes,1,Right_Discount,1,Interested
6234,38,Female,Mobile,2.17,8,0,1,1,1.8,58.06,1,Yes,1,Right_Discount,1,Interested
6235,33,Male,Desktop,3,5,13,0,1,1.54,80.04,1,Yes,1,Right_Discount,9,Interested
6236,57,Male,Mobile,21.69,7,6,1,1,23.54,2.69,1,Yes,0,Others,0,Technical Error
6237,43,Female,Mobile,1.71,4,3,1,1,1.42,0,1,Yes,1,Right_Discount,9,Interested
0,33,Female,Mobile,17.81,8,12,0,0,13.39,87.06,1,Yes,0,Others,7,Interested
6239,45,Female,Mobile,25.37,4,12,0,0,35.33,5.19,1,Yes,0,Others,0,Technical Error
6240,18,Male,Desktop,12.02,1,9,0,0,0,41.93,1,Yes,0,Others,7,Interested
6241,53,Male,Mobile,0,8,10,0,0,2.08,91.95,1,Yes,0,Others,0,Technical Error
6242,27,Male,Mobile,21.7,7,7,1,0,31.45,51.28,1,Yes,0,Others,9,Interested
6243,34,Female,Mobile,27.96,11,14,0,1,16.23,9.15,1,Yes,0,Others,2,Interested
6244,40,Male,Mobile,21.8,16,6,0,1,31.36,96.65,1,Yes,0,Others,8,Interested
6245,24,Male,Mobile,17.77,17,0,1,0,15.82,35.85,1,Yes,0,Others,7,Interested
6246,24,Female,Mobile,7.67,5,0,0,1,9.9,51.62,1,Yes,0,Others,1,Interested
6247,32,Male,Mobile,1.45,7,0,1,1,1.24,63.2,1,Yes,1,Right_Discount,3,Interested
6248,51,Female,Tablet,21.15,10,1,1,1,19.36,83.24,1,Yes,0,Others,7,Interested
6249,21,Female,Mobile,7.7,13,9,1,0,7.22,87.31,1,Yes,1,Right_Discount,8,Interested
6250,31,Female,Mobile,25.89,15,1,1,0,37.46,65.31,1,Yes,0,Others,6,Interested
6251,31,Male,Mobile,14.52,6,8,0,1,15.25,94.84,1,Yes,0,Others,0,Technical Error
6252,33,Male,Mobile,16.39,2,4,0,0,11.75,21.9,1,Yes,1,Right_Discount,7,Interested
6253,24,Male,Desktop,22.86,4,0,1,0,25.41,90.48,1,Yes,0,Others,0,Technical Error
6254,49,Female,Mobile,23.6,14,6,1,1,32.79,19.01,1,Yes,0,Others,8,Interested
6255,36,Female,Mobile,19.64,15,9,0,0,14.03,89.44,1,Yes,1,Right_Discount,7,Interested
6256,19,Female,Desktop,28.21,14,1,1,1,23.63,21.59,1,Yes,1,Right_Discount,3,Interested
6257,27,Male,Mobile,29.49,4,2,0,0,31.6,71.92,1,Yes,0,Others,9,Interested
6258,34,Male,Mobile,28.46,6,3,0,1,42.33,81.7,1,Yes,0,Others,3,Interested
6259,54,Male,Mobile,24.9,7,2,1,1,24.04,39.05,1,Yes,1,Right_Discount,3,Interested
6260,29,Male,Mobile,21.46,13,2,0,0,23.27,11.35,1,Yes,0,Others,5,Interested
6261,23,Male,Desktop,0,17,8,1,1,12.86,36.25,1,Yes,0,Others,1,Interested
6262,39,Female,Mobile,4.01,17,11,1,1,5.05,6.16,1,Yes,0,Others,3,Interested
6263,49,Male,Mobile,8.87,4,14,0,0,6.39,65.93,1,Yes,1,Right_Discount,3,Interested
6264,58,Female,Mobile,1.16,19,3,1,1,0.96,69.72,1,Yes,0,Others,7,Interested
6265,37,Female,Mobile,4.98,13,7,0,0,6.02,26.83,1,Yes,1,Right_Discount,1,Interested
6266,18,Male,Tablet,13.74,9,0,0,0,16.66,65.16,1,Yes,0,Others,7,Interested
6267,23,Female,Mobile,5.25,2,12,0,0,4.3,5.85,1,Yes,0,Others,9,Interested
0,36,Male,Tablet,27.15,18,5,1,0,36.66,3.15,1,Yes,0,Others,1,Interested
6269,35,Male,Mobile,24.37,17,0,0,0,31.55,40.8,1,Yes,1,Right_Discount,8,Interested
6270,23,Female,Desktop,3.08,7,0,1,1,3.44,48.44,1,Yes,1,Right_Discount,8,Interested
6271,50,Male,Mobile,8.22,17,4,0,1,5.58,1.86,1,Yes,1,Right_Discount,5,Interested
6272,40,Male,Mobile,24.75,10,6,0,0,34.77,58.99,1,Yes,0,Others,9,Interested
6273,40,Female,Desktop,24.29,14,12,1,1,24.96,83.28,1,Yes,0,Others,4,Interested
6274,43,Female,Desktop,28.42,12,11,1,0,24.91,41.05,1,Yes,1,Right_Discount,6,Interested
6275,30,Female,Mobile,29.93,12,0,0,1,42.72,74.71,1,Yes,1,Right_Discount,7,Interested
6276,24,Female,Mobile,29.31,17,8,1,0,43.13,15.11,1,Yes,1,Right_Discount,7,Interested
6277,32,Female,Mobile,12.89,19,11,1,1,15.69,52.96,1,Yes,0,Others,2,Interested
6278,44,Female,Tablet,8.26,14,10,1,1,10.67,78.92,1,Yes,0,Others,2,Interested
6279,43,Male,Mobile,22.99,17,0,1,1,17.17,68.2,1,Yes,1,Right_Discount,4,Interested
6280,50,Male,Desktop,9.68,15,0,1,1,7.35,77.97,1,Yes,0,Others,4,Interested
6281,32,Male,Desktop,24.39,6,14,1,1,26.08,72.11,1,Yes,0,Others,1,Interested
6282,53,Female,Desktop,16.48,19,13,0,0,24.44,12.1,1,Yes,1,Right_Discount,4,Interested
6283,44,Male,Mobile,24.02,6,1,1,1,29.86,10.27,1,Yes,0,Others,0,Technical Error
6284,22,Female,Mobile,9,6,1,1,1,11.21,97.55,1,Yes,1,Right_Discount,6,Interested
6285,19,Male,Tablet,15.73,4,8,1,0,11.92,48.23,1,Yes,1,Right_Discount,6,Interested
6286,50,Female,Desktop,17.36,1,12,0,1,15.97,73.24,1,Yes,1,Right_Discount,0,Technical Error
6287,33,Male,Desktop,28.35,19,13,1,1,23.89,68.15,1,Yes,1,Right_Discount,2,Interested
6288,40,Female,Mobile,8.73,11,13,0,0,7,4.43,1,Yes,1,Right_Discount,7,Interested
6289,55,Female,Desktop,28.16,7,3,1,0,0,49.66,1,Yes,0,Others,8,Interested
6290,33,Female,Mobile,24.34,2,14,0,1,14.6,52.14,1,Yes,1,Right_Discount,2,Interested
6291,31,Female,Mobile,22.2,4,5,0,0,14.77,80.86,1,Yes,1,Right_Discount,5,Interested
6292,46,Male,Desktop,23.82,6,12,0,1,21.73,96.22,1,Yes,0,Others,5,Interested
6293,43,Male,Mobile,18.56,5,9,0,1,14.9,28.94,1,Yes,0,Others,5,Interested
6294,52,Female,Desktop,8.08,9,1,0,0,11.34,5.89,1,Yes,1,Right_Discount,4,Interested
6295,32,Female,Mobile,6.5,11,14,1,1,4.55,47.53,1,Yes,1,Right_Discount,5,Interested
6296,20,Female,Mobile,26.12,18,3,1,0,19.56,2.98,1,Yes,1,Right_Discount,5,Interested
6297,40,Male,Mobile,22.03,17,0,1,0,14.94,38.54,1,Yes,1,Right_Discount,9,Interested
6298,46,Female,Mobile,7.18,13,14,0,1,9.75,27.33,1,Yes,0,Others,5,Interested
6299,51,Female,Mobile,18.84,17,2,0,0,13.23,24.3,1,Yes,1,Right_Discount,7,Interested
6300,50,Male,Desktop,13.98,10,1,1,0,11.91,0.16,1,Yes,1,Right_Discount,5,Interested
6301,58,Female,Desktop,5.6,18,13,1,1,6.55,25.06,1,Yes,1,Right_Discount,2,Interested
6302,58,Female,Mobile,16.42,17,7,1,0,9.48,31.99,1,Yes,1,Right_Discount,6,Interested
6303,40,Male,Mobile,9.16,12,4,1,0,12.06,91.1,1,Yes,0,Others,5,Interested
6304,24,Female,Desktop,3.79,15,4,1,1,4.57,8.83,1,Yes,0,Others,8,Interested
6305,20,Female,Desktop,14.54,19,7,1,1,11.07,76.7,1,Yes,1,Right_Discount,3,Interested
6306,49,Male,Desktop,18.11,15,10,0,1,16.15,72.49,1,Yes,1,Right_Discount,0,Technical Error
6307,48,Female,Desktop,2.36,13,14,1,0,2.64,32.63,1,Yes,1,Right_Discount,5,Interested
6308,35,Male,Mobile,12.66,7,7,0,1,18.31,90.7,1,Yes,0,Others,8,Interested
6309,24,Female,Mobile,8.47,11,12,1,1,9.56,65.53,1,Yes,1,Right_Discount,7,Interested
6310,58,Female,Mobile,1.89,8,6,0,1,1.42,9.7,1,Yes,0,Others,1,Interested
6311,18,Female,Mobile,4.64,16,4,1,0,4.56,20.4,1,Yes,0,Others,2,Interested
6312,31,Female,Desktop,5.03,11,6,0,1,4.78,40.11,1,Yes,1,Right_Discount,7,Interested
6313,49,Female,Mobile,6.3,5,12,0,0,6.51,96.73,1,Yes,0,Others,8,Interested
6314,23,Male,Tablet,24.3,7,0,0,0,24.76,26.44,1,Yes,0,Others,7,Interested
6315,56,Female,Desktop,0,16,2,0,0,11.88,42.82,1,Yes,1,Right_Discount,9,Interested
6316,27,Female,Desktop,5.27,16,14,0,0,7.23,56.07,1,Yes,1,Right_Discount,0,Technical Error
6317,24,Male,Tablet,3.91,17,2,0,1,3.25,35.55,1,Yes,0,Others,2,Interested
6318,43,Male,Mobile,9.64,19,1,1,0,9.93,70.1,1,Yes,0,Others,7,Interested
6319,51,Female,Desktop,24.14,15,5,0,1,18.37,66.09,1,Yes,0,Others,0,Technical Error
6320,0,Male,Mobile,11.57,15,2,1,1,10.82,6.04,1,Yes,1,Right_Discount,6,Interested
6321,53,Female,Mobile,5.64,15,0,0,1,6.66,42.87,1,Yes,0,Others,3,Interested
6322,38,Male,Desktop,12.72,3,3,1,0,16,78.11,1,Yes,1,Right_Discount,6,Interested
6323,34,Male,Mobile,17.1,12,2,1,1,22.34,0,1,Yes,0,Others,3,Interested
6324,50,Female,Tablet,1.86,6,6,1,1,2.3,46.02,0,No,1,Low_Discount,7,Not Interested
6325,27,Male,Desktop,19.2,5,3,1,1,18.56,72.99,1,Yes,0,Others,5,Interested
6326,59,Female,Desktop,12.46,11,4,0,1,6.7,67.05,1,Yes,0,Others,9,Interested
6327,29,Male,Mobile,1.28,12,13,0,0,1.31,83.76,1,Yes,1,Right_Discount,9,Interested
6328,33,Male,Desktop,20.54,7,6,0,0,11.4,5.1,1,Yes,1,Right_Discount,7,Interested
6329,58,Male,Mobile,21.66,9,3,0,0,31.76,53.53,1,Yes,0,Others,0,Technical Error
6330,49,Female,Desktop,19.24,18,13,0,0,16.89,66.03,1,Yes,0,Others,8,Interested
6331,32,Female,Mobile,10.92,14,5,1,1,10.96,67.54,1,Yes,0,Others,8,Interested
6332,44,Male,Desktop,16.36,4,8,1,0,10.3,92.24,1,Yes,0,Others,5,Interested
6333,45,Female,Mobile,12.23,8,14,0,1,18.29,41.16,1,Yes,0,Others,8,Interested
6334,34,Female,Mobile,21.32,16,5,1,1,21.15,79.51,1,Yes,0,Others,5,Interested
6335,19,Female,Mobile,17.92,4,4,1,0,14.31,78.6,1,Yes,1,Right_Discount,5,Interested
6336,53,Male,Mobile,3.37,19,14,0,1,2.34,26.89,1,Yes,1,Right_Discount,3,Interested
6337,24,Female,Desktop,19.65,6,14,0,1,22.6,26.83,1,Yes,1,Right_Discount,2,Interested
6338,30,Male,Mobile,20.93,19,11,0,1,19.6,94.28,1,Yes,1,Right_Discount,2,Interested
6339,32,Male,Mobile,11.75,15,13,0,0,9.6,32.44,1,Yes,1,Right_Discount,1,Interested
6340,42,Male,Mobile,26.4,12,12,0,1,13.45,41.44,1,Yes,1,Right_Discount,3,Interested
6341,40,Male,Mobile,25.45,12,0,0,0,13.65,60.4,1,Yes,0,Others,8,Interested
6342,39,Male,Mobile,6.08,2,7,1,0,7.26,31.66,1,Yes,0,Others,6,Interested
6343,43,Female,Desktop,27.22,9,4,0,0,26.69,66.18,1,Yes,1,Right_Discount,2,Interested
6344,50,Female,Mobile,13.79,0,4,0,1,18.6,28.94,0,No,0,Others,7,Not Interested
6345,28,Male,Mobile,21.99,1,2,1,1,27.57,52.73,1,Yes,1,Right_Discount,8,Interested
6346,27,Female,Mobile,24.61,14,9,0,1,26.42,55.96,1,Yes,1,Right_Discount,0,Technical Error
6347,42,Female,Mobile,15.65,13,11,0,1,16.6,80.06,1,Yes,1,Right_Discount,0,Technical Error
6348,54,Female,Mobile,12.57,5,1,1,1,15.65,86.01,1,Yes,0,Others,8,Interested
6349,55,Female,Mobile,27.55,7,0,0,1,34.19,68.16,1,Yes,0,Others,8,Interested
6350,58,Female,Desktop,7.69,14,8,0,0,6.42,27,0,No,0,Others,6,Not Interested
6351,41,Female,Mobile,8.45,16,4,0,0,5.11,46.39,1,Yes,1,Right_Discount,2,Interested
6352,57,Female,Mobile,11.49,18,9,1,1,14.61,56.28,1,Yes,0,Others,3,Interested
6353,50,Male,Mobile,25.92,14,11,0,0,18.74,29.78,1,Yes,1,Right_Discount,6,Interested
6354,34,Male,Desktop,28.22,1,14,1,0,36.44,94,1,Yes,1,Right_Discount,8,Interested
6355,41,Male,Tablet,7.38,6,3,0,0,8.25,10.86,1,Yes,0,Others,7,Interested
6356,54,Female,Mobile,26.05,10,6,1,1,22.35,83.35,1,Yes,1,Right_Discount,7,Interested
6357,19,Unknown,Tablet,8.49,6,12,1,0,11.48,42.64,1,Yes,1,Right_Discount,0,Technical Error
6358,49,Male,Mobile,29.15,2,3,0,0,34.72,94.55,1,Yes,1,Right_Discount,5,Interested
6359,41,Female,Mobile,18.32,7,0,0,0,19.15,53.25,1,Yes,1,Right_Discount,5,Interested
6360,26,Female,Mobile,1.21,17,14,1,1,0.97,72.97,1,Yes,0,Others,4,Interested
6361,21,Male,Mobile,1.99,14,1,1,0,2.96,73.45,0,No,0,Others,0,Not Interested
6362,34,Male,Mobile,5.28,7,8,1,1,7.07,69.8,1,Yes,1,Right_Discount,2,Interested
6363,34,Male,Mobile,6.44,9,7,0,1,4.1,4.94,1,Yes,0,Others,3,Interested
6364,47,Female,Mobile,23.26,19,11,0,0,30.38,62.22,1,Yes,0,Others,9,Interested
6365,57,Female,Mobile,7.46,11,14,1,0,4.63,89.48,1,Yes,0,Others,6,Interested
6366,28,Female,Mobile,29.11,3,3,1,1,21.77,84.35,1,Yes,1,Right_Discount,4,Interested
6367,38,Male,Mobile,19.45,4,7,0,0,0,91.49,1,Yes,0,Others,1,Interested
6368,38,Male,Desktop,21.08,5,11,1,1,28.88,44.44,1,Yes,1,Right_Discount,2,Interested
6369,35,Female,Mobile,7.32,4,12,0,1,8.1,45.46,1,Yes,0,Others,0,Technical Error
6370,46,Male,Desktop,26.89,13,8,1,1,32.24,80.82,1,Yes,0,Others,5,Interested
6371,0,Male,Desktop,20.37,9,14,0,1,12.01,30.35,1,Yes,0,Others,7,Interested
6372,27,Female,Mobile,26.07,14,1,1,0,21.7,76.51,1,Yes,1,Right_Discount,3,Interested
6373,34,Male,Mobile,28.74,16,3,0,1,23.64,50.44,1,Yes,0,Others,1,Interested
6374,35,Male,Mobile,4.64,6,10,0,1,2.47,26.43,1,Yes,0,Others,3,Interested
6375,0,Male,Mobile,3.8,10,5,1,1,4.58,64.37,1,Yes,0,Others,9,Interested
6376,37,Female,Mobile,24.3,13,6,1,1,19.62,29.58,1,Yes,1,Right_Discount,3,Interested
6377,54,Female,Mobile,26.12,3,4,1,1,29.6,67.18,0,No,0,Others,4,Not Interested
6378,35,Male,Mobile,17.93,11,9,0,1,9.45,56.93,1,Yes,0,Others,2,Interested
6379,34,Female,Desktop,11.61,3,11,1,0,5.82,72.22,1,Yes,0,Others,8,Interested
6380,26,Female,Mobile,19.93,7,9,0,0,13.35,59.91,1,Yes,0,Others,6,Interested
6381,31,Female,Desktop,9.86,10,12,0,0,11.86,0,1,Yes,0,Others,8,Interested
6382,46,Male,Mobile,7.91,1,6,0,0,8.73,99.62,1,Yes,0,Others,6,Interested
6383,48,Female,Desktop,15.16,4,13,0,0,10.63,46.78,1,Yes,0,Others,9,Interested
6384,21,Male,Mobile,7.27,8,10,0,0,7.44,59.83,1,Yes,1,Right_Discount,3,Interested
6385,35,Male,Mobile,15.03,17,14,0,1,16.82,10.19,1,Yes,1,Right_Discount,4,Interested
6386,37,Female,Tablet,28.74,5,3,0,1,41.36,95.04,1,Yes,0,Others,6,Interested
6387,26,Male,Desktop,25.35,17,7,0,1,32,0,1,Yes,1,Right_Discount,5,Interested
6388,30,Female,Mobile,28.31,9,2,1,0,18,10.28,1,Yes,0,Others,8,Interested
6389,32,Female,Mobile,24.38,8,12,1,0,18.78,40,1,Yes,0,Others,2,Interested
6390,44,Male,Desktop,11.29,7,2,1,0,10.2,8.13,1,Yes,0,Others,7,Interested
6391,32,Male,Desktop,24.55,5,4,1,0,14.86,49.72,1,Yes,1,Right_Discount,9,Interested
6392,45,Female,Mobile,27.76,4,5,1,1,29.3,27.71,1,Yes,1,Right_Discount,3,Interested
6393,54,Female,Mobile,28.46,3,2,0,1,40.05,34.03,1,Yes,1,Right_Discount,8,Interested
6394,36,Female,Desktop,20.81,8,9,1,0,16.78,6.91,1,Yes,0,Others,0,Technical Error
6395,43,Female,Mobile,7.13,5,14,1,1,10.59,76.24,1,Yes,1,Right_Discount,4,Interested
6396,43,Male,Desktop,2.15,5,1,0,0,1.61,84.11,1,Yes,1,Right_Discount,3,Interested
6397,42,Unknown,Mobile,5.27,17,4,0,1,5.12,14.01,1,Yes,0,Others,4,Interested
6398,43,Male,Tablet,29,15,9,1,1,24.45,75.07,1,Yes,0,Others,5,Interested
6399,43,Female,Desktop,14.4,8,5,1,0,11.64,12.86,1,Yes,0,Others,0,Technical Error
6400,45,Male,Desktop,25.79,7,2,1,0,22.64,8.55,1,Yes,0,Others,7,Interested
6401,35,Male,Mobile,14.49,0,6,1,1,7.71,11.41,1,Yes,0,Others,2,Interested
6402,49,Male,Mobile,20.16,12,0,0,0,20.81,3.18,1,Yes,0,Others,6,Interested
6403,20,Male,Mobile,1.7,4,14,1,1,2.11,37.61,1,Yes,0,Others,6,Interested
6404,19,Female,Desktop,8.25,18,11,1,1,11.25,95.29,1,Yes,0,Others,8,Interested
6405,50,Male,Desktop,13.65,4,12,0,1,11.25,89.93,1,Yes,1,Right_Discount,6,Interested
6406,59,Male,Mobile,19.29,10,1,1,1,20.26,33.19,1,Yes,1,Right_Discount,7,Interested
6407,36,Male,Desktop,5.97,3,13,0,1,8.31,79.46,1,Yes,0,Others,3,Interested
6408,34,Male,Desktop,23.17,5,12,0,1,30.12,0,1,Yes,1,Right_Discount,9,Interested
6409,50,Female,Mobile,11.57,12,9,0,1,11.15,15.21,1,Yes,0,Others,3,Interested
6410,29,Female,Mobile,24.71,5,3,0,1,16.43,22.95,1,Yes,1,Right_Discount,9,Interested
6411,20,Male,Desktop,3.84,0,2,0,0,4.06,69.05,1,Yes,1,Right_Discount,7,Interested
6412,43,Female,Mobile,20.71,4,6,1,1,30.85,26.4,1,Yes,1,Right_Discount,3,Interested
6413,52,Female,Desktop,9.51,6,7,1,1,11.96,93.82,1,Yes,0,Others,3,Interested
6414,25,Female,Mobile,24.07,10,2,0,1,32.45,23.07,1,Yes,0,Others,9,Interested
6415,53,Female,Tablet,12.66,6,5,1,0,8.72,79.91,1,Yes,0,Others,2,Interested
6416,24,Male,Mobile,20.3,1,0,0,1,28.5,75.81,1,Yes,0,Others,2,Interested
6417,53,Female,Mobile,28.09,16,4,0,0,14.44,50.38,1,Yes,0,Others,3,Interested
6418,33,Female,Mobile,1.6,11,1,1,0,2.18,26.33,1,Yes,0,Others,1,Interested
6419,41,Male,Mobile,1.32,0,0,1,0,0.98,3.39,1,Yes,1,Right_Discount,2,Interested
6420,18,Male,Mobile,23.34,18,12,1,1,26.2,82.84,1,Yes,1,Right_Discount,1,Interested
6421,42,Male,Mobile,19.75,6,6,1,1,15.66,37.78,1,Yes,0,Others,5,Interested
6422,27,Male,Tablet,9.5,17,9,1,1,6.04,34.01,1,Yes,0,Others,2,Interested
6423,33,Female,Tablet,15.34,12,3,0,1,11.46,4.45,1,Yes,1,Right_Discount,1,Interested
6424,33,Male,Mobile,2.22,17,4,1,0,2.16,15.13,1,Yes,1,Right_Discount,8,Interested
6425,25,Female,Desktop,6.58,18,1,1,1,9.34,36.79,1,Yes,1,Right_Discount,7,Interested
6426,46,Female,Mobile,13.31,10,7,1,0,11.83,69.08,1,Yes,0,Others,4,Interested
6427,56,Male,Desktop,25.19,12,14,1,0,14,20.73,1,Yes,0,Others,8,Interested
6428,45,Male,Desktop,14.91,4,10,1,1,7.81,16.36,1,Yes,1,Right_Discount,4,Interested
6429,23,Female,Mobile,18,10,12,1,1,12.78,26.23,1,Yes,1,Right_Discount,4,Interested
6430,33,Female,Desktop,0,5,9,0,0,14.54,28.34,1,Yes,1,Right_Discount,3,Interested
6431,37,Male,Desktop,0,4,13,0,0,8.68,41,1,Yes,1,Right_Discount,2,Interested
6432,33,Male,Mobile,21.32,16,2,0,1,18.85,36.09,1,Yes,1,Right_Discount,9,Interested
6433,0,Male,Tablet,25.99,5,6,0,1,38.26,7.39,1,Yes,1,Right_Discount,8,Interested
6434,58,Female,Tablet,6.88,19,10,0,1,5.55,61.79,1,Yes,1,Right_Discount,3,Interested
6435,31,Female,Mobile,11.34,6,0,1,0,12.46,13.05,1,Yes,0,Others,6,Interested
6436,43,Male,Desktop,29.41,7,9,0,0,38.79,86.84,1,Yes,0,Others,4,Interested
6437,0,Female,Tablet,29.51,10,0,1,0,29.89,85.95,1,Yes,1,Right_Discount,6,Interested
6438,31,Male,Mobile,7.47,7,13,0,0,8.94,7.24,1,Yes,1,Right_Discount,7,Interested
6439,24,Female,Mobile,2.93,14,6,0,1,4.32,41.31,1,Yes,1,Right_Discount,7,Interested
6440,50,Female,Mobile,0,10,0,1,1,7.3,47.69,1,Yes,1,Right_Discount,9,Interested
0,43,Male,Desktop,12.53,11,11,1,1,7.19,99.59,1,Yes,1,Right_Discount,5,Interested
6442,37,Male,Desktop,13.79,14,8,0,1,12.83,25.13,1,Yes,0,Others,4,Interested
6443,20,Male,Mobile,18.95,12,8,0,1,19.72,63.6,1,Yes,1,Right_Discount,1,Interested
6444,21,Female,Tablet,27.09,4,7,0,1,29.26,45.71,1,Yes,1,Right_Discount,7,Interested
6445,43,Female,Desktop,10.58,13,7,1,0,13.1,76.86,1,Yes,1,Right_Discount,4,Interested
6446,28,Male,Desktop,25.65,3,14,0,1,35.86,24.84,1,Yes,1,Right_Discount,7,Interested
6447,19,Unknown,Mobile,3.71,13,3,1,0,3.71,68.09,1,Yes,0,Others,5,Interested
6448,31,Male,Mobile,2.21,19,3,1,1,1.42,12.99,1,Yes,0,Others,7,Interested
0,47,Female,Desktop,15.62,15,4,1,1,14.11,1.51,1,Yes,0,Others,0,Technical Error
6450,29,Male,Mobile,2.73,19,8,1,1,1.79,1.82,1,Yes,0,Others,8,Interested
6451,43,Female,Desktop,12.38,4,2,1,0,8.45,49.27,1,Yes,0,Others,8,Interested
6452,50,Female,Desktop,27.01,6,3,1,0,13.55,77.07,1,Yes,0,Others,2,Interested
6453,30,Female,Mobile,8,15,9,0,0,11.44,57.76,1,Yes,0,Others,4,Interested
6454,31,Female,Desktop,21.47,4,4,1,1,26.74,3.63,1,Yes,1,Right_Discount,6,Interested
6455,41,Male,Mobile,9.77,6,6,0,0,5.86,55.21,1,Yes,0,Others,7,Interested
6456,51,Female,Mobile,2.3,2,4,1,1,3.27,11.33,1,Yes,0,Others,6,Interested
6457,43,Male,Mobile,17.14,4,8,0,1,23.49,96.54,1,Yes,0,Others,2,Interested
6458,38,Male,Mobile,25.21,0,5,1,1,35.54,35.26,1,Yes,0,Others,6,Interested
6459,45,Male,Mobile,12.87,15,2,1,0,7.69,50.34,1,Yes,0,Others,0,Technical Error
6460,53,Male,Desktop,18.9,12,5,0,0,10.96,33.87,1,Yes,0,Others,4,Interested
6461,57,Female,Desktop,27.1,8,5,1,0,15.39,46.71,1,Yes,1,Right_Discount,8,Interested
6462,19,Male,Mobile,23.9,12,14,0,1,35.06,95.85,1,Yes,1,Right_Discount,1,Interested
6463,59,Female,Desktop,6.62,9,11,1,0,7.68,26.05,1,Yes,1,Right_Discount,2,Interested
6464,26,Female,Mobile,22.27,7,9,0,1,15.1,71.81,1,Yes,1,Right_Discount,8,Interested
6465,40,Female,Mobile,15.55,8,0,0,1,22.22,75.53,1,Yes,1,Right_Discount,2,Interested
6466,32,Female,Desktop,22.63,10,6,1,0,21.34,19.06,1,Yes,0,Others,7,Interested
6467,30,Male,Desktop,15.34,11,2,1,1,19.72,72.91,1,Yes,1,Right_Discount,5,Interested
6468,40,Female,Desktop,4.71,2,0,0,1,5.35,64.8,1,Yes,0,Others,6,Interested
6469,34,Male,Mobile,17.53,4,0,1,1,20.15,29.1,1,Yes,1,Right_Discount,0,Technical Error
6470,19,Female,Desktop,15.27,9,4,0,0,14.35,52.27,1,Yes,1,Right_Discount,9,Interested
6471,37,Female,Desktop,16.02,8,13,0,1,14.34,59,1,Yes,1,Right_Discount,6,Interested
6472,37,Male,Tablet,26.49,5,9,0,1,17.53,83.66,1,Yes,1,Right_Discount,9,Interested
6473,20,Female,Mobile,26.95,14,9,0,0,15.38,12.48,1,Yes,1,Right_Discount,9,Interested
6474,29,Female,Mobile,14.15,2,1,1,0,20.21,97.2,1,Yes,1,Right_Discount,2,Interested
6475,57,Female,Desktop,14.22,0,1,1,1,20.43,76.92,0,No,0,Others,4,Not Interested
6476,19,Female,Tablet,15.94,8,11,0,0,18.19,53.5,1,Yes,1,Right_Discount,5,Interested
6477,53,Female,Mobile,16.07,2,3,1,0,14.27,77.62,1,Yes,1,Right_Discount,8,Interested
6478,31,Male,Mobile,28.56,15,9,0,1,15,73.32,1,Yes,1,Right_Discount,3,Interested
6479,33,Female,Mobile,19.83,2,0,0,1,18.79,46.01,1,Yes,1,Right_Discount,7,Interested
6480,36,Female,Mobile,9.05,11,10,0,1,10.49,33.61,1,Yes,0,Others,7,Interested
6481,51,Male,Mobile,16.41,14,11,1,0,13.13,98.86,1,Yes,0,Others,9,Interested
6482,23,Female,Mobile,19.19,10,11,0,0,16.17,88.44,1,Yes,1,Right_Discount,5,Interested
6483,30,Male,Mobile,19.55,7,14,0,1,19.01,95.09,1,Yes,1,Right_Discount,7,Interested
6484,53,Female,Unknown,17.97,14,14,0,1,17.88,4.85,1,Yes,0,Others,4,Interested
6485,39,Female,Mobile,6.15,13,6,1,0,7.64,81.52,1,Yes,1,Right_Discount,0,Technical Error
6486,35,Male,Mobile,0,2,7,1,1,1.97,89.12,1,Yes,1,Right_Discount,3,Interested
6487,29,Female,Mobile,10.8,10,10,1,1,14.53,47.69,1,Yes,1,Right_Discount,5,Interested
6488,47,Female,Tablet,13.4,1,0,1,0,13.17,89.09,1,Yes,0,Others,8,Interested
6489,57,Male,Mobile,2.79,1,6,0,0,1.48,10.09,0,No,0,Others,3,Not Interested
6490,24,Male,Desktop,24.63,3,8,1,1,0,6.05,1,Yes,0,Others,5,Interested
6491,49,Female,Mobile,10.98,11,6,0,1,13.38,29.16,1,Yes,0,Others,9,Interested
6492,36,Male,Tablet,27.5,19,3,1,1,26.18,2.62,1,Yes,1,Right_Discount,4,Interested
6493,23,Female,Mobile,5.48,9,8,0,0,5.27,68.4,1,Yes,0,Others,8,Interested
6494,37,Male,Mobile,2.65,13,8,0,1,3.92,92.7,1,Yes,1,Right_Discount,9,Interested
6495,44,Female,Mobile,14.99,4,2,1,1,16.06,29.51,1,Yes,0,Others,5,Interested
6496,54,Male,Desktop,6.48,6,9,1,0,4,65.96,1,Yes,0,Others,2,Interested
6497,24,Male,Mobile,28.18,2,13,0,0,26.31,46.8,1,Yes,1,Right_Discount,1,Interested
6498,22,Male,Unknown,1.3,9,7,0,0,1.38,25.51,1,Yes,1,Right_Discount,2,Interested
6499,28,Male,Mobile,12.97,18,0,0,0,6.97,91.86,1,Yes,0,Others,5,Interested
6500,32,Male,Desktop,0,4,1,1,0,24.11,95.79,1,Yes,0,Others,9,Interested
0,20,Male,Mobile,12.15,1,7,1,1,17.83,13.48,1,Yes,1,Right_Discount,7,Interested
6502,22,Male,Mobile,3.7,1,12,1,0,4.63,76.7,1,Yes,0,Others,7,Interested
6503,40,Male,Mobile,9.78,17,7,1,1,8.53,18.88,1,Yes,0,Others,4,Interested
6504,54,Male,Mobile,15.44,19,5,0,0,11.77,48.82,1,Yes,0,Others,0,Technical Error
6505,26,Female,Desktop,6.37,3,7,1,1,4.99,36.1,1,Yes,0,Others,0,Technical Error
6506,32,Male,Mobile,14.53,17,13,1,0,19.3,24.4,1,Yes,1,Right_Discount,6,Interested
6507,20,Female,Mobile,25.25,3,13,1,0,22.77,67.58,1,Yes,1,Right_Discount,1,Interested
6508,46,Male,Desktop,26.31,4,7,0,0,35.34,85.54,1,Yes,0,Others,3,Interested
6509,23,Female,Desktop,2.43,13,1,1,1,3.42,78.12,1,Yes,0,Others,9,Interested
6510,34,Female,Mobile,5.67,15,2,1,1,5.47,72.23,1,Yes,1,Right_Discount,4,Interested
6511,43,Male,Desktop,8.98,12,0,0,0,12.98,6.63,1,Yes,1,Right_Discount,7,Interested
6512,38,Male,Unknown,18.25,3,2,0,1,14.6,9.74,1,Yes,0,Others,9,Interested
6513,25,Female,Mobile,11.47,8,12,1,1,8.72,46.48,1,Yes,1,Right_Discount,8,Interested
6514,38,Female,Tablet,25.48,1,14,1,1,15.47,55.58,1,Yes,0,Others,0,Technical Error
6515,28,Male,Tablet,21.78,18,14,1,0,16.24,72.34,1,Yes,0,Others,8,Interested
6516,55,Male,Mobile,3.91,13,10,1,0,4.98,35.59,1,Yes,1,Right_Discount,4,Interested
6517,25,Male,Mobile,19.11,7,1,1,0,17.27,2.29,1,Yes,1,Right_Discount,3,Interested
6518,59,Female,Mobile,4.28,13,5,1,1,2.77,3.61,1,Yes,0,Others,9,Interested
6519,41,Male,Unknown,8.4,17,1,0,1,5.1,85.48,1,Yes,0,Others,4,Interested
6520,52,Male,Mobile,6.16,13,13,1,1,6.1,12.86,1,Yes,0,Others,8,Interested
6521,31,Male,Mobile,6.02,13,1,0,0,6.26,93.69,1,Yes,0,Others,7,Interested
6522,31,Male,Tablet,18.88,11,14,0,0,24.44,33.26,1,Yes,1,Right_Discount,9,Interested
6523,27,Male,Desktop,17.34,14,10,1,1,21.06,58.37,0,No,1,Low_Discount,4,Not Interested
6524,29,Female,Mobile,6.1,10,1,0,0,4.07,16.86,1,Yes,1,Right_Discount,9,Interested
6525,55,Female,Mobile,29.72,8,3,0,1,23.09,45.4,1,Yes,1,Right_Discount,4,Interested
6526,51,Male,Mobile,13.23,6,13,0,0,15.79,87.58,1,Yes,0,Others,0,Technical Error
6527,58,Male,Mobile,3.82,19,6,0,1,2.6,98.41,1,Yes,0,Others,8,Interested
6528,27,Female,Mobile,4.5,19,14,0,0,5.86,76.65,1,Yes,1,Right_Discount,2,Interested
6529,34,Male,Desktop,17.93,12,5,1,1,20.75,76.46,1,Yes,0,Others,0,Technical Error
6530,34,Female,Mobile,29.39,0,4,1,0,30.46,88.53,1,Yes,0,Others,4,Interested
6531,20,Male,Desktop,17.59,18,3,0,1,20.13,24.49,1,Yes,1,Right_Discount,9,Interested
6532,48,Female,Desktop,28.52,18,1,0,0,17.1,73.63,1,Yes,0,Others,2,Interested
6533,18,Female,Mobile,13.88,3,10,1,1,14.55,55.83,1,Yes,0,Others,5,Interested
6534,29,Male,Mobile,13.64,9,7,1,1,12.98,26.17,1,Yes,0,Others,6,Interested
6535,56,Female,Desktop,15.5,6,12,1,1,15.7,5.55,1,Yes,1,Right_Discount,3,Interested
6536,21,Male,Tablet,21.23,1,11,1,0,17.78,20.08,1,Yes,0,Others,3,Interested
6537,59,Female,Desktop,11.66,10,1,0,0,11.29,65.02,1,Yes,1,Right_Discount,1,Interested
6538,30,Male,Mobile,26.05,8,14,0,0,36.03,56.98,1,Yes,1,Right_Discount,1,Interested
6539,51,Male,Mobile,1.85,17,14,1,1,1.56,6.93,1,Yes,0,Others,6,Interested
6540,59,Male,Mobile,13.75,3,10,0,1,7.49,56.23,1,Yes,1,Right_Discount,4,Interested
6541,38,Female,Tablet,15.82,3,7,0,0,11.97,39.06,1,Yes,1,Right_Discount,4,Interested
6542,39,Male,Desktop,18.6,3,9,1,1,17.75,1.49,1,Yes,0,Others,1,Interested
6543,21,Male,Desktop,9.01,7,13,1,0,9.31,90.95,1,Yes,1,Right_Discount,6,Interested
6544,35,Male,Mobile,13.4,11,3,0,1,12.42,25.84,1,Yes,0,Others,1,Interested
6545,22,Female,Desktop,15.05,18,11,1,1,19.97,55.34,1,Yes,1,Right_Discount,4,Interested
6546,36,Male,Mobile,20.92,5,4,0,0,29.61,58.91,1,Yes,1,Right_Discount,4,Interested
6547,19,Female,Mobile,23.43,2,14,1,1,23.12,49.88,1,Yes,0,Others,2,Interested
6548,29,Female,Mobile,22.4,14,10,0,1,12.9,23.96,1,Yes,1,Right_Discount,1,Interested
6549,34,Female,Tablet,10.91,1,0,1,1,10.05,40.74,1,Yes,0,Others,2,Interested
6550,27,Male,Desktop,29.98,4,1,0,1,20.42,29.03,1,Yes,0,Others,4,Interested
6551,51,Male,Mobile,25.61,14,10,1,1,20.07,43.36,1,Yes,1,Right_Discount,5,Interested
6552,23,Female,Desktop,8.54,15,7,1,1,11.38,8.27,1,Yes,0,Others,3,Interested
6553,25,Male,Mobile,6.66,17,0,0,1,6.9,16.59,1,Yes,0,Others,6,Interested
6554,28,Male,Mobile,10.11,3,2,1,0,13.43,13.75,1,Yes,1,Right_Discount,1,Interested
6555,29,Female,Mobile,14.12,4,1,0,0,20.98,59.5,1,Yes,1,Right_Discount,5,Interested
6556,26,Female,Mobile,25.67,18,9,1,1,26.83,65.59,1,Yes,0,Others,8,Interested
6557,19,Male,Mobile,23.57,1,4,0,0,33.29,91.4,1,Yes,0,Others,9,Interested
6558,25,Female,Mobile,25.69,5,11,1,1,30.4,26.22,1,Yes,0,Others,0,Technical Error
6559,28,Male,Desktop,8.89,18,3,1,1,5.35,39.35,1,Yes,0,Others,3,Interested
6560,53,Female,Mobile,18.21,13,3,0,0,16.71,62.24,1,Yes,0,Others,8,Interested
6561,27,Male,Desktop,9.21,14,12,0,1,10.67,97.18,1,Yes,0,Others,5,Interested
0,38,Male,Mobile,4.16,3,0,0,0,5.01,39.15,1,Yes,1,Right_Discount,3,Interested
6563,37,Female,Desktop,20.84,6,10,1,0,28.36,28.96,1,Yes,0,Others,0,Technical Error
6564,25,Male,Desktop,5.15,11,3,0,1,5.86,38.78,1,Yes,0,Others,8,Interested
6565,53,Male,Desktop,20.36,9,3,1,0,12.01,30.93,1,Yes,1,Right_Discount,9,Interested
6566,46,Female,Mobile,19.79,19,5,0,1,12.71,8.51,1,Yes,0,Others,2,Interested
6567,59,Male,Desktop,24.5,7,1,0,0,20.29,34.6,1,Yes,1,Right_Discount,5,Interested
0,29,Male,Mobile,5.05,0,12,1,0,4.01,58.53,1,Yes,1,Right_Discount,0,Technical Error
6569,31,Male,Desktop,23.72,7,12,1,1,17.12,18.28,1,Yes,0,Others,5,Interested
6570,38,Female,Mobile,29.98,5,14,0,0,33.5,83.37,1,Yes,0,Others,2,Interested
6571,39,Female,Mobile,25.68,4,3,0,0,23.87,73.54,1,Yes,0,Others,2,Interested
6572,38,Female,Mobile,22.8,17,13,1,1,27.02,55.86,1,Yes,1,Right_Discount,6,Interested
6573,47,Female,Desktop,0,5,6,1,0,17.92,73.75,1,Yes,1,Right_Discount,8,Interested
6574,56,Female,Mobile,13.23,17,6,0,0,10.24,31.67,1,Yes,1,Right_Discount,5,Interested
6575,37,Male,Tablet,22.18,17,0,1,1,23.3,20.01,1,Yes,0,Others,0,Technical Error
6576,41,Male,Tablet,22,17,9,1,0,13.13,84.23,1,Yes,1,Right_Discount,8,Interested
6577,40,Male,Desktop,19.31,1,0,0,1,28.75,81.88,1,Yes,1,Right_Discount,4,Interested
6578,24,Female,Mobile,24.09,2,8,1,1,27.84,73.6,1,Yes,0,Others,1,Interested
6579,26,Male,Desktop,14.01,19,6,0,1,8.72,25.63,1,Yes,1,Right_Discount,2,Interested
6580,18,Female,Mobile,4.52,9,10,1,0,5.07,34.37,1,Yes,1,Right_Discount,4,Interested
6581,43,Male,Mobile,17.21,15,5,0,1,9.89,0,1,Yes,1,Right_Discount,1,Interested
6582,55,Female,Tablet,8.69,19,13,1,0,8.74,18.42,1,Yes,1,Right_Discount,2,Interested
6583,55,Male,Tablet,12.15,5,1,0,0,9.61,76,1,Yes,0,Others,7,Interested
6584,39,Male,Tablet,1.51,13,5,1,0,1.81,18.47,1,Yes,1,Right_Discount,5,Interested
6585,27,Female,Mobile,12.1,4,4,1,1,11.94,22.18,1,Yes,1,Right_Discount,1,Interested
6586,23,Male,Mobile,24.46,13,8,0,1,31.45,4.82,1,Yes,0,Others,1,Interested
6587,34,Male,Mobile,16.74,6,11,1,0,12.22,66.33,1,Yes,1,Right_Discount,0,Technical Error
6588,55,Female,Mobile,1.28,12,0,0,1,1.48,92.9,1,Yes,0,Others,6,Interested
6589,41,Male,Mobile,14.63,9,4,1,1,17.38,48.38,1,Yes,0,Others,5,Interested
6590,27,Male,Mobile,9.45,15,2,1,0,9.24,89.78,1,Yes,1,Right_Discount,5,Interested
6591,25,Unknown,Desktop,14.85,15,8,0,1,20.17,84.1,1,Yes,1,Right_Discount,4,Interested
6592,38,Female,Desktop,12.74,17,11,1,1,8.24,79.47,1,Yes,1,Right_Discount,2,Interested
6593,23,Female,Desktop,28.03,5,0,0,0,35.27,16.76,1,Yes,0,Others,7,Interested
6594,38,Female,Desktop,2.19,5,5,0,0,1.38,37.73,1,Yes,1,Right_Discount,2,Interested
6595,56,Female,Mobile,20.82,5,2,0,0,13.68,66.38,1,Yes,1,Right_Discount,4,Interested
6596,41,Male,Mobile,25.68,14,0,0,1,18.01,34.44,1,Yes,0,Others,7,Interested
6597,50,Female,Desktop,28.82,2,10,0,1,33.46,71.09,1,Yes,1,Right_Discount,2,Interested
6598,35,Female,Mobile,6.15,9,14,0,0,7,28.73,1,Yes,0,Others,4,Interested
6599,45,Male,Mobile,16.41,14,2,1,1,15.52,39.26,1,Yes,0,Others,5,Interested
6600,49,Male,Mobile,2.26,15,14,1,1,1.84,73.15,1,Yes,0,Others,0,Technical Error
6601,29,Male,Mobile,15.48,4,1,0,1,17.23,11.79,1,Yes,1,Right_Discount,1,Interested
6602,59,Male,Desktop,4.64,6,9,0,1,2.99,78.68,1,Yes,0,Others,6,Interested
6603,44,Male,Desktop,25.3,14,11,1,1,28.56,71.26,1,Yes,1,Right_Discount,8,Interested
6604,27,Female,Tablet,4.3,5,11,0,1,2.2,44.96,1,Yes,1,Right_Discount,9,Interested
6605,59,Male,Mobile,15.89,11,11,0,0,10.24,43.75,1,Yes,1,Right_Discount,3,Interested
6606,49,Female,Mobile,16.11,14,7,1,0,19.46,90.67,1,Yes,0,Others,4,Interested
0,59,Male,Desktop,29.18,7,2,0,0,40.09,71.63,1,Yes,0,Others,3,Interested
6608,43,Female,Mobile,19.99,14,10,0,0,11.51,62.02,1,Yes,0,Others,2,Interested
6609,42,Male,Mobile,9.35,13,6,1,1,10.65,86.42,1,Yes,0,Others,9,Interested
6610,28,Female,Tablet,7.98,18,9,0,0,4.48,33.16,1,Yes,1,Right_Discount,1,Interested
6611,40,Female,Desktop,4.72,2,5,0,1,6.51,28.67,1,Yes,0,Others,2,Interested
6612,51,Female,Tablet,22.94,9,14,0,1,20.45,20.98,1,Yes,0,Others,1,Interested
6613,57,Female,Mobile,21.03,11,6,1,1,26.1,52.02,1,Yes,0,Others,7,Interested
6614,40,Female,Mobile,18.69,11,10,0,1,0,98.81,1,Yes,0,Others,0,Technical Error
6615,46,Female,Desktop,2.18,6,6,1,0,2.97,92.85,1,Yes,1,Right_Discount,4,Interested
6616,48,Female,Mobile,23.12,1,9,0,1,21.48,45.53,1,Yes,1,Right_Discount,0,Technical Error
6617,24,Female,Desktop,19.61,5,0,0,1,13.9,11.13,1,Yes,0,Others,4,Interested
6618,57,Female,Mobile,28.95,14,3,1,1,31.05,87.46,1,Yes,1,Right_Discount,2,Interested
6619,50,Female,Desktop,18.03,16,3,0,1,14.21,92.26,1,Yes,0,Others,8,Interested
6620,38,Male,Desktop,9.81,9,4,0,1,7.72,17.14,1,Yes,0,Others,0,Technical Error
6621,19,Female,Mobile,12.06,0,13,1,0,7.41,88.35,1,Yes,0,Others,9,Interested
6622,35,Female,Mobile,6.1,8,9,1,1,4.35,44.63,1,Yes,0,Others,0,Technical Error
6623,50,Male,Desktop,0,8,4,1,0,28.5,1.17,1,Yes,1,Right_Discount,0,Technical Error
6624,54,Female,Desktop,0,16,7,0,0,22.03,94.31,1,Yes,0,Others,2,Interested
6625,51,Female,Mobile,6.82,18,3,0,1,5.83,4.28,1,Yes,0,Others,6,Interested
6626,37,Male,Desktop,5.6,8,12,0,1,8,3.46,1,Yes,1,Right_Discount,9,Interested
6627,52,Male,Mobile,3.23,9,0,0,1,0,96.35,1,Yes,0,Others,4,Interested
6628,35,Female,Mobile,27.45,5,14,1,0,0,21.46,1,Yes,0,Others,1,Interested
6629,41,Male,Mobile,7.76,2,4,1,1,0,55.56,1,Yes,1,Right_Discount,6,Interested
6630,25,Female,Tablet,10.98,14,0,0,0,7.51,94.27,1,Yes,1,Right_Discount,6,Interested
6631,47,Female,Mobile,9.13,18,11,1,0,10.73,94,1,Yes,1,Right_Discount,2,Interested
6632,27,Female,Mobile,13,13,2,1,1,13.82,17.41,1,Yes,1,Right_Discount,5,Interested
6633,40,Male,Desktop,21.71,12,14,1,1,32.15,51.35,1,Yes,0,Others,4,Interested
6634,28,Female,Mobile,26.25,15,7,1,1,13.48,0.7,0,No,0,Others,0,Not Interested
6635,19,Female,Mobile,6.3,15,9,0,1,8.67,9.04,1,Yes,0,Others,0,Technical Error
6636,43,Male,Mobile,20.91,1,14,1,0,10.75,94.81,1,Yes,0,Others,1,Interested
6637,53,Female,Desktop,11.22,7,4,1,0,10.38,41.52,1,Yes,1,Right_Discount,6,Interested
6638,50,Female,Mobile,29.44,13,6,1,0,41.7,15.02,1,Yes,1,Right_Discount,2,Interested
6639,30,Female,Desktop,9.67,18,13,1,0,11.2,63.14,1,Yes,0,Others,8,Interested
6640,57,Female,Desktop,1.21,1,0,0,0,1.31,17.33,1,Yes,1,Right_Discount,2,Interested
6641,42,Female,Desktop,15.95,11,5,0,1,12.98,98.01,1,Yes,1,Right_Discount,9,Interested
6642,21,Female,Desktop,5.37,13,11,0,0,7.87,67.08,1,Yes,0,Others,3,Interested
6643,59,Male,Mobile,2.29,9,13,0,1,1.53,36.87,1,Yes,0,Others,7,Interested
6644,36,Female,Mobile,21.25,16,7,0,0,16.36,38.12,1,Yes,1,Right_Discount,3,Interested
6645,35,Female,Desktop,22.24,11,5,1,0,21.19,91.69,1,Yes,1,Right_Discount,6,Interested
6646,54,Male,Tablet,14.36,3,3,1,0,8.99,89.5,1,Yes,1,Right_Discount,0,Technical Error
6647,47,Female,Mobile,20.63,17,10,1,1,19.05,0,1,Yes,0,Others,5,Interested
6648,36,Female,Mobile,16.61,2,7,0,0,8.96,45.36,1,Yes,0,Others,7,Interested
6649,40,Male,Mobile,19.26,9,14,0,0,27.43,85.07,1,Yes,1,Right_Discount,3,Interested
0,33,Male,Mobile,18.3,9,7,1,0,15.05,48.48,1,Yes,1,Right_Discount,5,Interested
6651,18,Male,Mobile,20.31,16,13,0,0,23.03,63.3,0,No,0,Others,9,Not Interested
6652,29,Male,Mobile,6.79,1,13,1,0,9.31,50.74,1,Yes,1,Right_Discount,1,Interested
6653,41,Male,Mobile,8.79,17,5,1,0,11.59,60.82,1,Yes,1,Right_Discount,8,Interested
6654,51,Male,Mobile,13.76,10,7,0,0,18.9,50.95,1,Yes,1,Right_Discount,8,Interested
6655,25,Male,Mobile,13.94,5,11,1,0,17.01,15.48,1,Yes,1,Right_Discount,9,Interested
6656,35,Female,Desktop,23.46,8,5,1,0,16.28,10.84,1,Yes,0,Others,9,Interested
6657,22,Female,Desktop,11.65,13,14,1,0,10.1,94.11,1,Yes,0,Others,5,Interested
6658,43,Female,Tablet,5.71,5,3,0,1,5.78,50.97,1,Yes,1,Right_Discount,5,Interested
6659,47,Male,Mobile,8.29,4,10,0,0,6.94,94.19,1,Yes,0,Others,9,Interested
6660,30,Female,Mobile,7.23,8,11,0,0,10.52,68.58,1,Yes,0,Others,6,Interested
6661,36,Male,Tablet,22.22,7,0,1,1,29.04,8.9,1,Yes,1,Right_Discount,3,Interested
6662,46,Female,Desktop,14.64,5,14,0,0,19.02,20.16,1,Yes,0,Others,6,Interested
6663,20,Female,Mobile,21.55,10,8,1,0,18.56,76.77,1,Yes,1,Right_Discount,9,Interested
6664,43,Female,Mobile,13.07,17,7,1,1,16.4,17.78,1,Yes,1,Right_Discount,0,Technical Error
6665,57,Female,Mobile,26.8,6,14,0,1,29.86,0.77,1,Yes,0,Others,6,Interested
6666,29,Male,Mobile,29.52,10,13,0,1,25.84,11.18,1,Yes,1,Right_Discount,0,Technical Error
6667,19,Male,Mobile,20.43,16,6,1,1,16.51,47.67,1,Yes,0,Others,7,Interested
6668,28,Female,Tablet,26.05,10,4,0,1,33.57,16.33,1,Yes,0,Others,9,Interested
0,45,Male,Mobile,15.73,4,12,0,0,17.25,4.5,1,Yes,1,Right_Discount,5,Interested
6670,35,Male,Desktop,28.1,2,6,1,0,15.09,74.36,0,No,1,Low_Discount,0,Not Interested
6671,30,Female,Desktop,25.12,1,0,0,0,13.11,97.21,1,Yes,0,Others,0,Technical Error
6672,54,Male,Desktop,29.76,3,7,1,0,39.94,97.85,1,Yes,1,Right_Discount,3,Interested
6673,39,Male,Desktop,19.07,13,4,0,0,11.25,90,1,Yes,0,Others,6,Interested
6674,29,Male,Tablet,23.6,12,6,0,1,24.06,1.92,1,Yes,1,Right_Discount,4,Interested
6675,19,Male,Mobile,16.74,1,6,1,0,18.56,24.01,1,Yes,1,Right_Discount,4,Interested
6676,54,Female,Tablet,8.51,10,7,1,0,12.05,13.77,1,Yes,1,Right_Discount,7,Interested
6677,24,Female,Desktop,11.29,6,6,1,1,11.45,64.02,1,Yes,1,Right_Discount,1,Interested
6678,43,Male,Mobile,26.93,9,5,1,0,18.69,84.96,1,Yes,1,Right_Discount,3,Interested
6679,43,Female,Desktop,2.62,1,11,0,1,1.99,57.19,1,Yes,0,Others,3,Interested
6680,41,Female,Desktop,18.15,12,5,0,0,0,34.67,1,Yes,1,Right_Discount,7,Interested
6681,29,Female,Tablet,11.8,5,4,0,0,8.52,91.19,1,Yes,1,Right_Discount,5,Interested
6682,33,Male,Mobile,12.21,1,4,1,1,16.06,50.52,1,Yes,0,Others,9,Interested
6683,40,Male,Mobile,26.65,2,3,0,1,33.5,17.47,1,Yes,1,Right_Discount,8,Interested
6684,57,Female,Mobile,25.76,14,6,1,1,14.99,53.34,1,Yes,0,Others,9,Interested
6685,26,Female,Mobile,18.37,2,12,1,0,18,1.81,1,Yes,0,Others,8,Interested
6686,49,Male,Mobile,8.91,5,11,1,0,7.14,3.85,1,Yes,0,Others,3,Interested
6687,32,Female,Mobile,14.79,10,10,0,1,17.01,62.76,1,Yes,0,Others,9,Interested
6688,54,Male,Desktop,12.84,6,13,0,1,18.76,72.33,0,No,0,Others,6,Not Interested
6689,30,Female,Mobile,11.25,5,2,1,1,12.72,13.83,1,Yes,0,Others,2,Interested
6690,22,Male,Mobile,3.98,2,4,1,0,4.96,53.34,1,Yes,0,Others,0,Technical Error
6691,28,Male,Mobile,16.75,9,14,1,0,15.04,77.26,1,Yes,0,Others,0,Technical Error
6692,27,Male,Mobile,9.75,10,2,0,1,5.19,88.23,1,Yes,0,Others,4,Interested
6693,30,Male,Mobile,20.16,8,7,1,0,18.51,47.4,1,Yes,0,Others,5,Interested
6694,58,Female,Mobile,10.26,6,14,1,0,10.37,12.22,0,No,0,Others,4,Not Interested
6695,32,Male,Mobile,13.5,5,4,1,1,13.4,6.92,1,Yes,0,Others,6,Interested
6696,59,Female,Mobile,2.52,18,14,0,0,1.85,85.66,1,Yes,1,Right_Discount,3,Interested
6697,24,Male,Mobile,29.78,18,10,0,1,29.04,7.76,1,Yes,1,Right_Discount,4,Interested
6698,57,Male,Mobile,15.72,2,12,1,1,19.15,81.78,1,Yes,1,Right_Discount,0,Technical Error
6699,45,Female,Mobile,1.7,12,9,1,1,1.38,43.69,1,Yes,0,Others,8,Interested
6700,49,Female,Mobile,16.7,8,5,1,1,18.94,43.64,1,Yes,0,Others,1,Interested
6701,52,Female,Mobile,26.24,4,0,0,0,17.14,51.86,1,Yes,1,Right_Discount,0,Technical Error
6702,32,Male,Desktop,23.4,4,13,0,0,18.21,13.58,1,Yes,0,Others,3,Interested
6703,53,Male,Desktop,21.33,9,10,1,0,29.52,74.25,1,Yes,0,Others,5,Interested
6704,38,Female,Mobile,5.04,9,3,0,1,5.68,30,1,Yes,1,Right_Discount,9,Interested
6705,23,Male,Mobile,20.07,12,8,1,1,11.76,59.78,1,Yes,0,Others,7,Interested
6706,18,Female,Desktop,23.22,14,14,0,0,17.75,0.53,1,Yes,1,Right_Discount,3,Interested
6707,21,Male,Mobile,17.6,3,14,1,1,26.29,28.15,1,Yes,1,Right_Discount,0,Technical Error
6708,28,Male,Desktop,26.89,6,4,0,1,20.71,4.05,1,Yes,0,Others,8,Interested
6709,43,Male,Tablet,9.03,15,14,1,1,9.76,31.36,1,Yes,0,Others,2,Interested
6710,54,Female,Desktop,8.02,19,0,1,1,8.42,12.62,1,Yes,0,Others,5,Interested
0,40,Unknown,Desktop,26.22,4,14,1,0,23.66,7,1,Yes,1,Right_Discount,9,Interested
6712,46,Female,Desktop,19.14,1,3,0,1,10.22,84.8,1,Yes,0,Others,7,Interested
6713,38,Female,Desktop,1.04,9,11,1,1,0.82,36.49,1,Yes,0,Others,4,Interested
6714,44,Male,Desktop,11.24,16,5,1,1,16.34,82.53,1,Yes,0,Others,6,Interested
6715,56,Female,Desktop,25.88,9,6,1,1,13.44,89.27,1,Yes,1,Right_Discount,9,Interested
6716,57,Female,Desktop,1.79,12,6,1,0,2.18,50.61,1,Yes,0,Others,8,Interested
6717,30,Male,Mobile,1.09,14,7,0,1,1.52,56.78,1,Yes,0,Others,0,Technical Error
6718,40,Female,Mobile,9.16,15,4,0,1,11.56,64.66,0,No,1,Low_Discount,7,Not Interested
6719,33,Female,Desktop,27.51,16,5,1,0,22.65,64.47,1,Yes,0,Others,1,Interested
0,47,Male,Mobile,27.14,8,10,0,1,27.7,53.02,1,Yes,0,Others,0,Technical Error
6721,21,Male,Desktop,16.04,10,10,1,1,21.94,59.43,1,Yes,1,Right_Discount,3,Interested
6722,57,Male,Tablet,17.04,14,1,0,0,25.14,44.11,1,Yes,0,Others,5,Interested
6723,33,Female,Desktop,10.63,17,13,1,1,6.35,91.61,1,Yes,0,Others,7,Interested
6724,48,Female,Tablet,8.07,3,11,1,1,5.04,72.13,1,Yes,0,Others,0,Technical Error
6725,59,Male,Desktop,24.64,4,9,1,1,35.87,31.49,1,Yes,1,Right_Discount,0,Technical Error
6726,42,Female,Mobile,4.08,16,11,1,0,5.6,33.5,1,Yes,1,Right_Discount,9,Interested
6727,29,Male,Desktop,15.13,14,1,1,0,10.76,45.52,1,Yes,1,Right_Discount,1,Interested
6728,43,Male,Mobile,19.4,14,13,1,1,28.52,3.17,1,Yes,1,Right_Discount,8,Interested
6729,54,Male,Mobile,4.01,16,2,0,1,2.84,99.14,1,Yes,0,Others,3,Interested
6730,50,Female,Mobile,16.07,8,0,0,0,9.46,46.78,1,Yes,1,Right_Discount,6,Interested
6731,45,Female,Mobile,17.75,18,5,0,1,20.98,77.51,1,Yes,0,Others,2,Interested
6732,26,Male,Mobile,22.53,7,5,1,1,23.43,15.82,1,Yes,0,Others,0,Technical Error
6733,29,Male,Mobile,7.81,3,2,0,1,5.78,60.92,1,Yes,0,Others,0,Technical Error
6734,22,Female,Desktop,9.51,6,0,1,0,13.58,38.17,1,Yes,0,Others,8,Interested
6735,45,Male,Desktop,17.52,16,2,0,0,15.84,88.99,1,Yes,1,Right_Discount,3,Interested
6736,52,Female,Mobile,29.51,4,3,1,1,26.64,93.25,1,Yes,0,Others,2,Interested
6737,22,Male,Mobile,7.31,19,8,0,1,8.27,62.48,1,Yes,0,Others,4,Interested
6738,51,Male,Desktop,29.59,2,9,1,0,21.62,0,1,Yes,1,Right_Discount,0,Technical Error
6739,51,Female,Desktop,21.72,4,7,0,1,23.61,46.66,1,Yes,1,Right_Discount,2,Interested
6740,30,Female,Tablet,24.96,2,12,1,1,21.57,1.69,1,Yes,0,Others,3,Interested
6741,56,Female,Mobile,3.6,7,3,0,0,4.3,51.8,1,Yes,1,Right_Discount,5,Interested
6742,59,Female,Desktop,9.71,15,6,1,0,7.26,50.14,1,Yes,0,Others,8,Interested
6743,31,Female,Mobile,2.67,17,12,0,1,1.83,41.73,1,Yes,0,Others,2,Interested
6744,28,Male,Desktop,11.77,14,12,0,1,8.83,33.7,1,Yes,1,Right_Discount,3,Interested
6745,59,Male,Mobile,29.46,11,8,0,1,42.3,57.9,1,Yes,0,Others,4,Interested
6746,55,Unknown,Mobile,4.05,17,1,0,1,5.46,17.68,1,Yes,1,Right_Discount,0,Technical Error
6747,21,Female,Mobile,17.31,5,2,0,0,23,2.63,1,Yes,0,Others,8,Interested
6748,50,Male,Mobile,1.18,14,0,0,0,1.51,78.67,1,Yes,0,Others,2,Interested
6749,24,Male,Mobile,21.67,17,7,1,1,24.64,78.56,1,Yes,0,Others,2,Interested
6750,58,Female,Desktop,6.72,2,1,0,1,4.02,57.94,1,Yes,0,Others,6,Interested
6751,25,Unknown,Desktop,4.76,7,6,0,1,3.93,83.01,1,Yes,1,Right_Discount,8,Interested
6752,54,Male,Mobile,10.77,4,6,0,0,11.44,51.29,1,Yes,1,Right_Discount,0,Technical Error
6753,27,Female,Mobile,23.36,8,10,1,1,14.15,0.65,1,Yes,1,Right_Discount,0,Technical Error
6754,32,Unknown,Mobile,4.09,1,2,0,1,2.17,14.83,1,Yes,0,Others,1,Interested
6755,55,Male,Tablet,7.67,10,1,0,0,4.55,45.96,1,Yes,0,Others,5,Interested
6756,32,Female,Mobile,1.25,1,2,1,0,0.76,86.23,0,No,0,Others,2,Not Interested
6757,22,Male,Mobile,29.08,1,11,1,1,17.73,22.56,1,Yes,1,Right_Discount,7,Interested
6758,46,Male,Mobile,18.17,4,7,0,0,12.54,3.4,1,Yes,1,Right_Discount,4,Interested
6759,36,Male,Desktop,21.88,17,11,0,0,21.86,41.25,1,Yes,1,Right_Discount,2,Interested
6760,27,Female,Mobile,19.89,5,8,0,0,15.62,6.67,1,Yes,1,Right_Discount,7,Interested
6761,29,Male,Mobile,5.19,14,10,0,0,0,55.04,1,Yes,1,Right_Discount,7,Interested
6762,21,Unknown,Desktop,18.25,6,7,0,1,25.11,5.56,1,Yes,0,Others,1,Interested
6763,48,Male,Desktop,4.81,7,10,1,0,6.83,1.66,1,Yes,1,Right_Discount,4,Interested
6764,35,Male,Desktop,12.64,8,1,0,0,12.28,94.32,1,Yes,0,Others,2,Interested
0,33,Male,Mobile,17.5,18,11,1,1,22.3,66.53,1,Yes,1,Right_Discount,6,Interested
6766,57,Male,Mobile,17.21,4,12,0,0,18.78,11.95,1,Yes,0,Others,1,Interested
6767,53,Male,Tablet,4.45,3,8,0,1,2.87,55.62,1,Yes,0,Others,8,Interested
6768,42,Female,Desktop,2,4,5,0,0,2.27,25.84,1,Yes,1,Right_Discount,1,Interested
6769,40,Female,Mobile,24.15,16,11,1,1,32.29,76.11,1,Yes,0,Others,1,Interested
6770,29,Male,Mobile,22.05,13,1,1,0,18.7,81.42,1,Yes,0,Others,5,Interested
6771,51,Female,Mobile,3.37,11,8,0,1,4.2,50.76,1,Yes,0,Others,2,Interested
6772,53,Female,Mobile,4.7,11,4,0,0,5.99,40.95,1,Yes,0,Others,2,Interested
6773,54,Male,Desktop,26.88,5,14,1,1,30.74,31.72,1,Yes,0,Others,9,Interested
6774,20,Female,Tablet,23.3,1,5,1,1,32.23,3.28,1,Yes,0,Others,1,Interested
6775,26,Female,Mobile,29.89,14,0,0,0,19.27,56.07,1,Yes,0,Others,4,Interested
6776,35,Female,Mobile,8.37,19,11,0,1,11.24,50.89,1,Yes,0,Others,4,Interested
6777,52,Female,Desktop,15.15,5,12,0,1,16.83,21.3,1,Yes,0,Others,6,Interested
6778,51,Male,Mobile,7.86,6,13,1,0,10.66,53.21,1,Yes,1,Right_Discount,7,Interested
6779,58,Female,Tablet,19.06,19,1,1,1,19.68,46.76,1,Yes,1,Right_Discount,7,Interested
6780,31,Male,Desktop,4.35,12,0,0,0,3.6,26.07,1,Yes,0,Others,2,Interested
6781,21,Male,Tablet,4.69,14,3,1,1,6.55,74.31,1,Yes,1,Right_Discount,5,Interested
6782,46,Female,Mobile,3.08,17,1,0,0,4.24,24.59,1,Yes,0,Others,4,Interested
6783,58,Male,Mobile,21.11,7,12,0,0,16.21,45.1,1,Yes,1,Right_Discount,3,Interested
6784,32,Unknown,Mobile,15.33,1,0,1,1,19.07,53.34,1,Yes,1,Right_Discount,9,Interested
6785,45,Male,Mobile,18.91,17,2,0,0,11.18,81.13,1,Yes,1,Right_Discount,5,Interested
6786,59,Female,Mobile,26.5,6,3,0,0,15.53,42.05,1,Yes,1,Right_Discount,3,Interested
6787,33,Female,Tablet,22.47,4,3,0,1,22.73,20.7,1,Yes,1,Right_Discount,7,Interested
6788,29,Male,Desktop,14.39,14,2,1,1,7.71,1.48,1,Yes,0,Others,8,Interested
6789,22,Female,Desktop,29.55,8,1,0,0,27.59,25.21,1,Yes,0,Others,0,Technical Error
6790,51,Female,Mobile,14.23,18,11,1,0,18.37,75.05,1,Yes,0,Others,0,Technical Error
6791,59,Female,Desktop,4.26,13,7,1,1,5.92,82.05,1,Yes,0,Others,3,Interested
6792,18,Female,Desktop,29.79,8,9,0,1,22.48,60.07,1,Yes,0,Others,5,Interested
6793,56,Male,Mobile,1.66,16,12,1,1,0.96,94.83,1,Yes,0,Others,7,Interested
6794,49,Male,Tablet,16.95,5,10,0,0,19.16,52.22,1,Yes,1,Right_Discount,0,Technical Error
6795,43,Male,Mobile,9.96,3,1,1,0,7.62,47.93,1,Yes,0,Others,2,Interested
6796,34,Female,Mobile,15.6,13,4,1,1,8.17,83.28,1,Yes,0,Others,3,Interested
6797,44,Male,Mobile,17.2,15,6,0,0,10.86,16.7,1,Yes,1,Right_Discount,9,Interested
6798,41,Female,Desktop,7.96,4,8,0,0,11.45,1.51,1,Yes,1,Right_Discount,1,Interested
6799,52,Female,Desktop,17.15,3,11,1,1,23.58,88.18,1,Yes,1,Right_Discount,8,Interested
6800,59,Female,Mobile,0,2,2,1,1,30.49,53.41,1,Yes,1,Right_Discount,2,Interested
6801,56,Male,Unknown,0,4,0,0,0,7.33,74.49,1,Yes,0,Others,3,Interested
6802,43,Male,Unknown,12.12,6,14,0,0,14.72,62.89,1,Yes,0,Others,3,Interested
6803,55,Male,Mobile,8.78,4,0,1,1,12.79,66.39,1,Yes,1,Right_Discount,0,Technical Error
6804,40,Male,Mobile,24.8,17,0,1,1,26.48,58.73,1,Yes,0,Others,4,Interested
6805,39,Female,Mobile,22.02,7,7,0,1,18.34,72.52,1,Yes,0,Others,4,Interested
6806,21,Male,Mobile,26.26,18,1,0,0,34.12,11.35,1,Yes,0,Others,1,Interested
6807,26,Male,Desktop,5.93,10,6,1,1,5.52,25.09,1,Yes,1,Right_Discount,0,Technical Error
6808,21,Male,Mobile,3.13,17,11,0,0,3.37,47.91,1,Yes,1,Right_Discount,0,Technical Error
0,24,Male,Desktop,4.46,4,2,1,0,4.64,71.65,1,Yes,1,Right_Discount,4,Interested
6810,40,Female,Mobile,5.67,19,5,0,1,4.07,30.85,1,Yes,0,Others,6,Interested
6811,19,Male,Mobile,16.46,7,5,1,0,8.24,80.72,1,Yes,0,Others,9,Interested
6812,41,Male,Mobile,29.16,13,3,0,1,43.71,6.53,1,Yes,1,Right_Discount,9,Interested
6813,57,Male,Mobile,11.36,3,7,1,1,10.42,79.09,1,Yes,1,Right_Discount,1,Interested
6814,48,Female,Mobile,28.8,8,0,1,1,22.57,69.91,1,Yes,0,Others,7,Interested
6815,48,Male,Desktop,2.11,11,11,0,1,2.67,6.53,1,Yes,1,Right_Discount,4,Interested
6816,57,Male,Tablet,27.88,16,4,1,1,30.46,3.16,1,Yes,1,Right_Discount,4,Interested
6817,51,Male,Mobile,6.25,0,6,0,0,8.63,83.99,1,Yes,0,Others,8,Interested
6818,41,Female,Mobile,27.46,9,12,0,0,35.18,14.48,1,Yes,0,Others,1,Interested
6819,43,Female,Tablet,2.63,10,4,0,1,2.06,25.33,1,Yes,0,Others,9,Interested
6820,33,Male,Mobile,28.5,0,12,0,0,31.13,89.63,1,Yes,0,Others,0,Technical Error
6821,30,Male,Desktop,6.82,3,11,0,0,6.84,34.29,1,Yes,0,Others,4,Interested
6822,32,Female,Tablet,9.78,0,3,1,0,14.23,53.04,1,Yes,1,Right_Discount,0,Technical Error
6823,44,Female,Tablet,15.24,6,5,0,0,11.27,3.1,1,Yes,1,Right_Discount,4,Interested
6824,0,Female,Mobile,12.04,8,2,0,1,9.44,56.9,1,Yes,1,Right_Discount,4,Interested
6825,33,Female,Mobile,20.36,14,5,0,0,28.92,71.35,1,Yes,0,Others,7,Interested
6826,47,Female,Mobile,29.27,8,5,1,1,28.04,56.51,1,Yes,0,Others,5,Interested
6827,47,Male,Desktop,18.59,11,10,0,1,17.8,80.87,1,Yes,0,Others,5,Interested
6828,53,Unknown,Tablet,21.92,10,10,0,1,29.99,77.66,1,Yes,0,Others,4,Interested
6829,20,Male,Desktop,3.55,10,5,1,0,2.83,47.91,1,Yes,0,Others,4,Interested
6830,39,Male,Desktop,19.21,11,13,0,0,22.99,64.51,1,Yes,1,Right_Discount,7,Interested
6831,39,Female,Desktop,14.16,1,13,0,0,17.3,27.66,1,Yes,1,Right_Discount,0,Technical Error
6832,29,Female,Desktop,26.69,15,10,1,0,25.15,35.86,1,Yes,1,Right_Discount,8,Interested
6833,38,Female,Desktop,12.26,5,2,1,0,10.22,62.19,1,Yes,0,Others,5,Interested
6834,21,Female,Desktop,20.7,14,12,1,0,25.81,0,1,Yes,1,Right_Discount,8,Interested
6835,48,Female,Unknown,7.62,8,7,1,1,5.76,8.54,1,Yes,0,Others,1,Interested
6836,48,Male,Mobile,8.52,17,3,0,0,11.24,81.92,1,Yes,0,Others,2,Interested
6837,40,Male,Desktop,11.91,4,10,1,0,10.91,63.72,1,Yes,1,Right_Discount,0,Technical Error
6838,37,Male,Mobile,9.82,4,1,1,0,5.09,32.74,1,Yes,0,Others,4,Interested
6839,32,Male,Mobile,8.36,18,6,1,1,8.94,22.64,1,Yes,1,Right_Discount,1,Interested
6840,40,Male,Desktop,2.44,19,10,1,1,1.69,60.31,1,Yes,0,Others,0,Technical Error
6841,45,Female,Desktop,0,3,7,0,1,24.43,69.59,1,Yes,0,Others,8,Interested
6842,33,Female,Tablet,2.86,9,10,0,0,3.74,92.84,1,Yes,1,Right_Discount,8,Interested
6843,54,Female,Mobile,26.73,7,3,0,0,18.44,18.5,1,Yes,0,Others,5,Interested
6844,38,Female,Desktop,4.64,2,5,0,1,3.29,50.29,1,Yes,1,Right_Discount,7,Interested
6845,32,Female,Mobile,2.89,9,7,0,1,2.81,95.52,1,Yes,1,Right_Discount,8,Interested
6846,34,Male,Tablet,17.33,6,4,0,1,16.92,90.95,1,Yes,1,Right_Discount,4,Interested
6847,54,Male,Mobile,15.57,6,8,1,1,14.85,47.79,1,Yes,1,Right_Discount,1,Interested
6848,30,Male,Desktop,15.25,16,5,0,1,18.22,55.2,1,Yes,1,Right_Discount,3,Interested
6849,36,Female,Desktop,17.66,2,5,1,0,13.58,91.65,1,Yes,1,Right_Discount,2,Interested
6850,47,Female,Mobile,9.32,16,11,0,0,7.09,3.21,1,Yes,1,Right_Discount,9,Interested
6851,35,Unknown,Tablet,20.23,3,12,0,0,10.57,97.62,1,Yes,1,Right_Discount,6,Interested
6852,31,Female,Unknown,15.57,16,1,1,0,13.73,97.7,1,Yes,1,Right_Discount,9,Interested
6853,53,Male,Mobile,10.71,12,14,0,1,7.45,94.44,1,Yes,0,Others,9,Interested
6854,53,Female,Mobile,24.97,3,6,0,0,27.26,96.55,1,Yes,0,Others,9,Interested
6855,37,Male,Unknown,22.1,11,8,1,1,15.05,30.41,1,Yes,0,Others,7,Interested
6856,36,Female,Mobile,12.41,11,14,0,1,17.31,3.71,1,Yes,1,Right_Discount,4,Interested
6857,24,Male,Desktop,25.58,16,4,0,1,34.51,28.43,1,Yes,0,Others,1,Interested
6858,21,Female,Tablet,27.69,5,13,0,0,35.03,34.57,1,Yes,0,Others,8,Interested
6859,51,Female,Mobile,16.57,8,4,1,0,21.68,35.25,1,Yes,0,Others,0,Technical Error
6860,19,Male,Mobile,7.23,11,11,1,1,10.55,68.05,1,Yes,1,Right_Discount,4,Interested
6861,22,Male,Mobile,27.56,11,12,0,0,22.59,86.36,1,Yes,0,Others,2,Interested
6862,27,Female,Mobile,6.49,18,10,1,0,9.6,22.2,1,Yes,1,Right_Discount,7,Interested
6863,49,Male,Mobile,2.4,19,4,1,1,3.34,44.73,0,No,0,Others,7,Not Interested
6864,59,Female,Mobile,10.5,10,0,1,0,9.05,37.85,1,Yes,1,Right_Discount,0,Technical Error
6865,58,Female,Mobile,22.08,4,4,0,0,30.12,76.46,1,Yes,1,Right_Discount,3,Interested
6866,30,Male,Desktop,27.77,10,9,1,0,38.8,31.79,1,Yes,0,Others,9,Interested
6867,56,Female,Desktop,19.48,14,7,0,1,10.44,5.62,1,Yes,1,Right_Discount,7,Interested
6868,22,Female,Mobile,28.6,6,14,1,0,39.35,33.38,1,Yes,1,Right_Discount,8,Interested
6869,27,Male,Desktop,3.68,5,2,0,0,3.43,35.4,1,Yes,0,Others,8,Interested
6870,27,Female,Desktop,2.76,15,8,0,0,3.62,82.24,1,Yes,0,Others,1,Interested
6871,55,Female,Desktop,18.52,5,8,1,0,11.32,54.79,1,Yes,1,Right_Discount,8,Interested
6872,44,Female,Mobile,29.02,6,0,1,1,19.51,52.35,1,Yes,1,Right_Discount,7,Interested
6873,38,Female,Desktop,15.58,19,3,0,1,23.04,59.88,1,Yes,0,Others,8,Interested
6874,25,Male,Desktop,2.49,17,14,0,0,2.28,56.15,1,Yes,1,Right_Discount,8,Interested
6875,18,Male,Mobile,7.42,14,3,1,1,9.63,68.17,1,Yes,0,Others,2,Interested
6876,45,Male,Mobile,8.1,11,10,1,0,10.13,90.39,1,Yes,1,Right_Discount,4,Interested
6877,56,Female,Tablet,10.8,14,0,0,1,13.89,87.64,1,Yes,1,Right_Discount,2,Interested
6878,31,Male,Desktop,2.26,5,13,1,0,2.86,49.53,1,Yes,0,Others,5,Interested
6879,38,Male,Tablet,27.24,13,9,1,1,38.52,84.68,1,Yes,0,Others,9,Interested
6880,47,Male,Desktop,15.95,12,4,1,0,17.43,86.3,1,Yes,1,Right_Discount,4,Interested
6881,38,Female,Desktop,20.46,19,4,0,0,18.93,78.95,1,Yes,1,Right_Discount,1,Interested
6882,26,Male,Mobile,2.95,10,4,0,0,4.2,4.21,1,Yes,0,Others,2,Interested
6883,34,Male,Mobile,2.57,13,11,0,1,2.2,66.21,1,Yes,1,Right_Discount,6,Interested
6884,22,Female,Tablet,18.01,15,0,0,1,20.36,31.32,1,Yes,0,Others,9,Interested
6885,48,Female,Mobile,26.73,13,0,1,0,36.22,87.33,1,Yes,0,Others,9,Interested
6886,57,Female,Mobile,16.33,0,9,1,0,23.12,28.4,1,Yes,0,Others,4,Interested
6887,55,Female,Desktop,26.46,9,11,0,0,38.35,91.86,1,Yes,0,Others,2,Interested
6888,36,Female,Desktop,24.52,19,1,0,1,28.44,61.51,1,Yes,0,Others,3,Interested
6889,53,Female,Mobile,3.2,7,0,0,0,3.9,64.51,1,Yes,0,Others,5,Interested
6890,50,Male,Mobile,0,15,12,0,1,6.84,88.77,1,Yes,1,Right_Discount,7,Interested
6891,30,Male,Mobile,20.07,17,14,0,1,15.75,98.54,0,No,0,Others,6,Not Interested
6892,31,Female,Unknown,13.86,14,7,1,0,7.15,30.9,1,Yes,1,Right_Discount,2,Interested
6893,50,Female,Desktop,9.43,14,11,0,0,6.81,8.89,1,Yes,1,Right_Discount,1,Interested
6894,46,Male,Mobile,13.14,9,11,1,0,19.45,72.33,1,Yes,0,Others,2,Interested
6895,53,Female,Desktop,13.91,16,3,1,1,18.17,7.02,1,Yes,0,Others,4,Interested
6896,27,Female,Desktop,27.41,2,5,1,0,26.84,53.39,1,Yes,1,Right_Discount,6,Interested
6897,48,Male,Desktop,4,14,7,0,0,3.37,34.53,1,Yes,0,Others,7,Interested
6898,23,Female,Mobile,9.11,4,13,0,1,5.14,39,1,Yes,0,Others,5,Interested
6899,18,Female,Mobile,16.59,3,4,0,1,8.46,23.55,0,No,1,Low_Discount,1,Not Interested
6900,24,Male,Mobile,21.25,3,5,0,0,26.67,69.93,1,Yes,1,Right_Discount,1,Interested
6901,44,Male,Mobile,19.29,11,3,0,0,28.66,57.19,1,Yes,0,Others,9,Interested
6902,38,Male,Desktop,28.31,5,5,1,1,21.34,95.24,1,Yes,0,Others,4,Interested
6903,45,Male,Mobile,24.07,16,5,1,1,18.64,35.55,1,Yes,1,Right_Discount,4,Interested
6904,33,Male,Desktop,17.16,19,2,0,0,24.62,39.43,1,Yes,1,Right_Discount,0,Technical Error
6905,40,Female,Mobile,0,0,3,0,1,7.97,16.5,1,Yes,0,Others,0,Technical Error
6906,37,Female,Mobile,14.08,11,5,1,1,9.49,61.17,1,Yes,0,Others,8,Interested
6907,55,Female,Tablet,21.11,12,7,1,0,11.52,9.5,1,Yes,0,Others,6,Interested
6908,42,Female,Mobile,25.3,8,12,0,0,26.91,96.82,1,Yes,1,Right_Discount,7,Interested
6909,45,Female,Mobile,28.83,14,13,0,1,27.46,91.01,1,Yes,1,Right_Discount,4,Interested
6910,22,Male,Mobile,18.56,17,13,0,0,17.3,69.97,1,Yes,0,Others,2,Interested
6911,38,Female,Mobile,16.28,15,6,0,1,23.92,31.73,1,Yes,1,Right_Discount,2,Interested
6912,35,Female,Desktop,1.51,15,3,1,1,1.15,35.62,0,No,1,Low_Discount,2,Not Interested
6913,23,Unknown,Mobile,3.09,0,13,0,0,3.05,8.71,1,Yes,1,Right_Discount,0,Technical Error
6914,46,Female,Mobile,5.53,9,2,1,1,3.94,24.7,1,Yes,0,Others,2,Interested
6915,36,Female,Unknown,2.59,12,10,0,1,2.13,35.3,1,Yes,1,Right_Discount,1,Interested
6916,50,Male,Tablet,12.63,19,14,1,0,15.99,44.79,1,Yes,0,Others,7,Interested
6917,18,Female,Mobile,10.77,0,7,0,0,7.51,46.43,1,Yes,1,Right_Discount,9,Interested
6918,20,Female,Mobile,19.48,11,5,0,1,22.92,88.51,1,Yes,0,Others,9,Interested
6919,59,Female,Mobile,16.53,6,11,1,1,10.41,44.98,1,Yes,0,Others,5,Interested
6920,38,Female,Mobile,18.28,0,7,1,0,12.62,95.74,1,Yes,0,Others,4,Interested
6921,52,Female,Mobile,14.69,11,8,1,0,7.68,8.38,1,Yes,1,Right_Discount,0,Technical Error
6922,58,Female,Mobile,9.05,3,8,1,0,10.23,21.1,1,Yes,0,Others,1,Interested
6923,57,Male,Mobile,28.63,0,9,0,0,42.67,38.8,1,Yes,1,Right_Discount,1,Interested
6924,20,Female,Mobile,3.51,6,10,1,1,4.06,88.82,1,Yes,1,Right_Discount,6,Interested
6925,42,Male,Mobile,28.23,9,8,0,1,40.18,12.22,1,Yes,1,Right_Discount,6,Interested
6926,55,Male,Tablet,10.03,9,9,0,0,10.29,35.51,1,Yes,1,Right_Discount,5,Interested
6927,37,Unknown,Desktop,15.87,6,0,0,1,18.73,11.22,1,Yes,1,Right_Discount,7,Interested
6928,51,Female,Mobile,4.16,5,11,0,1,5.93,77.4,1,Yes,0,Others,3,Interested
6929,38,Female,Unknown,3.06,1,13,0,0,1.79,28.25,1,Yes,0,Others,0,Technical Error
6930,40,Male,Desktop,13.46,3,2,0,1,14.77,43.44,1,Yes,1,Right_Discount,7,Interested
6931,23,Female,Desktop,22.51,3,8,1,1,0,81.74,1,Yes,0,Others,2,Interested
6932,30,Female,Mobile,8.81,12,3,0,1,4.7,16.78,1,Yes,1,Right_Discount,2,Interested
6933,40,Female,Desktop,17.31,4,9,0,0,11.36,94.72,1,Yes,0,Others,8,Interested
6934,26,Male,Mobile,9.08,16,11,1,0,9.56,39.39,1,Yes,1,Right_Discount,0,Technical Error
6935,34,Male,Mobile,12.27,11,1,0,1,12.24,33.04,1,Yes,0,Others,4,Interested
6936,19,Female,Tablet,27.29,8,0,1,0,23.03,19.08,1,Yes,1,Right_Discount,9,Interested
6937,36,Male,Desktop,25.82,9,13,0,0,30.93,46.75,1,Yes,1,Right_Discount,0,Technical Error
6938,36,Female,Desktop,15.96,14,4,0,1,13.73,98.07,1,Yes,0,Others,2,Interested
6939,24,Male,Mobile,7.91,15,13,1,0,10.04,49.1,1,Yes,1,Right_Discount,4,Interested
6940,59,Female,Mobile,6.6,19,3,1,0,8.64,45.21,1,Yes,0,Others,3,Interested
6941,59,Male,Desktop,0,9,4,0,1,32.82,0,1,Yes,0,Others,3,Interested
6942,37,Female,Mobile,6.88,17,10,1,1,5.36,28.77,1,Yes,0,Others,0,Technical Error
6943,26,Unknown,Mobile,24.44,9,4,0,0,31.84,22.79,1,Yes,0,Others,5,Interested
6944,34,Male,Mobile,11.7,3,7,1,0,8.8,3.9,1,Yes,1,Right_Discount,9,Interested
6945,44,Male,Mobile,29.58,16,5,1,1,23.75,44.6,1,Yes,1,Right_Discount,3,Interested
6946,19,Male,Mobile,11.68,13,2,0,1,12.95,13.56,1,Yes,1,Right_Discount,0,Technical Error
6947,53,Male,Desktop,11.19,17,14,1,1,13.31,50.3,1,Yes,1,Right_Discount,9,Interested
6948,36,Male,Tablet,19.49,4,8,0,0,16.98,45.46,1,Yes,1,Right_Discount,5,Interested
6949,34,Female,Mobile,28.88,9,7,0,0,31.52,22.27,1,Yes,0,Others,4,Interested
6950,22,Female,Desktop,29.31,9,8,1,1,21.92,79.83,0,No,0,Others,4,Not Interested
6951,0,Male,Mobile,21.51,18,3,1,1,27.85,92.68,0,No,1,Low_Discount,1,Not Interested
6952,35,Female,Tablet,22.88,14,12,0,0,34.14,13.41,1,Yes,1,Right_Discount,0,Technical Error
6953,24,Female,Mobile,17.34,3,7,1,0,20.78,9.74,1,Yes,0,Others,6,Interested
6954,34,Male,Desktop,22.92,4,10,0,0,18.78,34.48,1,Yes,1,Right_Discount,4,Interested
6955,56,Female,Desktop,25.93,1,2,1,0,22.01,61.04,1,Yes,1,Right_Discount,2,Interested
6956,53,Unknown,Mobile,15.1,18,4,1,0,8.01,63.2,1,Yes,0,Others,5,Interested
6957,57,Male,Mobile,18.98,4,13,1,0,21.77,62.5,1,Yes,1,Right_Discount,2,Interested
6958,21,Male,Tablet,16.58,10,6,1,1,18.24,57.57,1,Yes,0,Others,5,Interested
6959,55,Female,Mobile,17.31,4,0,1,1,25.18,38.58,1,Yes,0,Others,5,Interested
6960,42,Male,Desktop,26.81,17,13,0,0,24.19,78.2,1,Yes,0,Others,8,Interested
6961,22,Female,Tablet,11.31,8,0,0,1,16.21,95.32,1,Yes,1,Right_Discount,7,Interested
6962,47,Male,Mobile,7.04,19,2,1,1,8.87,58.96,1,Yes,1,Right_Discount,0,Technical Error
6963,29,Male,Desktop,14.23,9,3,0,1,11.21,21.94,1,Yes,1,Right_Discount,6,Interested
6964,21,Male,Tablet,7.03,16,14,0,0,3.63,56.18,1,Yes,1,Right_Discount,8,Interested
6965,41,Male,Desktop,15.45,15,0,0,1,18.95,75.55,1,Yes,0,Others,1,Interested
6966,0,Female,Mobile,27.2,16,7,0,1,27.1,82.97,1,Yes,0,Others,8,Interested
6967,26,Male,Mobile,18.91,12,1,0,0,27.64,71.83,1,Yes,1,Right_Discount,5,Interested
6968,21,Male,Mobile,25.81,18,10,1,0,13.48,89.05,1,Yes,1,Right_Discount,2,Interested
6969,41,Female,Desktop,5.82,7,4,1,1,5.95,95.2,1,Yes,0,Others,7,Interested
6970,31,Female,Desktop,27.13,16,0,1,1,34.97,49.2,1,Yes,0,Others,6,Interested
6971,22,Female,Desktop,18.45,19,13,0,1,23.8,54.1,1,Yes,0,Others,7,Interested
6972,35,Female,Mobile,1.92,6,5,0,0,2.25,33.75,1,Yes,0,Others,7,Interested
6973,59,Male,Mobile,19.36,6,10,1,1,17.32,65.89,1,Yes,1,Right_Discount,6,Interested
6974,0,Female,Desktop,28.59,6,5,1,0,16.22,59.57,1,Yes,0,Others,0,Technical Error
6975,29,Male,Desktop,3.3,15,5,0,0,2.65,17.87,1,Yes,0,Others,0,Technical Error
6976,35,Female,Tablet,17.89,2,0,0,0,20.59,69.44,1,Yes,1,Right_Discount,9,Interested
6977,34,Male,Desktop,27.55,9,0,0,1,35.02,80.5,1,Yes,0,Others,9,Interested
6978,47,Female,Desktop,1.28,8,2,0,1,1.69,18.1,1,Yes,0,Others,7,Interested
6979,41,Male,Desktop,19.3,7,2,0,1,24.59,16.42,1,Yes,1,Right_Discount,4,Interested
6980,28,Male,Desktop,14.77,16,7,0,0,12.17,63.91,1,Yes,0,Others,1,Interested
6981,52,Female,Mobile,11.06,15,5,1,0,13.21,11.62,1,Yes,1,Right_Discount,1,Interested
6982,40,Male,Tablet,19.2,9,1,1,1,28.21,80.96,1,Yes,0,Others,1,Interested
6983,34,Male,Desktop,2.53,15,12,1,1,1.61,64.3,1,Yes,1,Right_Discount,8,Interested
6984,18,Male,Mobile,22.84,2,13,1,0,28.12,3.24,1,Yes,1,Right_Discount,4,Interested
6985,32,Male,Mobile,1.13,14,0,0,1,1.03,77.04,1,Yes,1,Right_Discount,2,Interested
6986,49,Female,Mobile,9.9,11,3,0,1,7.18,50.99,1,Yes,0,Others,5,Interested
6987,26,Male,Mobile,15.61,3,0,1,0,12.8,49.62,1,Yes,1,Right_Discount,8,Interested
6988,32,Male,Mobile,11.93,2,4,0,0,7.95,31.19,1,Yes,1,Right_Discount,8,Interested
6989,45,Female,Mobile,9.92,18,11,1,1,13.05,28.35,1,Yes,0,Others,8,Interested
6990,41,Female,Mobile,25.09,14,10,1,0,22.27,50.03,1,Yes,1,Right_Discount,9,Interested
6991,52,Female,Mobile,28.11,5,7,1,0,40.41,0.31,1,Yes,1,Right_Discount,3,Interested
6992,39,Male,Desktop,26.34,12,9,1,1,38.62,79.51,1,Yes,1,Right_Discount,4,Interested
6993,44,Male,Mobile,16.15,14,1,1,0,23.67,78.4,1,Yes,1,Right_Discount,0,Technical Error
6994,36,Female,Mobile,26.64,6,7,0,1,17.47,73.56,1,Yes,0,Others,9,Interested
6995,29,Male,Mobile,27.7,8,12,0,0,23.44,60.25,1,Yes,1,Right_Discount,5,Interested
6996,37,Female,Mobile,12.87,7,7,1,1,10.43,29.56,1,Yes,1,Right_Discount,1,Interested
6997,18,Male,Mobile,9.22,7,5,1,0,13.12,65.8,0,No,1,Low_Discount,6,Not Interested
6998,38,Female,Desktop,3.85,12,7,0,0,2.26,12.91,1,Yes,0,Others,3,Interested
6999,18,Male,Desktop,14.89,7,12,1,0,16.21,26.34,1,Yes,0,Others,3,Interested
7000,27,Female,Mobile,28.44,12,1,0,1,28.02,4.52,1,Yes,1,Right_Discount,8,Interested
7001,49,Male,Desktop,17.27,16,6,0,0,25.5,85.95,1,Yes,1,Right_Discount,0,Technical Error
7002,56,Female,Mobile,20.36,7,11,1,0,29.79,82.84,1,Yes,0,Others,5,Interested
7003,39,Male,Tablet,4.27,8,7,0,0,3.95,45.09,1,Yes,1,Right_Discount,1,Interested
7004,35,Male,Tablet,5.16,1,3,1,0,4.86,43.76,1,Yes,0,Others,5,Interested
7005,49,Male,Mobile,14.47,13,13,0,1,12.8,92.6,1,Yes,1,Right_Discount,6,Interested
7006,44,Female,Desktop,28.59,19,8,0,0,36.86,67.52,1,Yes,0,Others,2,Interested
7007,45,Male,Desktop,11.46,1,10,1,0,6.88,70.93,1,Yes,1,Right_Discount,3,Interested
7008,35,Male,Desktop,26.45,18,5,0,0,16.3,35.93,1,Yes,1,Right_Discount,1,Interested
7009,56,Male,Desktop,4.49,7,11,1,0,5.41,29.16,1,Yes,0,Others,6,Interested
7010,46,Female,Tablet,18.89,17,2,1,1,9.76,11.44,1,Yes,1,Right_Discount,8,Interested
7011,35,Male,Mobile,18.42,15,12,1,0,21.57,7.25,1,Yes,0,Others,4,Interested
0,25,Female,Desktop,25.94,19,3,1,1,16.31,90.55,1,Yes,1,Right_Discount,4,Interested
7013,48,Male,Desktop,1.1,4,11,1,1,1.41,90.64,1,Yes,1,Right_Discount,8,Interested
7014,51,Female,Desktop,6.51,17,3,0,1,8.07,22.7,1,Yes,0,Others,7,Interested
7015,24,Female,Desktop,7.37,7,0,0,0,5.03,3.74,1,Yes,0,Others,0,Technical Error
7016,53,Male,Mobile,28.55,16,13,0,1,35.89,34.64,1,Yes,0,Others,1,Interested
7017,35,Female,Mobile,5.46,17,12,1,0,7.04,95.19,1,Yes,1,Right_Discount,6,Interested
7018,55,Female,Mobile,2.07,15,9,0,1,2.95,30.51,1,Yes,1,Right_Discount,2,Interested
7019,26,Male,Mobile,16.5,9,0,0,0,20.2,86.52,1,Yes,1,Right_Discount,5,Interested
7020,26,Female,Mobile,16.33,13,0,1,0,22.33,81.64,1,Yes,1,Right_Discount,0,Technical Error
7021,25,Female,Tablet,25.48,7,3,1,0,28.98,94.44,1,Yes,1,Right_Discount,7,Interested
7022,52,Female,Desktop,28.52,19,0,1,1,32.1,49.67,1,Yes,1,Right_Discount,1,Interested
7023,35,Female,Desktop,16.62,11,13,1,0,19.53,92.2,1,Yes,0,Others,0,Technical Error
7024,22,Male,Unknown,27.97,8,5,0,1,25.35,74.18,1,Yes,1,Right_Discount,0,Technical Error
0,31,Female,Desktop,22.03,17,13,0,0,16.05,86.8,1,Yes,0,Others,7,Interested
7026,45,Female,Desktop,8.67,4,1,0,0,7.92,73.33,1,Yes,1,Right_Discount,9,Interested
7027,47,Male,Desktop,27.92,4,0,0,0,30.53,46.12,1,Yes,0,Others,4,Interested
7028,21,Male,Mobile,20.36,18,6,0,1,24.23,91.91,1,Yes,0,Others,8,Interested
7029,56,Female,Mobile,13.01,17,5,1,1,12.45,80.05,1,Yes,1,Right_Discount,2,Interested
7030,37,Male,Desktop,20.73,3,0,0,0,17.21,64.11,1,Yes,0,Others,7,Interested
7031,42,Male,Mobile,12.64,9,11,1,0,9.44,48.3,1,Yes,1,Right_Discount,3,Interested
7032,45,Male,Unknown,4.31,6,12,0,0,0,9.46,1,Yes,0,Others,6,Interested
7033,29,Unknown,Desktop,21.85,2,13,1,0,21.33,81.55,1,Yes,0,Others,9,Interested
7034,19,Male,Tablet,24.9,12,9,0,0,30.04,41.64,1,Yes,0,Others,9,Interested
7035,31,Male,Desktop,22.14,15,11,0,0,29.44,35.94,1,Yes,0,Others,7,Interested
7036,39,Male,Tablet,7.64,9,8,1,1,6.46,23.06,1,Yes,0,Others,2,Interested
7037,48,Male,Desktop,28.74,2,5,1,0,31.93,54.16,1,Yes,0,Others,2,Interested
7038,40,Male,Mobile,1.73,12,1,1,1,1.69,82.99,1,Yes,0,Others,0,Technical Error
7039,37,Female,Mobile,10.65,16,6,1,1,0,28.96,1,Yes,1,Right_Discount,7,Interested
7040,55,Female,Mobile,8.54,7,2,0,0,11.81,92.07,1,Yes,1,Right_Discount,1,Interested
7041,21,Female,Mobile,2.4,1,13,0,0,3.32,39.69,1,Yes,1,Right_Discount,6,Interested
7042,32,Female,Mobile,12.77,7,14,1,1,13.78,96.94,1,Yes,1,Right_Discount,6,Interested
7043,41,Female,Mobile,19.07,3,6,0,1,17.87,67.66,1,Yes,0,Others,6,Interested
7044,42,Male,Unknown,26.59,5,13,1,1,30.63,36.72,1,Yes,0,Others,3,Interested
7045,18,Male,Mobile,29.7,3,8,0,0,19.59,98.36,1,Yes,1,Right_Discount,6,Interested
7046,24,Female,Mobile,24.43,15,4,1,0,33.79,59.43,1,Yes,1,Right_Discount,9,Interested
7047,48,Female,Desktop,14.59,6,0,1,1,11.25,76.86,1,Yes,0,Others,7,Interested
7048,29,Male,Desktop,21.99,15,4,0,1,29.18,45.18,1,Yes,1,Right_Discount,8,Interested
7049,59,Female,Tablet,25.47,3,7,0,0,20.34,11.93,1,Yes,0,Others,6,Interested
0,22,Male,Desktop,14.49,1,7,0,1,14.81,96.4,1,Yes,1,Right_Discount,5,Interested
7051,59,Female,Mobile,23.77,2,2,1,0,30.24,32.17,1,Yes,0,Others,4,Interested
7052,55,Male,Mobile,15,4,3,0,0,13.41,91.79,1,Yes,1,Right_Discount,9,Interested
7053,29,Female,Mobile,12.21,14,11,0,1,10.48,90.76,1,Yes,1,Right_Discount,9,Interested
7054,56,Male,Mobile,16.26,14,7,1,0,22.57,9.5,1,Yes,1,Right_Discount,6,Interested
7055,35,Female,Mobile,20.6,10,7,0,0,11.72,11.47,1,Yes,0,Others,9,Interested
7056,19,Female,Tablet,22.08,11,6,0,1,29.62,61.2,0,No,1,Low_Discount,1,Not Interested
7057,27,Male,Mobile,11.35,4,5,0,0,16.21,3.59,1,Yes,1,Right_Discount,4,Interested
7058,32,Male,Mobile,17.57,15,3,1,0,18.68,42.12,1,Yes,0,Others,7,Interested
7059,47,Female,Mobile,27.39,4,9,1,1,32.76,52.78,1,Yes,0,Others,5,Interested
7060,34,Female,Desktop,29.31,16,12,0,0,39.9,19.68,1,Yes,1,Right_Discount,5,Interested
7061,21,Male,Mobile,7.59,2,8,0,0,7.1,77.02,1,Yes,0,Others,0,Technical Error
7062,24,Male,Mobile,6.59,13,1,0,0,0,43.16,1,Yes,0,Others,1,Interested
7063,58,Male,Mobile,20.62,8,1,1,1,0,42.31,1,Yes,0,Others,2,Interested
7064,48,Female,Mobile,13.03,0,0,0,0,10.51,23.44,1,Yes,0,Others,6,Interested
7065,56,Female,Mobile,1.7,8,10,1,1,2.52,88.78,1,Yes,0,Others,9,Interested
7066,51,Male,Mobile,11.06,4,14,0,0,5.87,1.12,1,Yes,1,Right_Discount,5,Interested
7067,23,Female,Mobile,24.4,5,11,1,1,20,0.69,1,Yes,0,Others,4,Interested
7068,55,Female,Desktop,24.13,0,2,0,1,23.13,99.55,1,Yes,1,Right_Discount,8,Interested
7069,51,Male,Mobile,15.35,19,2,0,0,12.45,2.11,1,Yes,0,Others,9,Interested
0,32,Female,Desktop,14.7,10,3,0,1,11.5,15.51,1,Yes,0,Others,6,Interested
7071,31,Male,Mobile,17.81,3,2,1,0,15.51,88.29,1,Yes,1,Right_Discount,8,Interested
7072,23,Male,Mobile,7.36,13,9,1,0,6.61,61.57,1,Yes,1,Right_Discount,2,Interested
7073,54,Female,Mobile,16.26,9,5,1,1,9.29,62.5,1,Yes,1,Right_Discount,7,Interested
7074,49,Female,Mobile,1.32,17,8,1,0,1.68,47.57,1,Yes,1,Right_Discount,8,Interested
7075,20,Male,Mobile,14.79,10,7,0,1,9.88,15.06,1,Yes,1,Right_Discount,1,Interested
7076,20,Male,Mobile,10.75,12,5,1,0,5.82,36.71,1,Yes,1,Right_Discount,3,Interested
7077,39,Male,Desktop,20.57,13,0,0,1,22.43,71.79,1,Yes,1,Right_Discount,1,Interested
7078,39,Female,Desktop,19.51,10,7,0,1,22.8,48.54,0,No,1,Low_Discount,6,Not Interested
7079,27,Male,Desktop,12.04,19,9,1,0,15.17,72.98,1,Yes,0,Others,3,Interested
7080,20,Male,Mobile,1.21,19,5,0,0,0.71,0.73,1,Yes,1,Right_Discount,5,Interested
7081,29,Male,Desktop,8.32,0,1,0,0,5.59,65.58,1,Yes,1,Right_Discount,7,Interested
7082,46,Male,Mobile,19.37,5,4,0,0,13.22,59.29,1,Yes,1,Right_Discount,5,Interested
7083,34,Female,Desktop,3.1,8,3,0,1,3.39,97.44,1,Yes,0,Others,3,Interested
7084,24,Female,Mobile,4.12,5,11,0,0,5.73,90.7,1,Yes,1,Right_Discount,5,Interested
7085,30,Male,Mobile,19.76,15,5,1,1,23.84,60.03,1,Yes,0,Others,0,Technical Error
0,19,Female,Desktop,22.92,4,1,1,1,18.67,57.62,1,Yes,0,Others,5,Interested
7087,21,Female,Desktop,10.32,13,3,1,0,13.96,9.26,1,Yes,0,Others,9,Interested
7088,27,Female,Mobile,15.2,17,12,0,0,17.78,94.11,1,Yes,0,Others,7,Interested
7089,56,Male,Mobile,28.43,5,7,0,1,33.79,70.69,1,Yes,0,Others,0,Technical Error
7090,41,Female,Mobile,28.42,1,13,1,1,41.42,50.22,1,Yes,0,Others,8,Interested
7091,34,Female,Tablet,9.92,15,0,0,0,14.39,85.74,1,Yes,0,Others,5,Interested
7092,23,Male,Mobile,24.49,10,2,1,0,21.69,73.07,1,Yes,0,Others,5,Interested
0,36,Male,Tablet,18.22,11,14,0,1,20.69,56.36,1,Yes,1,Right_Discount,3,Interested
7094,22,Female,Mobile,29.29,18,3,0,0,20.56,53.91,1,Yes,0,Others,0,Technical Error
7095,49,Female,Mobile,14.85,13,1,1,0,13.54,92.63,1,Yes,0,Others,4,Interested
7096,27,Male,Desktop,23.47,16,11,0,1,18.15,79.91,1,Yes,1,Right_Discount,0,Technical Error
7097,26,Male,Mobile,23.28,19,1,0,1,20.19,40.31,1,Yes,1,Right_Discount,6,Interested
7098,44,Male,Mobile,15.43,12,5,1,0,18.14,62.88,1,Yes,1,Right_Discount,7,Interested
7099,30,Male,Mobile,24.07,14,5,1,1,17.1,19.64,1,Yes,1,Right_Discount,5,Interested
7100,36,Female,Desktop,8.57,2,2,1,0,5.83,93.33,1,Yes,1,Right_Discount,6,Interested
7101,38,Male,Desktop,4.55,10,7,1,0,4,69.53,1,Yes,1,Right_Discount,6,Interested
7102,41,Female,Desktop,13.33,4,11,1,1,7.97,96,1,Yes,1,Right_Discount,3,Interested
7103,55,Female,Desktop,28.37,1,2,1,1,37.28,29.2,1,Yes,1,Right_Discount,3,Interested
7104,21,Female,Desktop,15.52,17,1,0,0,22.64,31.52,1,Yes,1,Right_Discount,0,Technical Error
7105,41,Male,Mobile,19.42,11,4,0,0,25.27,83.21,1,Yes,0,Others,1,Interested
7106,52,Male,Mobile,19.1,7,12,1,0,19.7,26.18,1,Yes,1,Right_Discount,2,Interested
7107,20,Female,Desktop,4.84,17,6,0,0,5.68,35.76,1,Yes,0,Others,4,Interested
7108,21,Female,Tablet,12.32,17,0,0,1,16.08,88.43,1,Yes,1,Right_Discount,9,Interested
7109,54,Female,Mobile,21.5,9,1,1,0,0,51.78,1,Yes,1,Right_Discount,8,Interested
7110,57,Female,Mobile,29.19,10,1,0,0,26.8,30.04,1,Yes,0,Others,4,Interested
7111,52,Female,Mobile,5.87,6,7,0,0,3.78,40.93,1,Yes,0,Others,5,Interested
7112,48,Male,Mobile,12.9,17,9,0,1,7.62,71.19,1,Yes,1,Right_Discount,6,Interested
7113,42,Male,Mobile,3.76,16,5,1,0,4.73,15.87,1,Yes,0,Others,3,Interested
7114,57,Male,Desktop,8.03,7,13,0,0,10.91,96.22,1,Yes,0,Others,7,Interested
7115,30,Female,Mobile,11.93,19,12,1,0,6.96,49.29,1,Yes,0,Others,5,Interested
7116,21,Female,Desktop,16.68,4,12,1,0,11.32,76.49,1,Yes,1,Right_Discount,0,Technical Error
7117,31,Male,Desktop,7.69,17,14,0,0,5.54,70.2,1,Yes,0,Others,5,Interested
7118,30,Male,Tablet,7.6,9,14,0,1,10.31,68.07,1,Yes,0,Others,1,Interested
7119,44,Female,Mobile,23.56,11,12,1,0,33.3,42,1,Yes,0,Others,3,Interested
7120,23,Male,Mobile,28.92,1,3,1,1,36.58,4.23,1,Yes,0,Others,3,Interested
7121,34,Male,Mobile,10.38,7,3,1,1,13.46,74.14,1,Yes,1,Right_Discount,9,Interested
7122,53,Male,Mobile,20.95,5,4,0,0,17.65,95.38,1,Yes,0,Others,9,Interested
7123,57,Female,Mobile,8.48,5,2,1,0,7.7,50.5,1,Yes,0,Others,4,Interested
7124,52,Female,Desktop,27.91,1,11,1,1,21.78,95.38,1,Yes,0,Others,9,Interested
7125,34,Male,Mobile,20.51,6,13,1,1,29.91,53.49,1,Yes,1,Right_Discount,1,Interested
7126,58,Female,Tablet,24.28,13,3,1,1,29.81,16.74,1,Yes,0,Others,5,Interested
7127,19,Male,Desktop,2.43,15,11,1,1,2.04,23.95,1,Yes,0,Others,2,Interested
7128,30,Male,Desktop,0,0,3,0,1,11.67,86.47,1,Yes,0,Others,8,Interested
7129,19,Female,Desktop,16.3,17,6,0,0,11.33,0,1,Yes,0,Others,5,Interested
7130,45,Female,Mobile,9.5,13,6,0,0,6.69,41.44,1,Yes,0,Others,2,Interested
7131,43,Female,Desktop,0,11,0,1,0,9.6,79.94,1,Yes,0,Others,2,Interested
7132,39,Male,Mobile,17.82,4,11,1,1,25,64.17,1,Yes,1,Right_Discount,4,Interested
7133,20,Male,Desktop,21.49,7,2,0,0,0,87.23,1,Yes,1,Right_Discount,5,Interested
7134,52,Male,Mobile,1.96,19,14,0,0,1.12,97.09,1,Yes,1,Right_Discount,3,Interested
7135,29,Female,Mobile,17.45,7,8,0,1,21.1,65.12,1,Yes,0,Others,4,Interested
7136,41,Male,Mobile,5.94,14,5,1,0,3.97,97.07,1,Yes,1,Right_Discount,2,Interested
0,22,Male,Mobile,5.07,16,5,1,1,4.11,47.04,1,Yes,1,Right_Discount,9,Interested
7138,37,Male,Mobile,19.07,9,3,0,1,19.91,84,1,Yes,0,Others,3,Interested
7139,56,Male,Mobile,10.02,2,9,0,1,13.44,90.64,1,Yes,0,Others,7,Interested
7140,56,Female,Desktop,13.79,16,8,1,0,10.16,4.52,1,Yes,0,Others,7,Interested
7141,30,Female,Mobile,11.44,5,14,1,1,15.72,86.51,1,Yes,0,Others,0,Technical Error
7142,58,Female,Mobile,19.8,12,13,1,0,24.45,40.87,1,Yes,1,Right_Discount,3,Interested
7143,29,Male,Mobile,14.63,15,11,0,1,17.18,39.82,1,Yes,0,Others,1,Interested
7144,30,Male,Mobile,28.94,3,2,0,0,18.32,78.16,1,Yes,1,Right_Discount,3,Interested
7145,27,Male,Mobile,11.22,9,7,1,1,10.93,24.63,1,Yes,0,Others,4,Interested
7146,50,Female,Desktop,22.47,7,12,0,0,17.42,3.15,1,Yes,0,Others,0,Technical Error
7147,57,Female,Mobile,8.46,4,5,0,1,9.21,27.12,1,Yes,1,Right_Discount,4,Interested
7148,33,Female,Mobile,15.75,9,11,1,0,18.48,64.84,1,Yes,1,Right_Discount,6,Interested
7149,52,Female,Mobile,17.02,15,1,1,0,9.62,95.34,1,Yes,1,Right_Discount,4,Interested
7150,20,Female,Mobile,10.54,7,2,0,0,12.06,39.57,1,Yes,1,Right_Discount,6,Interested
7151,22,Male,Mobile,14.68,11,13,1,1,14.65,79.75,1,Yes,1,Right_Discount,8,Interested
7152,43,Female,Desktop,9.1,19,0,0,1,12.18,20.05,1,Yes,0,Others,7,Interested
7153,28,Female,Mobile,1.17,11,2,0,0,1.51,85.19,0,No,0,Others,0,Not Interested
7154,24,Female,Mobile,7.25,1,3,1,0,6.62,76.54,1,Yes,1,Right_Discount,9,Interested
7155,27,Male,Desktop,21.3,13,14,0,0,31.44,44.81,1,Yes,0,Others,9,Interested
7156,59,Female,Mobile,23.36,13,13,0,1,25.39,89.49,1,Yes,0,Others,1,Interested
7157,51,Female,Desktop,9.13,2,5,1,0,13.36,3.79,1,Yes,0,Others,5,Interested
7158,20,Female,Mobile,12.83,17,9,1,1,15.64,78.59,1,Yes,0,Others,4,Interested
7159,25,Male,Mobile,2.08,19,13,1,0,1.89,3.52,1,Yes,1,Right_Discount,0,Technical Error
7160,48,Male,Desktop,7.87,15,6,1,1,5.77,86.5,1,Yes,0,Others,1,Interested
7161,28,Female,Mobile,23.6,19,2,0,0,22.78,17.68,1,Yes,1,Right_Discount,2,Interested
7162,24,Female,Desktop,18.57,10,13,0,1,26.67,3.83,1,Yes,1,Right_Discount,9,Interested
7163,19,Female,Mobile,6.97,10,10,0,1,4.39,30.88,1,Yes,1,Right_Discount,4,Interested
7164,23,Female,Desktop,8.47,9,12,0,0,8.13,17.87,1,Yes,1,Right_Discount,6,Interested
7165,58,Male,Desktop,24.69,19,6,0,0,20.91,65.18,1,Yes,1,Right_Discount,5,Interested
7166,49,Female,Desktop,7.06,11,12,1,0,9.65,47.24,1,Yes,1,Right_Discount,2,Interested
7167,37,Male,Desktop,10.69,6,3,1,0,13.94,12.97,1,Yes,0,Others,5,Interested
7168,51,Female,Desktop,20.27,2,0,1,0,21.33,91.61,1,Yes,0,Others,3,Interested
0,33,Male,Mobile,17.27,10,0,0,1,15.8,36.78,1,Yes,1,Right_Discount,2,Interested
7170,42,Male,Mobile,0,15,7,1,1,17.02,28.28,1,Yes,1,Right_Discount,3,Interested
7171,29,Female,Mobile,27.09,5,9,0,1,39.36,69.81,1,Yes,1,Right_Discount,7,Interested
7172,24,Male,Unknown,7.37,18,6,1,0,4.43,39.35,1,Yes,1,Right_Discount,0,Technical Error
7173,56,Female,Desktop,22.5,7,3,1,1,31.47,14.55,1,Yes,1,Right_Discount,2,Interested
7174,34,Male,Mobile,5.61,3,0,1,0,4.46,58.24,1,Yes,1,Right_Discount,9,Interested
7175,28,Male,Mobile,18.86,16,5,1,1,9.51,3.04,1,Yes,0,Others,7,Interested
7176,23,Female,Desktop,26.25,17,10,1,1,32.58,62.72,1,Yes,0,Others,9,Interested
7177,40,Female,Unknown,14.28,2,11,0,0,18.4,86.76,1,Yes,0,Others,8,Interested
7178,44,Male,Mobile,22,16,10,0,0,17.7,26.2,1,Yes,0,Others,2,Interested
7179,23,Male,Mobile,24.79,1,9,0,0,31.69,85.23,1,Yes,0,Others,8,Interested
7180,55,Female,Mobile,4.94,14,6,0,1,6.41,24.5,1,Yes,1,Right_Discount,9,Interested
7181,19,Female,Desktop,21.47,16,5,0,1,25.23,20.25,1,Yes,0,Others,9,Interested
7182,39,Female,Mobile,27.68,9,11,0,1,14.91,71.54,1,Yes,1,Right_Discount,3,Interested
7183,37,Male,Mobile,17.71,17,5,1,0,20.67,6.55,1,Yes,0,Others,3,Interested
7184,42,Female,Desktop,6.4,8,7,1,1,9.17,4.06,1,Yes,0,Others,6,Interested
7185,32,Female,Mobile,4.68,9,13,1,1,5.24,45.6,1,Yes,0,Others,5,Interested
7186,46,Male,Desktop,8.53,2,14,0,1,7.39,3.41,1,Yes,1,Right_Discount,9,Interested
7187,25,Female,Desktop,0,13,5,0,0,4.25,49.67,1,Yes,0,Others,2,Interested
7188,54,Female,Unknown,15.89,1,1,0,1,23.73,64.94,1,Yes,0,Others,7,Interested
7189,50,Female,Mobile,3.02,7,6,1,1,2.94,22.82,1,Yes,1,Right_Discount,4,Interested
7190,39,Female,Mobile,7.48,18,12,1,1,10.03,89.89,1,Yes,0,Others,1,Interested
7191,22,Male,Desktop,13.76,5,9,1,1,8.79,20.03,1,Yes,1,Right_Discount,9,Interested
7192,56,Female,Mobile,14.74,7,13,1,0,8.2,23.75,1,Yes,0,Others,2,Interested
7193,35,Unknown,Mobile,17.4,12,12,1,1,15.49,91.31,1,Yes,1,Right_Discount,6,Interested
7194,55,Female,Desktop,21.46,17,3,1,0,13.69,68.75,1,Yes,1,Right_Discount,9,Interested
7195,54,Female,Mobile,2.37,5,10,0,1,1.97,52.86,1,Yes,1,Right_Discount,8,Interested
7196,47,Female,Mobile,3.34,12,10,0,0,4.06,33.02,1,Yes,0,Others,0,Technical Error
7197,48,Female,Desktop,2.76,19,2,1,1,2.61,76.91,1,Yes,1,Right_Discount,5,Interested
7198,27,Male,Mobile,13.27,13,7,1,0,10.9,58.83,1,Yes,0,Others,8,Interested
7199,32,Male,Desktop,2.21,16,9,0,1,3.08,34.19,1,Yes,0,Others,6,Interested
7200,59,Male,Desktop,22.64,19,11,1,1,11.53,82.6,1,Yes,0,Others,2,Interested
7201,35,Female,Mobile,7.47,10,11,0,1,9.82,79.46,1,Yes,1,Right_Discount,6,Interested
7202,40,Female,Tablet,28.24,12,4,1,1,31.66,94.09,1,Yes,0,Others,1,Interested
7203,50,Female,Mobile,15.11,7,3,1,0,8.26,99.49,1,Yes,1,Right_Discount,9,Interested
7204,33,Male,Tablet,13.94,14,10,1,0,7.45,1.15,1,Yes,1,Right_Discount,1,Interested
7205,55,Female,Mobile,23.64,10,3,1,0,15.88,32.01,0,No,0,Others,0,Not Interested
7206,52,Male,Mobile,21.68,8,4,0,1,32.03,19.26,1,Yes,1,Right_Discount,2,Interested
7207,51,Female,Mobile,18.61,15,11,0,0,10.9,21.36,1,Yes,1,Right_Discount,0,Technical Error
7208,45,Female,Mobile,28.12,16,3,1,1,34.84,86.48,1,Yes,1,Right_Discount,7,Interested
7209,19,Male,Desktop,13.25,8,2,0,0,11.95,97.49,1,Yes,0,Others,7,Interested
7210,47,Male,Desktop,24.45,4,3,1,1,18.01,94.01,1,Yes,1,Right_Discount,3,Interested
7211,30,Male,Desktop,12.02,17,9,0,1,12.92,69.65,1,Yes,1,Right_Discount,0,Technical Error
7212,58,Male,Mobile,25.31,4,14,0,1,21.97,55.5,1,Yes,0,Others,1,Interested
7213,33,Male,Mobile,8.52,11,12,1,1,6.9,63.8,1,Yes,1,Right_Discount,1,Interested
7214,22,Male,Desktop,9.39,13,12,0,1,6.95,85.57,1,Yes,1,Right_Discount,1,Interested
7215,45,Female,Mobile,20.66,6,4,1,0,19.79,0.7,1,Yes,1,Right_Discount,8,Interested
7216,56,Male,Desktop,7.17,14,11,0,1,4.8,42.83,1,Yes,0,Others,6,Interested
7217,37,Female,Desktop,7.65,7,0,1,0,10.34,50.66,1,Yes,1,Right_Discount,8,Interested
7218,41,Female,Mobile,9.85,12,6,0,0,10.75,92.35,1,Yes,1,Right_Discount,9,Interested
7219,44,Female,Desktop,20.69,1,13,1,1,11.65,17.21,1,Yes,0,Others,9,Interested
7220,47,Female,Desktop,26.79,10,13,0,1,25.64,74.44,1,Yes,1,Right_Discount,1,Interested
7221,44,Female,Desktop,20.56,1,4,1,0,23.22,92.4,1,Yes,1,Right_Discount,4,Interested
0,43,Male,Mobile,25.01,16,8,1,0,34.05,76.4,1,Yes,1,Right_Discount,0,Technical Error
7223,24,Male,Mobile,16.76,7,13,0,1,8.77,1.03,1,Yes,1,Right_Discount,1,Interested
7224,59,Male,Mobile,3,6,5,0,0,2.87,65.94,1,Yes,0,Others,3,Interested
7225,55,Female,Mobile,3.91,18,10,0,0,4.71,20.95,1,Yes,0,Others,9,Interested
7226,22,Male,Mobile,17.08,4,0,1,0,11.89,60.51,0,No,0,Others,0,Not Interested
7227,40,Female,Desktop,10.51,16,8,1,1,7.58,57.12,1,Yes,1,Right_Discount,7,Interested
7228,45,Female,Desktop,7.4,1,4,0,0,7.32,95.7,1,Yes,1,Right_Discount,5,Interested
7229,51,Female,Mobile,14.52,2,14,0,1,20.1,19.03,1,Yes,1,Right_Discount,0,Technical Error
7230,32,Female,Mobile,20.33,16,14,0,0,18.26,5.05,1,Yes,1,Right_Discount,8,Interested
7231,49,Male,Tablet,12.16,9,8,1,0,11.97,61.13,1,Yes,0,Others,0,Technical Error
7232,43,Male,Mobile,24.27,15,0,0,1,27.56,34.39,1,Yes,0,Others,3,Interested
7233,48,Male,Desktop,22.42,16,13,1,1,18.18,75.02,1,Yes,1,Right_Discount,4,Interested
7234,36,Male,Tablet,22.31,9,1,1,1,30.5,99.32,1,Yes,0,Others,8,Interested
7235,26,Male,Desktop,29.57,7,0,1,1,43.23,40.14,1,Yes,0,Others,1,Interested
7236,46,Female,Tablet,9.56,10,11,1,0,11,15.18,1,Yes,0,Others,8,Interested
7237,56,Male,Desktop,0,7,4,1,0,22.43,55.41,1,Yes,0,Others,0,Technical Error
7238,21,Female,Mobile,25.81,13,13,1,0,30.29,34.62,1,Yes,0,Others,3,Interested
7239,20,Female,Mobile,17.81,2,5,1,0,12.36,79.47,1,Yes,1,Right_Discount,6,Interested
7240,0,Female,Mobile,23.9,12,4,1,0,29.45,53.43,1,Yes,1,Right_Discount,3,Interested
7241,28,Male,Mobile,13.02,13,0,1,0,11.03,90.82,1,Yes,0,Others,7,Interested
7242,50,Female,Desktop,18.12,3,3,0,0,27.06,83.82,1,Yes,0,Others,6,Interested
7243,55,Female,Mobile,2.61,11,5,0,1,3.27,91.41,1,Yes,0,Others,5,Interested
7244,28,Male,Desktop,29.59,8,3,1,0,32.07,29.91,1,Yes,0,Others,4,Interested
7245,44,Female,Mobile,24.2,11,3,0,1,34.18,90.28,1,Yes,1,Right_Discount,9,Interested
7246,50,Female,Mobile,26.2,18,4,0,0,38.52,86.64,1,Yes,0,Others,2,Interested
7247,38,Female,Tablet,21.13,7,7,0,0,27.85,62.7,1,Yes,0,Others,7,Interested
7248,56,Male,Mobile,6.4,12,0,1,0,0,91.04,1,Yes,0,Others,3,Interested
7249,48,Female,Desktop,1.9,6,6,1,0,1.07,5.42,1,Yes,1,Right_Discount,7,Interested
7250,0,Female,Unknown,26.08,10,7,0,1,31.45,78.56,1,Yes,0,Others,0,Technical Error
7251,19,Male,Mobile,12.49,15,5,1,0,10.44,14.55,1,Yes,0,Others,1,Interested
7252,44,Male,Mobile,8.65,15,5,1,0,12.37,34.09,1,Yes,0,Others,1,Interested
7253,53,Female,Mobile,17.29,19,14,0,0,19.22,72.96,1,Yes,0,Others,5,Interested
7254,28,Male,Desktop,13.21,6,14,1,0,11.5,20.97,1,Yes,0,Others,4,Interested
7255,35,Male,Desktop,19.9,19,13,0,0,16.7,23.12,1,Yes,0,Others,9,Interested
7256,18,Male,Mobile,15.03,15,1,0,0,15.85,21.2,1,Yes,1,Right_Discount,9,Interested
7257,52,Male,Desktop,21.22,18,12,0,1,21.04,45.62,1,Yes,1,Right_Discount,6,Interested
7258,52,Male,Mobile,25.75,2,12,0,1,22.94,8.1,1,Yes,0,Others,1,Interested
7259,48,Male,Desktop,6.67,7,9,1,1,4.73,88.65,1,Yes,1,Right_Discount,8,Interested
7260,45,Male,Desktop,10.55,5,4,1,1,13.68,72.97,1,Yes,0,Others,1,Interested
7261,0,Female,Desktop,13.67,3,0,1,1,12.76,51.35,1,Yes,1,Right_Discount,0,Technical Error
7262,18,Male,Desktop,28.9,6,8,1,1,17.31,8.42,1,Yes,0,Others,1,Interested
7263,42,Male,Mobile,11.59,6,6,1,1,6.78,12.43,1,Yes,0,Others,2,Interested
7264,55,Male,Tablet,12.05,1,1,1,0,8.89,9.85,1,Yes,1,Right_Discount,5,Interested
7265,37,Female,Mobile,19.95,19,5,1,1,20.99,1.47,1,Yes,1,Right_Discount,6,Interested
7266,20,Male,Desktop,13.16,12,9,1,1,8.53,66.71,1,Yes,0,Others,5,Interested
7267,19,Male,Mobile,28.59,5,8,1,1,20.44,51.01,1,Yes,0,Others,0,Technical Error
7268,35,Female,Unknown,26.94,7,11,1,1,26.99,38.21,1,Yes,0,Others,8,Interested
7269,27,Male,Desktop,15.89,8,4,0,0,11.41,34.75,1,Yes,1,Right_Discount,7,Interested
0,22,Female,Desktop,19.7,19,2,0,1,26.75,46.14,1,Yes,1,Right_Discount,1,Interested
7271,26,Female,Mobile,2.68,6,10,1,1,2.92,47.5,1,Yes,1,Right_Discount,0,Technical Error
7272,19,Male,Desktop,21.18,15,9,1,1,12.41,13.91,1,Yes,0,Others,6,Interested
7273,51,Female,Desktop,21.51,6,10,1,1,13.76,53.15,1,Yes,1,Right_Discount,2,Interested
7274,55,Male,Desktop,11.42,9,3,0,0,7.94,4.8,1,Yes,1,Right_Discount,2,Interested
7275,48,Male,Mobile,7.37,4,2,1,0,8.33,93.86,1,Yes,0,Others,9,Interested
7276,27,Female,Mobile,27.54,16,0,0,1,16.68,71.42,1,Yes,1,Right_Discount,8,Interested
7277,29,Female,Mobile,13.37,10,9,1,0,7.26,0.95,1,Yes,1,Right_Discount,1,Interested
7278,53,Unknown,Mobile,19.96,1,13,0,1,24.52,28.88,1,Yes,0,Others,4,Interested
7279,38,Male,Mobile,1.97,11,10,1,0,1.93,98.27,1,Yes,1,Right_Discount,3,Interested
7280,23,Female,Mobile,13.01,17,12,0,0,17.55,4.85,1,Yes,0,Others,0,Technical Error
7281,20,Male,Mobile,24.7,18,14,1,0,31.93,14.67,1,Yes,1,Right_Discount,5,Interested
7282,27,Male,Mobile,12.24,15,6,0,0,9.47,47.71,1,Yes,0,Others,5,Interested
7283,22,Male,Mobile,18.49,6,7,1,1,12.8,35.34,1,Yes,0,Others,0,Technical Error
7284,43,Female,Tablet,7.09,16,1,1,0,7.21,98.52,1,Yes,0,Others,6,Interested
7285,38,Male,Mobile,13.08,2,7,1,1,7.59,53.96,1,Yes,0,Others,5,Interested
7286,43,Male,Unknown,27.9,3,11,0,1,31.61,94.12,1,Yes,1,Right_Discount,3,Interested
7287,55,Male,Mobile,17.43,17,8,0,0,8.93,37.68,0,No,0,Others,6,Not Interested
7288,0,Female,Desktop,27.16,8,6,0,0,35.39,27.21,1,Yes,0,Others,2,Interested
7289,25,Female,Tablet,27.16,15,0,0,0,37.77,28.84,1,Yes,0,Others,9,Interested
7290,22,Female,Mobile,28.38,13,0,1,1,42.46,63.66,1,Yes,1,Right_Discount,0,Technical Error
7291,32,Male,Mobile,26.97,19,3,1,1,22.77,60.4,1,Yes,0,Others,5,Interested
7292,33,Female,Tablet,1.1,1,6,1,0,1.17,55.36,1,Yes,0,Others,9,Interested
7293,18,Male,Mobile,28.09,12,5,0,1,38.29,18.91,1,Yes,1,Right_Discount,5,Interested
7294,33,Female,Mobile,4.99,18,10,1,0,4.8,26.34,1,Yes,1,Right_Discount,2,Interested
7295,54,Male,Mobile,2.16,18,13,0,0,1.79,28.91,1,Yes,0,Others,9,Interested
7296,20,Female,Mobile,2.61,3,7,0,0,1.43,86.62,1,Yes,1,Right_Discount,4,Interested
7297,48,Male,Tablet,11.12,18,5,0,0,9.94,81.73,1,Yes,0,Others,0,Technical Error
7298,30,Male,Mobile,19,17,9,1,1,11,20.5,1,Yes,0,Others,5,Interested
7299,33,Female,Tablet,12.67,11,5,0,0,10.93,14.64,1,Yes,1,Right_Discount,6,Interested
7300,0,Male,Tablet,1.74,5,9,0,1,1.47,10.21,1,Yes,0,Others,4,Interested
7301,19,Female,Mobile,14.82,7,5,0,1,17,6.76,1,Yes,1,Right_Discount,4,Interested
7302,44,Female,Mobile,13.82,18,6,0,1,11.97,98.46,1,Yes,0,Others,5,Interested
7303,55,Male,Mobile,22.95,7,4,0,0,20.29,0,1,Yes,0,Others,6,Interested
7304,43,Male,Mobile,9.11,18,11,1,1,7.16,1.69,1,Yes,1,Right_Discount,3,Interested
7305,55,Female,Mobile,7.31,2,10,0,0,8.1,0.66,1,Yes,0,Others,6,Interested
7306,42,Unknown,Desktop,8.42,6,8,0,1,7.49,68.99,1,Yes,1,Right_Discount,4,Interested
7307,28,Female,Mobile,9.81,8,6,0,0,0,31.13,1,Yes,0,Others,6,Interested
7308,25,Male,Tablet,18.38,17,0,0,0,25.58,9.9,1,Yes,0,Others,0,Technical Error
7309,25,Unknown,Mobile,14.67,4,10,1,1,10.81,46.4,1,Yes,1,Right_Discount,9,Interested
7310,50,Male,Desktop,10.77,17,11,0,1,9.74,1.88,1,Yes,0,Others,1,Interested
7311,24,Male,Unknown,11.86,16,11,0,1,13.46,42.49,1,Yes,1,Right_Discount,1,Interested
7312,55,Female,Mobile,11.76,15,13,0,0,6.07,23.76,1,Yes,1,Right_Discount,6,Interested
7313,38,Female,Mobile,29.2,15,8,0,0,21.24,26.49,1,Yes,0,Others,8,Interested
0,25,Unknown,Mobile,7.76,8,10,0,0,6.09,28.62,1,Yes,1,Right_Discount,6,Interested
7315,38,Male,Mobile,24.72,0,5,1,1,22.31,30.77,1,Yes,1,Right_Discount,5,Interested
7316,37,Male,Mobile,21.54,19,10,1,0,29.93,2,1,Yes,1,Right_Discount,2,Interested
7317,25,Male,Mobile,1.16,1,7,0,0,0.69,57.02,1,Yes,1,Right_Discount,4,Interested
7318,48,Female,Mobile,29.8,13,8,1,0,16.86,54.79,1,Yes,1,Right_Discount,9,Interested
7319,46,Male,Tablet,22.94,6,10,1,0,26.71,65.08,1,Yes,1,Right_Discount,1,Interested
7320,26,Female,Mobile,20.79,10,10,1,1,17.97,15.99,1,Yes,1,Right_Discount,8,Interested
7321,32,Female,Mobile,12.75,1,13,0,0,8.64,99.48,1,Yes,0,Others,5,Interested
7322,47,Female,Mobile,17.1,12,1,1,1,0,13.58,1,Yes,1,Right_Discount,8,Interested
7323,43,Male,Mobile,8.34,19,1,1,0,6.2,81.16,1,Yes,1,Right_Discount,8,Interested
7324,27,Male,Mobile,2.03,15,4,1,0,2.16,22.04,1,Yes,0,Others,6,Interested
7325,46,Female,Tablet,25.24,5,13,1,0,22.94,43.9,1,Yes,1,Right_Discount,4,Interested
7326,33,Female,Mobile,27,2,4,1,1,23.25,32.42,1,Yes,1,Right_Discount,3,Interested
7327,53,Female,Mobile,5.71,19,11,1,0,6.97,30.77,1,Yes,1,Right_Discount,0,Technical Error
7328,37,Female,Mobile,23.82,14,9,0,1,26.52,48.65,1,Yes,1,Right_Discount,8,Interested
7329,54,Male,Mobile,22.49,9,9,0,0,22.8,23.96,1,Yes,0,Others,5,Interested
7330,39,Female,Mobile,6.17,1,1,1,1,3.88,54.69,1,Yes,0,Others,1,Interested
7331,24,Male,Desktop,13.23,13,9,1,0,14.36,25.07,1,Yes,1,Right_Discount,6,Interested
7332,40,Male,Mobile,13.26,17,3,0,1,15.82,97.29,1,Yes,1,Right_Discount,5,Interested
7333,58,Male,Unknown,23.04,2,8,1,1,30.29,23.94,1,Yes,1,Right_Discount,3,Interested
7334,57,Unknown,Desktop,25.29,14,3,0,0,20.22,76.46,1,Yes,1,Right_Discount,5,Interested
7335,46,Female,Mobile,3.75,6,0,1,0,2.87,46.97,1,Yes,0,Others,5,Interested
7336,33,Male,Mobile,17.33,6,4,0,1,21.64,3.79,1,Yes,1,Right_Discount,4,Interested
7337,55,Female,Tablet,23.09,18,1,0,0,0,15.27,1,Yes,1,Right_Discount,0,Technical Error
7338,45,Male,Unknown,23.8,19,13,1,0,21.56,92.86,1,Yes,0,Others,0,Technical Error
7339,55,Female,Desktop,5.29,9,5,1,0,3.49,82.03,1,Yes,0,Others,6,Interested
7340,48,Female,Mobile,16.24,15,0,1,0,15.17,14.41,1,Yes,0,Others,1,Interested
7341,31,Female,Mobile,25.87,7,6,0,1,31.72,5.11,1,Yes,1,Right_Discount,9,Interested
7342,50,Female,Mobile,10.24,6,6,0,0,9.73,15.27,1,Yes,1,Right_Discount,9,Interested
7343,26,Female,Mobile,13.33,5,14,0,0,18.3,58.39,1,Yes,0,Others,0,Technical Error
7344,44,Male,Mobile,24.33,19,3,0,1,12.27,63.36,1,Yes,1,Right_Discount,7,Interested
7345,41,Female,Mobile,3.59,1,8,0,0,2.44,37.89,1,Yes,1,Right_Discount,6,Interested
7346,30,Male,Desktop,25.93,7,2,1,0,28.9,28.09,1,Yes,0,Others,5,Interested
7347,43,Female,Desktop,10.02,18,4,0,1,11.74,20.69,1,Yes,0,Others,9,Interested
7348,46,Male,Mobile,1.04,8,4,0,0,0.81,43.89,1,Yes,1,Right_Discount,4,Interested
7349,45,Male,Mobile,7.79,12,7,1,1,11.23,2.26,1,Yes,1,Right_Discount,5,Interested
7350,45,Male,Unknown,3.6,10,9,1,0,2.99,0.87,1,Yes,0,Others,0,Technical Error
7351,25,Female,Desktop,3.68,6,9,0,1,3.35,79.78,1,Yes,1,Right_Discount,8,Interested
7352,40,Male,Mobile,21.09,16,3,0,1,31.14,53.04,1,Yes,1,Right_Discount,0,Technical Error
7353,46,Female,Desktop,7.21,19,0,1,0,7.06,78.12,1,Yes,1,Right_Discount,3,Interested
7354,22,Female,Mobile,28.11,18,10,1,1,31.28,11.39,1,Yes,1,Right_Discount,2,Interested
7355,59,Male,Mobile,15.98,13,4,0,0,16.62,81.53,1,Yes,1,Right_Discount,3,Interested
7356,24,Male,Mobile,14.34,7,0,0,1,0,92.27,1,Yes,0,Others,0,Technical Error
7357,59,Female,Desktop,13.59,0,2,1,1,20.27,53.34,1,Yes,1,Right_Discount,9,Interested
7358,53,Female,Tablet,21.09,16,5,1,0,11.79,10.54,1,Yes,1,Right_Discount,3,Interested
7359,58,Female,Tablet,14.12,10,0,1,0,20.95,12.32,1,Yes,1,Right_Discount,3,Interested
7360,44,Female,Mobile,4.73,15,9,0,1,4.58,19.42,1,Yes,0,Others,2,Interested
7361,19,Female,Tablet,26.52,14,13,0,0,18.29,18.53,1,Yes,1,Right_Discount,7,Interested
7362,42,Female,Mobile,13.42,12,13,0,1,8.95,94.49,1,Yes,1,Right_Discount,6,Interested
7363,26,Male,Mobile,3.15,15,12,1,1,3.64,80.03,1,Yes,0,Others,8,Interested
7364,44,Female,Mobile,16.35,8,2,0,1,19.8,31.81,1,Yes,1,Right_Discount,1,Interested
7365,18,Female,Mobile,19.77,7,6,0,0,27.65,81.66,1,Yes,0,Others,9,Interested
7366,40,Male,Desktop,8.99,9,1,1,1,6.62,77.21,1,Yes,1,Right_Discount,2,Interested
7367,27,Male,Mobile,24.21,14,5,0,0,22.59,35.53,1,Yes,0,Others,5,Interested
7368,59,Unknown,Tablet,20.42,7,6,0,1,30.04,3,1,Yes,0,Others,1,Interested
7369,42,Female,Mobile,19.86,12,11,1,1,18.43,0.87,1,Yes,0,Others,1,Interested
7370,20,Male,Mobile,13.2,14,11,1,0,12.67,32.56,1,Yes,1,Right_Discount,9,Interested
7371,23,Male,Tablet,28.9,11,1,1,0,22.79,4.54,1,Yes,1,Right_Discount,1,Interested
7372,23,Female,Mobile,8.95,19,10,0,0,12.27,12.11,1,Yes,0,Others,1,Interested
7373,19,Female,Desktop,17.75,6,10,0,1,15.36,25.44,1,Yes,0,Others,4,Interested
7374,35,Female,Desktop,9.96,3,4,0,1,11.31,17.9,1,Yes,1,Right_Discount,0,Technical Error
7375,40,Female,Mobile,22.6,6,9,0,0,15.43,14.48,1,Yes,0,Others,6,Interested
7376,19,Male,Desktop,2.39,9,11,1,0,2.67,26.21,1,Yes,0,Others,0,Technical Error
7377,29,Female,Mobile,2.33,2,9,0,0,3.34,73.69,1,Yes,1,Right_Discount,0,Technical Error
7378,39,Male,Desktop,24.51,6,0,1,1,31.3,44.44,1,Yes,0,Others,4,Interested
7379,54,Female,Mobile,13.59,14,2,0,1,7.71,66.32,1,Yes,1,Right_Discount,6,Interested
7380,37,Male,Mobile,10.89,19,13,1,1,12.35,92.88,1,Yes,1,Right_Discount,2,Interested
7381,56,Female,Mobile,18.62,4,0,1,0,19.71,0.14,1,Yes,0,Others,6,Interested
7382,41,Female,Mobile,21.36,14,11,0,1,17.91,95.12,1,Yes,0,Others,8,Interested
7383,37,Unknown,Desktop,6.83,10,2,0,0,9.17,27.91,1,Yes,1,Right_Discount,3,Interested
7384,18,Male,Tablet,6.38,6,3,1,0,8.24,28.75,1,Yes,0,Others,4,Interested
7385,18,Male,Desktop,28.79,11,11,1,0,33.07,62.94,1,Yes,0,Others,7,Interested
7386,34,Male,Mobile,18.1,13,11,0,1,22.52,36.09,1,Yes,0,Others,8,Interested
7387,18,Female,Tablet,12.31,18,4,1,1,8.53,8.05,1,Yes,0,Others,4,Interested
7388,47,Male,Mobile,24.24,14,3,0,1,34.43,71.14,1,Yes,0,Others,4,Interested
7389,58,Female,Mobile,16.23,11,3,0,0,18.96,18.32,1,Yes,0,Others,1,Interested
7390,20,Female,Mobile,8.01,5,8,0,1,7.75,92.94,0,No,1,Low_Discount,8,Not Interested
7391,28,Female,Mobile,7,8,8,0,1,4.85,98.79,1,Yes,1,Right_Discount,5,Interested
7392,41,Male,Desktop,12.51,4,8,1,0,14.8,18.12,1,Yes,1,Right_Discount,4,Interested
7393,39,Female,Mobile,25.94,12,10,1,0,15.48,75.37,1,Yes,0,Others,4,Interested
7394,43,Male,Mobile,2.78,6,4,1,0,2.28,99.18,1,Yes,0,Others,3,Interested
0,30,Female,Desktop,7.34,8,10,1,1,7.88,95.53,1,Yes,1,Right_Discount,0,Technical Error
7396,18,Female,Tablet,0,4,12,1,0,30.83,56.49,1,Yes,0,Others,5,Interested
7397,41,Female,Desktop,4.53,10,4,1,0,2.34,31.2,1,Yes,1,Right_Discount,0,Technical Error
7398,27,Male,Mobile,19.26,11,1,0,1,9.8,1.17,1,Yes,1,Right_Discount,9,Interested
7399,52,Male,Desktop,7.19,15,5,0,0,4.4,89.82,1,Yes,0,Others,1,Interested
7400,41,Female,Mobile,18.57,5,1,1,0,23.55,3.56,1,Yes,0,Others,6,Interested
7401,45,Male,Mobile,12.11,3,9,0,1,12.92,57.64,1,Yes,0,Others,0,Technical Error
7402,53,Male,Tablet,3.95,15,12,0,0,4.38,18.61,1,Yes,0,Others,7,Interested
7403,33,Female,Tablet,17.89,2,4,1,1,19.74,24.2,1,Yes,0,Others,7,Interested
7404,57,Female,Desktop,20.81,2,0,0,0,11.17,2.34,1,Yes,0,Others,6,Interested
7405,33,Male,Mobile,20.73,0,12,0,1,13.94,3.69,1,Yes,0,Others,6,Interested
7406,34,Female,Desktop,19.47,14,14,0,0,23.91,35.02,1,Yes,0,Others,0,Technical Error
7407,32,Female,Tablet,15.51,9,11,0,0,17.77,0,1,Yes,0,Others,0,Technical Error
7408,33,Male,Mobile,16.06,5,11,0,1,15.18,56.58,1,Yes,0,Others,8,Interested
7409,32,Male,Unknown,19.43,12,4,0,1,10.11,53.83,0,No,1,Low_Discount,4,Not Interested
7410,51,Female,Desktop,21.02,10,3,1,1,19.27,62.03,1,Yes,0,Others,4,Interested
7411,28,Male,Mobile,19.99,1,4,0,0,14.95,53.53,1,Yes,1,Right_Discount,6,Interested
7412,18,Male,Tablet,18.02,19,6,1,0,21.57,30.42,1,Yes,1,Right_Discount,9,Interested
0,32,Female,Mobile,5.52,11,9,0,0,7.31,88,1,Yes,1,Right_Discount,7,Interested
7414,43,Female,Desktop,7.11,17,12,0,1,7.14,47.56,1,Yes,0,Others,5,Interested
7415,21,Female,Desktop,8.55,3,0,1,0,7.73,75.27,1,Yes,1,Right_Discount,4,Interested
7416,22,Female,Mobile,27.67,1,14,0,1,21.39,91.2,1,Yes,1,Right_Discount,0,Technical Error
7417,52,Male,Desktop,23.02,17,0,1,0,13.64,0.37,1,Yes,0,Others,9,Interested
7418,30,Male,Mobile,0,6,3,0,1,14.85,47.81,1,Yes,0,Others,9,Interested
7419,0,Female,Mobile,8.31,13,6,1,1,9.79,60.46,1,Yes,0,Others,0,Technical Error
7420,28,Female,Mobile,4.22,4,0,1,1,4.92,50.24,1,Yes,0,Others,8,Interested
7421,35,Female,Mobile,27.06,5,3,0,1,24.7,90.24,1,Yes,0,Others,5,Interested
7422,51,Female,Desktop,26.89,15,14,0,0,39.42,94,1,Yes,0,Others,2,Interested
7423,0,Male,Tablet,4.21,14,14,1,1,6.06,13.43,1,Yes,0,Others,9,Interested
7424,58,Male,Mobile,24.12,19,13,1,0,33.18,30.25,1,Yes,1,Right_Discount,6,Interested
7425,59,Female,Mobile,13.95,15,5,0,0,13.05,26.39,1,Yes,1,Right_Discount,3,Interested
7426,40,Female,Mobile,10.4,12,5,0,1,12.96,49.68,1,Yes,0,Others,2,Interested
7427,24,Male,Desktop,22.43,18,0,0,1,32.05,38.21,1,Yes,1,Right_Discount,6,Interested
7428,56,Male,Tablet,18.82,14,6,1,0,23.29,35.92,1,Yes,0,Others,5,Interested
7429,0,Male,Desktop,23.62,10,13,0,0,19.27,53.39,1,Yes,0,Others,3,Interested
7430,29,Male,Desktop,3.16,8,4,1,0,1.79,49.01,1,Yes,0,Others,9,Interested
7431,24,Female,Mobile,10.24,4,5,1,1,14.93,46.54,1,Yes,1,Right_Discount,7,Interested
7432,43,Male,Mobile,10.26,18,0,0,0,15.31,11.32,1,Yes,1,Right_Discount,1,Interested
7433,50,Male,Desktop,10.56,0,6,1,0,12.6,53.93,1,Yes,0,Others,5,Interested
7434,54,Male,Desktop,15.57,4,3,1,0,12.7,5.9,1,Yes,1,Right_Discount,2,Interested
7435,32,Female,Desktop,9.21,11,2,1,0,12.57,61.63,1,Yes,1,Right_Discount,7,Interested
7436,19,Female,Desktop,13.89,5,11,0,0,20.19,62.34,1,Yes,1,Right_Discount,7,Interested
7437,58,Male,Desktop,11.67,10,10,1,0,11.75,26.06,1,Yes,1,Right_Discount,0,Technical Error
7438,24,Male,Desktop,22.32,6,12,0,1,18.12,13.53,1,Yes,0,Others,1,Interested
7439,49,Female,Tablet,18.5,4,14,0,1,0,79.83,1,Yes,0,Others,3,Interested
7440,21,Female,Tablet,19.96,18,3,1,1,11.45,77.04,1,Yes,1,Right_Discount,0,Technical Error
7441,37,Male,Mobile,7.11,17,8,0,1,7.58,94.6,1,Yes,0,Others,2,Interested
7442,53,Female,Mobile,10.44,0,4,0,1,9.18,44.63,1,Yes,0,Others,3,Interested
7443,49,Male,Mobile,1.61,9,11,0,0,2.23,31.56,1,Yes,0,Others,9,Interested
7444,45,Female,Desktop,4.14,3,4,0,1,3.21,30.26,1,Yes,1,Right_Discount,0,Technical Error
7445,30,Male,Mobile,8.69,9,7,0,0,4.42,18.02,1,Yes,0,Others,4,Interested
7446,18,Male,Mobile,2.9,4,14,1,1,3.59,34.97,1,Yes,1,Right_Discount,9,Interested
7447,0,Female,Mobile,18.48,19,6,0,1,9.38,12.78,1,Yes,1,Right_Discount,0,Technical Error
7448,47,Male,Desktop,29.95,9,2,0,1,31.33,87.2,1,Yes,0,Others,7,Interested
7449,53,Female,Mobile,3.92,6,12,0,1,2.67,34.69,1,Yes,0,Others,7,Interested
7450,42,Unknown,Mobile,24.82,11,14,1,0,27.56,54.73,1,Yes,1,Right_Discount,1,Interested
7451,33,Female,Mobile,4.45,15,0,0,0,3.11,6.66,1,Yes,1,Right_Discount,0,Technical Error
7452,36,Male,Desktop,20.43,6,11,0,1,20.47,28.07,1,Yes,0,Others,5,Interested
7453,18,Male,Mobile,19.65,10,10,1,0,16.41,22.35,1,Yes,1,Right_Discount,0,Technical Error
7454,22,Male,Mobile,27.18,18,12,0,1,18.55,88.7,1,Yes,1,Right_Discount,5,Interested
7455,39,Female,Desktop,4.3,16,1,1,0,4.76,18,1,Yes,1,Right_Discount,6,Interested
7456,41,Male,Mobile,10.15,4,2,0,1,5.91,79.55,1,Yes,1,Right_Discount,8,Interested
7457,54,Male,Mobile,3.63,13,10,0,0,5.23,28.27,1,Yes,1,Right_Discount,9,Interested
7458,53,Male,Desktop,0,5,0,0,0,16.37,21.12,1,Yes,0,Others,9,Interested
7459,53,Male,Mobile,27.44,19,0,1,1,38.85,0.97,1,Yes,1,Right_Discount,0,Technical Error
7460,21,Female,Unknown,23.66,18,7,1,1,12.83,29.16,1,Yes,1,Right_Discount,6,Interested
7461,0,Male,Mobile,21.96,17,12,1,0,11.03,7.03,1,Yes,1,Right_Discount,3,Interested
7462,35,Female,Mobile,16.46,16,7,0,0,14.12,36.21,1,Yes,0,Others,8,Interested
7463,33,Female,Desktop,26.62,1,1,1,1,29.73,5.29,1,Yes,0,Others,3,Interested
7464,58,Female,Desktop,14.03,1,7,1,1,10.44,6.42,1,Yes,0,Others,1,Interested
7465,35,Female,Mobile,5.34,14,10,1,1,5.6,35.45,1,Yes,0,Others,0,Technical Error
7466,39,Male,Mobile,25.29,2,12,0,1,27.97,44.8,1,Yes,0,Others,6,Interested
7467,19,Male,Desktop,9.11,15,13,1,0,5.94,33.24,0,No,0,Others,6,Not Interested
7468,38,Male,Desktop,2.56,3,1,1,0,3.25,2.37,1,Yes,1,Right_Discount,2,Interested
7469,53,Female,Mobile,4.66,13,12,1,1,6.69,17.81,1,Yes,1,Right_Discount,4,Interested
7470,56,Male,Unknown,18.66,19,10,1,0,21.27,93.9,1,Yes,1,Right_Discount,9,Interested
7471,56,Female,Mobile,18.61,1,4,0,1,26.94,57.17,1,Yes,0,Others,6,Interested
7472,46,Male,Mobile,8.55,13,0,1,0,6.38,85.4,1,Yes,0,Others,7,Interested
7473,43,Male,Unknown,22.09,15,8,1,0,11.85,5.13,1,Yes,0,Others,8,Interested
7474,38,Male,Mobile,23.44,16,3,0,0,17.52,0,1,Yes,0,Others,9,Interested
7475,34,Female,Mobile,27.69,11,9,1,0,31.79,78.18,1,Yes,0,Others,9,Interested
7476,33,Male,Mobile,17.96,3,13,1,1,19.71,38.45,1,Yes,0,Others,0,Technical Error
7477,48,Female,Mobile,23.6,8,10,0,1,18.11,36.91,1,Yes,1,Right_Discount,8,Interested
7478,26,Female,Mobile,22.84,6,1,0,0,20.74,23.82,1,Yes,0,Others,5,Interested
7479,48,Female,Mobile,8.48,5,0,1,0,7.36,16.05,1,Yes,0,Others,5,Interested
7480,31,Male,Mobile,10,0,5,0,1,14.5,82.85,1,Yes,0,Others,6,Interested
7481,54,Male,Desktop,14.88,9,10,1,1,12.12,6.14,1,Yes,0,Others,8,Interested
7482,19,Female,Mobile,1.55,5,7,0,1,1.07,49.84,1,Yes,0,Others,6,Interested
7483,31,Unknown,Desktop,9.62,10,3,1,0,10.25,0,1,Yes,1,Right_Discount,6,Interested
7484,50,Female,Mobile,14.74,6,0,0,1,9.21,27.54,1,Yes,1,Right_Discount,2,Interested
7485,52,Female,Mobile,4.13,0,0,0,1,4.16,76.07,1,Yes,1,Right_Discount,9,Interested
7486,56,Female,Mobile,4.66,4,5,0,1,5.53,87.9,1,Yes,1,Right_Discount,8,Interested
7487,37,Male,Tablet,14.43,12,1,1,0,20.83,19.5,1,Yes,0,Others,3,Interested
7488,19,Male,Mobile,22.2,6,14,0,0,30.91,7.7,1,Yes,1,Right_Discount,5,Interested
7489,58,Male,Mobile,25.18,1,4,1,1,33.77,37.51,1,Yes,1,Right_Discount,6,Interested
7490,36,Female,Desktop,0,18,14,1,1,15.05,44.01,1,Yes,0,Others,8,Interested
7491,54,Female,Tablet,14.77,2,1,0,0,20.59,5.31,1,Yes,0,Others,9,Interested
7492,35,Male,Tablet,12.14,5,8,1,0,14.77,47,1,Yes,0,Others,2,Interested
7493,33,Male,Mobile,6.6,16,1,1,0,6.21,95.11,1,Yes,1,Right_Discount,1,Interested
7494,21,Female,Mobile,5.25,12,4,1,1,5.59,38.56,1,Yes,1,Right_Discount,1,Interested
7495,29,Female,Desktop,23.96,12,3,1,1,22.43,90,1,Yes,1,Right_Discount,1,Interested
7496,46,Female,Mobile,14.49,11,10,1,0,10.1,84.86,1,Yes,0,Others,8,Interested
7497,24,Male,Desktop,23.92,19,0,1,0,22.76,43.66,1,Yes,0,Others,7,Interested
7498,31,Female,Desktop,21.42,7,9,0,0,28,70.65,1,Yes,0,Others,8,Interested
7499,29,Female,Desktop,6.62,2,8,1,0,5.07,20.91,1,Yes,0,Others,8,Interested
7500,52,Female,Mobile,15.8,6,2,1,0,18.02,13.51,1,Yes,1,Right_Discount,0,Technical Error
7501,22,Male,Mobile,13.88,4,9,0,1,14.62,0.21,1,Yes,0,Others,9,Interested
7502,34,Female,Desktop,13.29,2,7,0,1,18.87,7.33,1,Yes,0,Others,9,Interested
7503,59,Male,Mobile,16.73,17,3,0,1,20.85,62.83,1,Yes,0,Others,8,Interested
7504,49,Female,Mobile,29.48,8,10,1,0,0,88.54,1,Yes,0,Others,0,Technical Error
7505,27,Female,Mobile,24.57,5,12,0,0,26.09,97.78,1,Yes,1,Right_Discount,4,Interested
7506,34,Male,Mobile,27.21,10,12,0,1,38.4,48.25,1,Yes,0,Others,3,Interested
7507,22,Female,Mobile,1.86,16,8,0,0,1.35,14.05,1,Yes,0,Others,7,Interested
7508,59,Male,Desktop,5.07,2,4,1,0,4.94,0.01,1,Yes,1,Right_Discount,4,Interested
7509,26,Female,Mobile,3.46,19,1,1,0,0,98.49,1,Yes,0,Others,8,Interested
7510,50,Male,Mobile,8.63,7,7,0,0,7.93,81.78,1,Yes,1,Right_Discount,0,Technical Error
7511,53,Female,Unknown,13.81,2,12,1,1,7.71,52.37,1,Yes,0,Others,7,Interested
7512,53,Male,Mobile,19.62,13,0,0,1,27,24.56,1,Yes,0,Others,5,Interested
7513,35,Male,Tablet,15.52,4,13,1,1,22.94,51.77,1,Yes,1,Right_Discount,0,Technical Error
7514,26,Female,Desktop,27.19,16,1,0,0,29.03,83.85,1,Yes,0,Others,1,Interested
7515,46,Male,Mobile,28.26,10,5,1,1,29.79,55.6,1,Yes,1,Right_Discount,3,Interested
7516,31,Female,Desktop,5.74,17,0,0,1,8.36,99.55,1,Yes,0,Others,4,Interested
7517,42,Male,Mobile,25.73,14,7,0,0,22.98,10.67,1,Yes,1,Right_Discount,0,Technical Error
7518,32,Female,Tablet,14.97,12,8,0,1,16.78,98.25,1,Yes,1,Right_Discount,9,Interested
7519,23,Female,Mobile,14.15,13,6,1,1,18.92,58.46,1,Yes,1,Right_Discount,6,Interested
7520,59,Female,Mobile,23.76,8,12,1,0,23.9,56.79,1,Yes,1,Right_Discount,3,Interested
7521,46,Female,Mobile,3.7,17,12,0,0,2.67,35.91,1,Yes,0,Others,0,Technical Error
7522,32,Male,Desktop,26.59,18,8,1,1,34.9,4.09,1,Yes,1,Right_Discount,5,Interested
7523,46,Female,Mobile,20.46,10,1,1,1,15.78,76.04,1,Yes,0,Others,8,Interested
7524,21,Female,Desktop,26.38,13,10,0,0,35.45,27.59,1,Yes,0,Others,8,Interested
7525,35,Female,Mobile,29.84,0,0,0,1,43.11,35,1,Yes,0,Others,3,Interested
0,56,Female,Tablet,0,17,6,0,0,16.76,53.37,1,Yes,0,Others,6,Interested
7527,0,Female,Mobile,3.7,6,3,1,0,2.03,5.7,1,Yes,1,Right_Discount,9,Interested
7528,0,Male,Tablet,5.83,12,9,1,1,8.49,1.08,1,Yes,1,Right_Discount,0,Technical Error
7529,31,Female,Mobile,10.38,13,7,0,1,13.82,10.49,1,Yes,0,Others,0,Technical Error
7530,20,Male,Mobile,4,4,2,0,1,2.47,73.53,1,Yes,1,Right_Discount,8,Interested
7531,59,Male,Tablet,24.64,15,6,1,0,27.83,19.05,1,Yes,1,Right_Discount,0,Technical Error
0,55,Female,Tablet,9.61,16,6,0,1,7.84,51.43,1,Yes,0,Others,8,Interested
7533,59,Female,Desktop,29.3,19,10,1,0,24.33,18.59,1,Yes,0,Others,5,Interested
7534,35,Male,Mobile,21.38,15,14,0,1,23.1,28.47,1,Yes,0,Others,9,Interested
7535,37,Male,Mobile,6.03,6,9,0,0,7.31,3.79,1,Yes,1,Right_Discount,6,Interested
7536,42,Male,Mobile,14.81,6,8,0,0,7.57,36.65,1,Yes,0,Others,3,Interested
7537,55,Female,Mobile,14.54,5,10,0,0,9.49,13.64,1,Yes,1,Right_Discount,8,Interested
7538,30,Male,Mobile,15.28,2,3,0,0,21.43,55.81,1,Yes,0,Others,5,Interested
7539,21,Male,Mobile,16.54,2,13,1,0,16.46,0,1,Yes,1,Right_Discount,5,Interested
7540,31,Female,Desktop,1.9,5,9,0,0,1.88,87.84,1,Yes,1,Right_Discount,9,Interested
7541,50,Male,Desktop,20.9,3,12,0,1,28.01,93.34,1,Yes,1,Right_Discount,5,Interested
7542,45,Female,Mobile,15.13,6,13,1,0,9.52,12.39,1,Yes,0,Others,3,Interested
7543,54,Male,Mobile,23.94,11,0,0,0,29.06,51.65,1,Yes,0,Others,6,Interested
7544,25,Female,Mobile,24.65,5,6,0,1,24.8,11.48,1,Yes,1,Right_Discount,1,Interested
7545,51,Male,Desktop,7.69,18,9,0,1,9.55,30.65,1,Yes,0,Others,1,Interested
7546,22,Female,Mobile,2.4,14,11,0,0,2.83,23.13,1,Yes,1,Right_Discount,5,Interested
7547,22,Female,Desktop,21.39,10,13,0,0,24.95,1.25,1,Yes,1,Right_Discount,8,Interested
7548,48,Male,Unknown,29.36,3,5,1,0,39.81,93.18,1,Yes,1,Right_Discount,2,Interested
0,26,Female,Mobile,13.95,16,10,1,1,14.66,78.17,1,Yes,1,Right_Discount,6,Interested
7550,59,Male,Desktop,8.53,16,0,0,0,7.74,51.9,1,Yes,1,Right_Discount,8,Interested
7551,49,Female,Desktop,5.54,11,8,1,0,3.87,34.49,1,Yes,1,Right_Discount,8,Interested
7552,50,Female,Mobile,9.34,4,9,0,0,7.88,41.16,1,Yes,1,Right_Discount,2,Interested
7553,20,Female,Mobile,10.51,11,7,1,0,14.4,20.52,1,Yes,1,Right_Discount,0,Technical Error
7554,47,Female,Tablet,13.29,8,9,0,1,11.13,0,1,Yes,0,Others,1,Interested
7555,29,Female,Mobile,20.01,16,3,0,1,29.72,28.55,1,Yes,0,Others,7,Interested
7556,46,Female,Desktop,8.92,8,14,0,0,9.88,7.47,1,Yes,0,Others,6,Interested
7557,20,Female,Desktop,2.48,9,14,1,1,3.26,56.45,1,Yes,1,Right_Discount,0,Technical Error
7558,43,Male,Desktop,11.83,14,4,1,0,11.75,74.88,1,Yes,0,Others,2,Interested
7559,47,Male,Mobile,25.81,8,7,1,0,29.8,97.14,1,Yes,1,Right_Discount,7,Interested
7560,26,Female,Mobile,15.45,16,1,1,1,23.01,62.15,1,Yes,1,Right_Discount,0,Technical Error
7561,43,Female,Tablet,28.98,2,5,1,0,28.99,18.44,1,Yes,0,Others,4,Interested
7562,19,Female,Unknown,15.61,19,9,1,1,11.92,39.11,1,Yes,1,Right_Discount,2,Interested
7563,20,Male,Mobile,9,19,1,0,1,10.35,31.67,1,Yes,0,Others,6,Interested
7564,21,Female,Desktop,0,19,14,0,0,9.38,1.95,1,Yes,0,Others,4,Interested
7565,42,Male,Mobile,21.14,18,11,1,1,10.93,0,1,Yes,0,Others,0,Technical Error
7566,30,Female,Desktop,16.56,13,10,0,1,24.72,79.96,1,Yes,1,Right_Discount,4,Interested
7567,56,Female,Desktop,18.52,17,7,0,1,19.35,40.53,1,Yes,0,Others,2,Interested
7568,52,Female,Desktop,22.9,1,4,0,1,29.76,85.18,1,Yes,1,Right_Discount,1,Interested
7569,40,Female,Desktop,22.05,5,11,1,0,13.63,74.29,1,Yes,1,Right_Discount,2,Interested
7570,26,Female,Mobile,2.26,13,9,1,0,1.79,71.94,1,Yes,1,Right_Discount,9,Interested
7571,19,Male,Mobile,24.27,6,2,1,1,35.85,38.1,1,Yes,0,Others,3,Interested
7572,58,Female,Unknown,0,10,1,0,1,12.96,5.34,1,Yes,1,Right_Discount,0,Technical Error
7573,48,Male,Mobile,0,9,3,1,1,11.27,88.24,1,Yes,1,Right_Discount,3,Interested
7574,19,Male,Tablet,16.59,6,7,0,1,12.95,63.83,1,Yes,0,Others,8,Interested
7575,49,Female,Desktop,18.76,1,0,0,1,18.17,9.05,0,No,0,Others,0,Not Interested
7576,35,Female,Mobile,5.34,18,9,0,1,3.52,8.16,1,Yes,1,Right_Discount,6,Interested
7577,30,Female,Desktop,13.11,7,14,0,1,13.23,61.43,1,Yes,0,Others,7,Interested
7578,22,Male,Mobile,10.73,10,2,0,0,8.57,42.22,1,Yes,1,Right_Discount,8,Interested
7579,59,Male,Mobile,11.16,12,12,0,0,14.68,19.07,1,Yes,0,Others,6,Interested
7580,27,Male,Desktop,3.65,15,0,1,0,3.25,23.94,1,Yes,0,Others,8,Interested
7581,42,Female,Desktop,5.64,17,1,0,0,7.29,38.57,1,Yes,0,Others,9,Interested
7582,51,Male,Mobile,5.69,3,9,0,0,6.5,75.02,1,Yes,0,Others,2,Interested
7583,54,Male,Mobile,11.82,15,10,0,1,16.73,19.7,1,Yes,1,Right_Discount,0,Technical Error
7584,47,Male,Mobile,0,1,14,0,1,35.31,70.23,1,Yes,0,Others,1,Interested
7585,24,Female,Mobile,6.97,11,6,1,1,9.77,17.9,1,Yes,0,Others,9,Interested
7586,23,Male,Mobile,13.07,6,0,0,0,13.41,76.37,1,Yes,1,Right_Discount,0,Technical Error
7587,20,Male,Mobile,10.04,16,8,1,0,14.19,90.03,1,Yes,1,Right_Discount,1,Interested
7588,30,Female,Desktop,23.83,12,7,0,1,15.6,44.28,1,Yes,0,Others,8,Interested
7589,20,Female,Tablet,2.45,15,0,1,1,1.43,64.13,1,Yes,0,Others,4,Interested
7590,43,Female,Mobile,6.7,18,9,1,0,6.87,26.64,1,Yes,1,Right_Discount,3,Interested
7591,41,Male,Mobile,7.11,10,0,1,0,9.43,92.76,0,No,0,Others,1,Not Interested
7592,23,Male,Desktop,29.8,12,1,0,1,21.22,42.59,1,Yes,0,Others,2,Interested
7593,59,Male,Desktop,17.55,19,1,1,1,25.77,49.67,1,Yes,1,Right_Discount,8,Interested
7594,29,Female,Tablet,5.03,5,5,0,1,3.45,26.15,1,Yes,0,Others,2,Interested
7595,53,Male,Unknown,8.89,18,0,1,0,0,19.4,1,Yes,1,Right_Discount,7,Interested
7596,19,Female,Mobile,5.87,19,3,1,1,8.31,22.74,1,Yes,1,Right_Discount,0,Technical Error
7597,28,Female,Mobile,4.61,12,6,0,1,6.76,47.58,1,Yes,0,Others,4,Interested
7598,56,Male,Desktop,24.12,1,12,1,0,28.01,13.76,1,Yes,1,Right_Discount,1,Interested
7599,51,Male,Mobile,15.38,2,12,0,0,16.52,38.79,1,Yes,0,Others,3,Interested
7600,43,Male,Mobile,19.31,3,11,0,1,11.41,38.2,1,Yes,0,Others,1,Interested
7601,35,Female,Mobile,10.61,12,0,0,0,5.52,43.32,1,Yes,0,Others,2,Interested
0,38,Female,Mobile,17.06,14,9,1,1,25.35,42.2,1,Yes,0,Others,4,Interested
7603,53,Male,Desktop,8.47,7,2,1,0,6.56,27.44,1,Yes,0,Others,1,Interested
7604,57,Female,Mobile,9.93,4,3,1,1,5.68,36.68,1,Yes,1,Right_Discount,8,Interested
7605,39,Male,Desktop,19.91,12,4,1,1,20.68,90.24,1,Yes,1,Right_Discount,7,Interested
7606,47,Male,Mobile,5.36,8,4,1,0,4.36,3.75,1,Yes,1,Right_Discount,4,Interested
7607,47,Male,Mobile,18.9,1,1,0,1,16.21,0,1,Yes,0,Others,0,Technical Error
7608,25,Female,Mobile,25.71,5,12,1,1,21.95,92.88,1,Yes,1,Right_Discount,4,Interested
7609,51,Female,Mobile,4.49,1,4,0,0,3.36,27.1,1,Yes,0,Others,3,Interested
7610,26,Male,Unknown,27.03,15,9,1,0,39.67,30.42,1,Yes,0,Others,8,Interested
7611,37,Male,Desktop,3.3,13,0,1,0,2.53,34.41,1,Yes,1,Right_Discount,1,Interested
7612,57,Female,Desktop,11.12,13,6,0,0,11.75,10.34,1,Yes,1,Right_Discount,6,Interested
7613,42,Male,Mobile,18.7,4,13,0,0,13.81,76.9,1,Yes,1,Right_Discount,1,Interested
7614,36,Female,Mobile,17.22,15,14,0,0,21.73,16.32,1,Yes,0,Others,2,Interested
7615,22,Male,Tablet,3.8,0,4,1,0,2.77,70.18,1,Yes,0,Others,2,Interested
7616,28,Female,Mobile,24.17,8,5,1,0,26.94,23.25,1,Yes,1,Right_Discount,9,Interested
7617,32,Male,Mobile,29.22,16,13,0,1,38.98,68.21,1,Yes,1,Right_Discount,7,Interested
7618,25,Female,Mobile,6.26,12,8,0,1,4.83,97.19,1,Yes,0,Others,1,Interested
7619,36,Male,Desktop,26.96,6,2,1,0,35.14,50.97,1,Yes,1,Right_Discount,0,Technical Error
7620,40,Female,Mobile,17.15,15,0,0,0,0,31.89,1,Yes,0,Others,5,Interested
7621,44,Female,Mobile,28.14,7,7,0,1,17.35,37.8,1,Yes,0,Others,5,Interested
7622,57,Female,Mobile,6.11,5,1,0,0,5.5,38.39,1,Yes,0,Others,0,Technical Error
7623,49,Female,Mobile,23.97,15,1,1,1,21.74,12.53,1,Yes,0,Others,4,Interested
7624,43,Male,Mobile,2.73,12,9,1,1,2.77,81.88,1,Yes,0,Others,8,Interested
7625,0,Female,Desktop,26.61,11,12,1,0,13.94,37.92,1,Yes,1,Right_Discount,9,Interested
7626,36,Female,Desktop,20.55,4,3,0,1,12.68,71.79,1,Yes,1,Right_Discount,9,Interested
7627,59,Male,Mobile,11.74,13,4,0,1,5.99,27.04,1,Yes,1,Right_Discount,4,Interested
7628,46,Female,Mobile,6.52,18,0,1,0,9.48,35.64,1,Yes,0,Others,6,Interested
7629,56,Male,Desktop,24.68,8,10,1,1,20.07,88.69,1,Yes,1,Right_Discount,5,Interested
7630,58,Female,Desktop,18.49,0,2,0,1,21.97,42.5,1,Yes,1,Right_Discount,9,Interested
7631,50,Female,Mobile,11.45,16,10,1,1,12.69,35.32,1,Yes,1,Right_Discount,3,Interested
7632,36,Female,Mobile,13.87,3,7,0,1,16.99,31.37,1,Yes,0,Others,1,Interested
7633,54,Female,Mobile,24.97,16,5,1,1,34.53,89.29,1,Yes,1,Right_Discount,9,Interested
7634,36,Female,Mobile,10.83,16,2,1,0,7.94,42.28,1,Yes,1,Right_Discount,4,Interested
7635,50,Female,Mobile,3.6,7,13,1,0,3.33,87.71,1,Yes,0,Others,9,Interested
7636,33,Male,Desktop,27.43,13,11,1,1,22.72,30.03,1,Yes,1,Right_Discount,8,Interested
7637,40,Male,Mobile,12.23,13,6,1,1,7.12,97.83,1,Yes,1,Right_Discount,2,Interested
7638,24,Female,Desktop,11.1,19,10,1,0,5.9,50.28,1,Yes,0,Others,2,Interested
7639,43,Female,Desktop,6.93,18,5,0,0,8.76,16.46,1,Yes,1,Right_Discount,6,Interested
7640,49,Male,Desktop,27.03,7,4,0,0,17.01,42.41,1,Yes,0,Others,9,Interested
7641,29,Male,Mobile,7.31,18,7,0,1,3.77,68.18,1,Yes,1,Right_Discount,1,Interested
7642,25,Female,Mobile,19.46,18,7,1,0,18.26,88.78,1,Yes,0,Others,7,Interested
7643,22,Female,Tablet,26.54,4,2,1,0,21.82,12.71,1,Yes,0,Others,6,Interested
7644,59,Female,Desktop,2.01,9,7,1,0,1.14,55.84,1,Yes,0,Others,7,Interested
7645,45,Female,Desktop,25.03,16,9,0,1,13.81,53.26,1,Yes,0,Others,9,Interested
7646,22,Female,Mobile,12.91,4,8,1,1,18.24,32.84,1,Yes,1,Right_Discount,0,Technical Error
7647,43,Female,Mobile,20.08,8,12,0,0,28.91,40.86,1,Yes,0,Others,4,Interested
7648,22,Male,Desktop,11.8,3,11,1,1,11.59,30.46,1,Yes,0,Others,3,Interested
7649,39,Female,Mobile,21.17,9,12,0,0,28.54,30.24,1,Yes,1,Right_Discount,7,Interested
7650,32,Female,Mobile,8.37,8,9,0,0,10.88,53.34,1,Yes,1,Right_Discount,1,Interested
7651,30,Male,Mobile,1.64,12,2,0,1,1.77,6.01,1,Yes,1,Right_Discount,5,Interested
7652,45,Male,Mobile,28.49,14,10,1,1,35.64,48.13,1,Yes,0,Others,9,Interested
7653,50,Male,Mobile,1.47,0,7,0,0,2.1,32.43,1,Yes,1,Right_Discount,5,Interested
7654,40,Male,Mobile,24.9,17,7,1,1,26.55,46.44,1,Yes,0,Others,4,Interested
7655,50,Female,Mobile,5.9,11,11,0,1,5.97,97.5,1,Yes,1,Right_Discount,1,Interested
7656,35,Male,Desktop,12.37,10,6,0,1,6.23,74.13,1,Yes,1,Right_Discount,4,Interested
7657,47,Male,Mobile,24.85,13,7,1,1,25.9,86.15,1,Yes,1,Right_Discount,2,Interested
7658,43,Female,Mobile,6.97,2,0,0,0,9.18,0,1,Yes,0,Others,6,Interested
7659,33,Male,Desktop,26.11,1,2,0,0,32.95,70.58,1,Yes,0,Others,6,Interested
7660,30,Male,Unknown,15.44,1,5,1,0,17.69,46.31,1,Yes,0,Others,7,Interested
7661,56,Female,Mobile,11.62,16,11,0,0,6.1,59.71,1,Yes,0,Others,9,Interested
7662,50,Female,Desktop,20.21,10,14,0,0,28.81,43.8,1,Yes,0,Others,8,Interested
7663,43,Female,Tablet,10.9,10,6,0,1,10.13,13.17,1,Yes,0,Others,0,Technical Error
7664,18,Female,Mobile,11.07,0,6,0,1,11.86,94.73,1,Yes,0,Others,3,Interested
7665,55,Female,Mobile,22.27,7,10,0,0,19.99,70.64,1,Yes,0,Others,5,Interested
7666,19,Female,Desktop,9.99,1,5,0,0,8.48,60.06,1,Yes,0,Others,6,Interested
7667,0,Female,Mobile,6.82,13,14,1,0,6.89,56.08,1,Yes,0,Others,4,Interested
7668,55,Male,Desktop,24.42,5,12,0,0,24.29,72.29,1,Yes,0,Others,5,Interested
7669,59,Male,Tablet,24.36,3,11,0,1,20.86,53.25,1,Yes,0,Others,0,Technical Error
7670,41,Female,Tablet,15.43,13,11,1,1,20.12,21.59,1,Yes,1,Right_Discount,4,Interested
7671,35,Male,Mobile,16.27,12,11,0,1,8.96,0.73,1,Yes,1,Right_Discount,1,Interested
7672,44,Female,Mobile,21.19,18,10,1,1,13.07,38.31,1,Yes,1,Right_Discount,1,Interested
7673,58,Male,Tablet,15.77,5,3,0,1,9.19,56.36,1,Yes,1,Right_Discount,0,Technical Error
7674,25,Female,Mobile,13.09,5,4,0,1,13.94,37.18,1,Yes,0,Others,9,Interested
7675,45,Male,Mobile,29.85,2,8,0,1,27.24,53.33,1,Yes,1,Right_Discount,8,Interested
7676,27,Female,Desktop,5.28,6,0,1,0,5.03,66.49,1,Yes,1,Right_Discount,3,Interested
7677,34,Male,Mobile,18.19,7,1,1,0,19.59,80.99,1,Yes,0,Others,3,Interested
7678,46,Female,Mobile,26.69,1,4,0,0,21.99,29.86,1,Yes,0,Others,8,Interested
7679,23,Male,Desktop,20.93,3,4,0,1,14.3,63.32,1,Yes,1,Right_Discount,4,Interested
7680,31,Male,Mobile,26.55,2,11,0,1,21.42,89.18,1,Yes,1,Right_Discount,3,Interested
7681,39,Female,Mobile,10.75,10,0,1,0,16.06,15.24,1,Yes,0,Others,6,Interested
7682,23,Male,Mobile,8.89,11,7,1,0,0,69.05,1,Yes,1,Right_Discount,4,Interested
7683,43,Male,Desktop,25.69,13,9,0,1,37.42,91.45,1,Yes,0,Others,7,Interested
7684,56,Male,Mobile,12.43,16,5,1,1,0,67.13,1,Yes,1,Right_Discount,2,Interested
7685,29,Male,Mobile,21.58,11,5,1,1,12.72,9.26,1,Yes,0,Others,7,Interested
7686,52,Male,Desktop,5.28,18,4,1,1,2.88,28.31,1,Yes,0,Others,5,Interested
7687,31,Female,Desktop,22.92,11,4,1,1,30.15,18.95,1,Yes,1,Right_Discount,8,Interested
7688,39,Female,Mobile,16.92,1,12,0,1,25.23,91.24,1,Yes,1,Right_Discount,5,Interested
7689,40,Male,Desktop,8.79,18,10,1,0,9.17,99.2,1,Yes,1,Right_Discount,3,Interested
7690,24,Female,Mobile,15.34,5,7,0,1,18.42,0,1,Yes,0,Others,1,Interested
7691,57,Male,Desktop,0,2,4,0,0,18.08,89.62,1,Yes,1,Right_Discount,2,Interested
7692,42,Female,Mobile,1.34,18,5,1,0,1.7,13.51,1,Yes,0,Others,6,Interested
7693,30,Male,Mobile,19.49,7,2,1,0,22.53,0.34,0,No,0,Others,9,Not Interested
7694,38,Male,Desktop,16.71,11,14,1,1,21.74,56.84,1,Yes,1,Right_Discount,4,Interested
7695,58,Male,Mobile,7.39,11,13,1,1,7.39,98.74,1,Yes,1,Right_Discount,6,Interested
7696,27,Male,Mobile,22.84,13,4,1,0,15.85,56.24,1,Yes,0,Others,6,Interested
7697,26,Female,Mobile,9.8,4,14,0,1,9.56,98.05,1,Yes,1,Right_Discount,5,Interested
7698,32,Female,Desktop,9.03,1,13,0,1,7.33,45.07,1,Yes,0,Others,1,Interested
7699,19,Female,Mobile,14.67,18,8,0,0,17.52,38.2,1,Yes,0,Others,4,Interested
7700,42,Male,Mobile,20.61,12,14,0,0,13.13,92.96,1,Yes,1,Right_Discount,9,Interested
7701,30,Female,Mobile,27.94,10,2,1,0,23.24,4.88,1,Yes,0,Others,5,Interested
7702,51,Female,Mobile,5.1,8,7,1,1,2.58,32.68,1,Yes,0,Others,7,Interested
7703,51,Male,Mobile,12.5,3,14,1,0,16.44,44.35,1,Yes,1,Right_Discount,0,Technical Error
7704,52,Male,Mobile,2.94,7,10,1,1,2.67,8.69,1,Yes,0,Others,9,Interested
7705,55,Male,Mobile,23,11,6,0,0,29.35,51.71,1,Yes,0,Others,6,Interested
7706,20,Female,Mobile,13.98,7,3,0,1,8.35,37.53,1,Yes,0,Others,4,Interested
7707,59,Unknown,Desktop,21.5,7,4,1,1,14.92,43.7,1,Yes,1,Right_Discount,6,Interested
7708,23,Male,Desktop,10.34,9,7,0,1,13.96,68.63,1,Yes,1,Right_Discount,2,Interested
7709,36,Female,Desktop,25.49,3,9,0,0,27.92,7.04,1,Yes,0,Others,3,Interested
7710,20,Male,Mobile,16.51,11,6,1,0,8.35,96.18,1,Yes,1,Right_Discount,1,Interested
7711,35,Female,Tablet,28.36,17,9,1,1,39.85,52.24,1,Yes,1,Right_Discount,5,Interested
0,56,Male,Mobile,3.29,8,9,0,0,4.88,83.88,1,Yes,1,Right_Discount,4,Interested
7713,26,Female,Tablet,0,2,1,1,0,18.47,31.85,1,Yes,1,Right_Discount,0,Technical Error
7714,29,Unknown,Mobile,23.23,1,7,1,1,28.52,31.35,1,Yes,0,Others,0,Technical Error
7715,22,Female,Mobile,18.4,16,7,1,1,11.66,90.38,1,Yes,1,Right_Discount,7,Interested
7716,20,Male,Mobile,1.67,4,8,0,0,2.11,11.75,1,Yes,1,Right_Discount,7,Interested
7717,28,Male,Mobile,29.2,9,1,1,1,17.49,10.38,1,Yes,0,Others,5,Interested
7718,47,Male,Desktop,9.65,8,13,0,1,13.41,69.71,1,Yes,0,Others,8,Interested
7719,21,Female,Desktop,8.23,1,0,1,1,8.27,46.6,1,Yes,1,Right_Discount,0,Technical Error
7720,0,Male,Unknown,15.08,8,1,1,1,9.67,71.73,1,Yes,0,Others,9,Interested
7721,18,Female,Desktop,16.72,5,3,1,1,9.84,43.29,1,Yes,1,Right_Discount,7,Interested
7722,44,Male,Mobile,23.22,1,2,0,1,21.83,21.17,1,Yes,0,Others,1,Interested
7723,45,Male,Mobile,12.4,7,0,0,1,6.27,71.52,1,Yes,0,Others,7,Interested
7724,46,Female,Tablet,13.76,15,13,1,0,20.11,3.91,1,Yes,1,Right_Discount,2,Interested
0,35,Female,Mobile,16.51,7,4,1,1,11.07,44.8,1,Yes,1,Right_Discount,5,Interested
7726,29,Male,Desktop,12.44,1,14,0,1,11.44,45.87,1,Yes,1,Right_Discount,6,Interested
7727,30,Male,Mobile,27.52,9,6,1,0,30.46,7.79,1,Yes,0,Others,2,Interested
7728,58,Female,Mobile,25.69,1,1,0,1,30.18,24.16,1,Yes,1,Right_Discount,1,Interested
7729,19,Female,Tablet,14.19,12,3,1,1,15.11,0,1,Yes,0,Others,0,Technical Error
7730,54,Male,Mobile,1.01,7,5,0,1,0,89.3,1,Yes,0,Others,4,Interested
7731,33,Female,Mobile,27.13,9,11,1,0,26.36,51.26,1,Yes,0,Others,0,Technical Error
7732,41,Male,Mobile,4.61,0,4,0,1,3.79,67.08,1,Yes,1,Right_Discount,0,Technical Error
7733,52,Male,Desktop,8.09,12,10,1,1,4.77,5.49,1,Yes,0,Others,4,Interested
7734,39,Male,Unknown,5.42,2,0,1,0,4.81,10.35,1,Yes,1,Right_Discount,2,Interested
7735,53,Female,Mobile,6.21,18,11,1,0,6.89,56.34,1,Yes,0,Others,9,Interested
7736,28,Male,Mobile,24.28,9,6,1,1,14.62,83.51,1,Yes,0,Others,2,Interested
7737,46,Male,Mobile,17.81,1,1,1,1,11.84,5.3,1,Yes,0,Others,6,Interested
7738,52,Female,Mobile,28.73,10,13,1,1,16.84,98.35,1,Yes,0,Others,0,Technical Error
7739,32,Female,Mobile,7.71,14,8,0,1,3.86,88.54,1,Yes,0,Others,1,Interested
7740,48,Female,Tablet,15.08,14,6,1,0,21.66,0,1,Yes,1,Right_Discount,2,Interested
7741,59,Male,Tablet,29.35,7,11,1,1,39.28,0,1,Yes,0,Others,3,Interested
7742,58,Female,Mobile,24.97,12,2,0,0,18.27,40.64,1,Yes,1,Right_Discount,8,Interested
7743,33,Female,Desktop,22.13,6,5,1,1,23.85,79.58,1,Yes,1,Right_Discount,1,Interested
7744,27,Male,Mobile,6.48,13,4,0,0,8.43,75.86,1,Yes,1,Right_Discount,5,Interested
7745,49,Male,Mobile,23.31,8,11,0,1,20.2,34.56,1,Yes,0,Others,4,Interested
7746,19,Male,Mobile,11.08,2,8,1,0,13.73,87.76,1,Yes,1,Right_Discount,5,Interested
7747,41,Male,Mobile,16.39,10,12,1,0,22.43,63.61,1,Yes,0,Others,4,Interested
7748,40,Female,Mobile,18.67,6,2,1,1,18.64,99.4,1,Yes,0,Others,5,Interested
7749,19,Male,Mobile,18.67,16,1,1,1,25.91,33.47,1,Yes,1,Right_Discount,3,Interested
7750,55,Female,Desktop,22.07,10,1,1,1,15.67,64.35,1,Yes,0,Others,7,Interested
7751,48,Male,Mobile,20.19,15,3,1,0,28.3,42.45,1,Yes,0,Others,8,Interested
7752,57,Male,Desktop,2.98,10,12,0,1,3.89,64.76,1,Yes,0,Others,9,Interested
7753,0,Female,Mobile,14.26,11,0,0,1,19.11,25.98,1,Yes,0,Others,6,Interested
7754,46,Female,Mobile,20.26,2,8,0,0,10.22,38.25,1,Yes,0,Others,0,Technical Error
7755,20,Female,Mobile,9.58,10,2,0,0,11.15,93.22,1,Yes,1,Right_Discount,4,Interested
7756,31,Male,Mobile,10.08,12,13,1,1,9.08,28.91,1,Yes,1,Right_Discount,6,Interested
7757,42,Male,Desktop,4.61,11,12,0,0,5.09,62.07,1,Yes,0,Others,4,Interested
7758,18,Female,Desktop,13.14,15,4,0,0,7.67,91.86,1,Yes,0,Others,4,Interested
7759,20,Female,Mobile,29.62,4,1,0,0,21.81,48.1,1,Yes,1,Right_Discount,4,Interested
7760,43,Male,Desktop,9.27,5,7,1,0,7.89,69.51,1,Yes,0,Others,4,Interested
7761,35,Female,Tablet,16.41,1,14,0,0,19.99,74.8,1,Yes,1,Right_Discount,4,Interested
7762,26,Female,Desktop,22.55,1,10,0,0,23.74,54.41,1,Yes,0,Others,0,Technical Error
7763,55,Male,Mobile,1.39,10,10,1,1,0.72,37.89,1,Yes,1,Right_Discount,5,Interested
7764,40,Female,Desktop,27.11,4,13,0,1,22.63,80.84,1,Yes,1,Right_Discount,0,Technical Error
7765,38,Male,Mobile,12.21,13,2,1,1,17.58,55.41,1,Yes,1,Right_Discount,7,Interested
7766,18,Male,Desktop,26.2,14,4,0,1,17.81,11.61,1,Yes,0,Others,4,Interested
7767,38,Male,Mobile,2.13,19,6,1,1,1.57,87.45,1,Yes,0,Others,1,Interested
7768,44,Female,Mobile,5.22,5,1,1,1,4.21,29.74,1,Yes,0,Others,6,Interested
7769,59,Female,Mobile,10.35,11,2,1,1,7.95,49.34,1,Yes,0,Others,0,Technical Error
7770,23,Female,Mobile,11.02,8,7,0,1,6.85,21.38,1,Yes,0,Others,4,Interested
7771,53,Female,Tablet,25.59,1,9,0,0,20.8,49.27,1,Yes,0,Others,4,Interested
7772,45,Male,Mobile,1.32,5,13,0,1,1.37,12.93,1,Yes,0,Others,2,Interested
7773,34,Male,Mobile,19.59,18,7,0,0,23.02,56.63,1,Yes,1,Right_Discount,1,Interested
7774,57,Female,Tablet,4.81,13,2,1,0,5.5,52.28,1,Yes,0,Others,3,Interested
7775,20,Female,Mobile,24.87,5,12,0,0,16.48,81.84,1,Yes,0,Others,6,Interested
7776,29,Female,Mobile,23.58,7,9,1,1,26.28,55.99,1,Yes,1,Right_Discount,9,Interested
7777,56,Female,Mobile,15.5,12,11,0,0,13.3,40.87,1,Yes,1,Right_Discount,2,Interested
7778,29,Male,Mobile,7.17,2,6,1,1,9.48,46.63,1,Yes,0,Others,5,Interested
7779,19,Female,Mobile,19.4,13,13,1,0,16.73,60.47,1,Yes,1,Right_Discount,6,Interested
7780,39,Male,Mobile,5.53,14,10,1,1,8.17,83.96,1,Yes,1,Right_Discount,1,Interested
7781,40,Female,Desktop,6.51,6,12,0,0,7.26,4.17,1,Yes,0,Others,2,Interested
7782,47,Female,Tablet,19.17,16,1,0,0,17.81,92.66,1,Yes,0,Others,8,Interested
7783,22,Female,Mobile,29.75,10,8,1,1,29.84,8.39,1,Yes,1,Right_Discount,0,Technical Error
7784,26,Male,Mobile,26.84,11,12,0,1,18.14,34.47,1,Yes,1,Right_Discount,7,Interested
7785,38,Female,Mobile,18.2,1,12,1,1,21.48,33.62,1,Yes,0,Others,0,Technical Error
7786,28,Male,Desktop,16.62,15,7,0,1,24.32,53.17,1,Yes,1,Right_Discount,2,Interested
7787,22,Male,Mobile,29.95,16,8,0,1,30.4,35.47,1,Yes,1,Right_Discount,5,Interested
7788,52,Female,Desktop,16.87,10,8,0,0,25.18,21.93,1,Yes,0,Others,7,Interested
7789,44,Male,Mobile,13.18,10,6,0,0,8.57,24.34,1,Yes,0,Others,6,Interested
7790,19,Male,Tablet,27.38,3,3,1,1,31.15,98.53,1,Yes,0,Others,2,Interested
7791,41,Male,Mobile,7.79,11,11,0,0,9.18,83.66,1,Yes,1,Right_Discount,5,Interested
7792,48,Female,Desktop,3.83,11,11,0,0,3.11,80.55,1,Yes,1,Right_Discount,0,Technical Error
7793,50,Male,Mobile,19.39,16,4,0,1,16.51,41.93,1,Yes,0,Others,7,Interested
7794,56,Male,Desktop,3.78,6,6,1,0,5.46,93.62,1,Yes,1,Right_Discount,8,Interested
7795,47,Female,Mobile,11.82,9,12,1,0,13.14,6.27,1,Yes,1,Right_Discount,8,Interested
7796,54,Female,Mobile,13.28,1,4,1,0,17.02,12.53,1,Yes,0,Others,3,Interested
7797,45,Male,Mobile,16.88,6,11,1,1,20.69,24.67,1,Yes,1,Right_Discount,3,Interested
7798,48,Male,Desktop,29.76,18,9,0,0,33.06,64.17,1,Yes,0,Others,6,Interested
7799,28,Male,Desktop,7.41,13,14,1,0,4.06,16.69,1,Yes,0,Others,6,Interested
7800,40,Unknown,Mobile,11.9,2,7,0,1,13.84,33.6,1,Yes,1,Right_Discount,5,Interested
7801,19,Female,Mobile,4.83,19,4,1,1,4.08,17.72,1,Yes,1,Right_Discount,6,Interested
7802,57,Female,Mobile,18.62,2,4,1,0,18.04,79.97,1,Yes,1,Right_Discount,0,Technical Error
7803,58,Male,Desktop,22.1,4,4,0,1,29.87,90.92,1,Yes,0,Others,8,Interested
7804,44,Female,Desktop,14.98,4,3,0,0,22,85.04,1,Yes,0,Others,5,Interested
7805,52,Male,Desktop,8.13,10,10,0,1,9.71,2.73,1,Yes,1,Right_Discount,7,Interested
7806,19,Female,Mobile,19.01,17,11,0,1,13.91,31.72,1,Yes,0,Others,4,Interested
7807,56,Female,Tablet,16.64,16,10,1,0,13.61,63.76,1,Yes,1,Right_Discount,6,Interested
7808,54,Male,Desktop,5.96,8,11,1,0,3.8,0.07,1,Yes,1,Right_Discount,2,Interested
7809,38,Male,Desktop,12.76,6,6,1,0,13.79,74.64,1,Yes,1,Right_Discount,9,Interested
7810,22,Male,Mobile,13.62,2,1,1,0,19.48,86.88,1,Yes,1,Right_Discount,0,Technical Error
7811,38,Male,Desktop,29.5,15,9,0,0,38.67,7.76,1,Yes,0,Others,6,Interested
7812,46,Female,Mobile,25.63,11,12,1,1,26.75,43.12,1,Yes,1,Right_Discount,4,Interested
7813,37,Female,Mobile,22.3,16,3,1,0,32.14,30.28,1,Yes,0,Others,0,Technical Error
7814,55,Male,Mobile,26.77,4,10,0,1,37.39,94.69,1,Yes,1,Right_Discount,8,Interested
7815,37,Female,Mobile,22.33,11,2,0,1,19.23,32.47,1,Yes,0,Others,8,Interested
7816,42,Female,Mobile,27.2,14,9,0,1,28.55,58.09,1,Yes,1,Right_Discount,5,Interested
7817,19,Male,Mobile,2.58,8,12,1,1,2.05,0.91,1,Yes,0,Others,8,Interested
7818,49,Male,Mobile,14.23,6,7,1,1,7.24,83.66,1,Yes,0,Others,6,Interested
7819,43,Female,Desktop,22.66,19,6,0,1,21.55,2.93,1,Yes,1,Right_Discount,7,Interested
7820,23,Male,Mobile,17.92,4,2,0,0,22.4,56.92,1,Yes,1,Right_Discount,1,Interested
7821,58,Male,Mobile,6.08,4,3,1,0,6.9,74.07,1,Yes,0,Others,1,Interested
7822,20,Female,Mobile,10.87,6,12,1,1,15.51,39.66,1,Yes,1,Right_Discount,3,Interested
7823,50,Female,Desktop,10.22,11,13,0,0,12.12,3.17,1,Yes,0,Others,0,Technical Error
7824,18,Male,Desktop,8.58,1,3,1,0,5.5,90.07,1,Yes,0,Others,7,Interested
7825,22,Female,Mobile,10.95,2,11,1,0,8.4,36.61,1,Yes,0,Others,4,Interested
7826,30,Male,Tablet,15.93,9,9,1,0,9.96,46.62,1,Yes,1,Right_Discount,6,Interested
7827,36,Male,Mobile,25.79,16,6,0,0,33.39,81.31,1,Yes,0,Others,1,Interested
7828,29,Female,Tablet,22.52,6,7,0,1,32.67,66.07,1,Yes,0,Others,4,Interested
7829,42,Female,Mobile,25.22,9,3,0,0,18.32,32.54,1,Yes,0,Others,8,Interested
7830,52,Male,Mobile,26.62,19,7,0,1,33.69,54.06,1,Yes,1,Right_Discount,8,Interested
7831,29,Male,Mobile,13.07,5,0,0,1,12.25,9.4,1,Yes,0,Others,1,Interested
7832,47,Male,Mobile,11.03,10,12,1,0,9.43,48.12,1,Yes,1,Right_Discount,1,Interested
7833,22,Female,Mobile,2.67,7,8,0,1,3.97,42.83,1,Yes,0,Others,4,Interested
7834,51,Male,Desktop,27.98,2,6,1,1,23.67,75.99,1,Yes,1,Right_Discount,2,Interested
0,39,Female,Desktop,0,4,3,1,0,3.38,80,0,No,0,Others,0,Not Interested
7836,56,Male,Mobile,22.49,8,7,0,1,27.28,87.23,1,Yes,1,Right_Discount,0,Technical Error
7837,30,Female,Mobile,11.97,3,11,0,0,15.24,85.72,1,Yes,1,Right_Discount,4,Interested
7838,20,Male,Mobile,28.51,2,9,0,0,38.83,99.83,1,Yes,1,Right_Discount,2,Interested
7839,37,Female,Mobile,13.17,9,1,0,0,14.04,70.75,1,Yes,1,Right_Discount,8,Interested
7840,48,Male,Desktop,24.68,11,13,0,0,27.26,62.07,1,Yes,1,Right_Discount,2,Interested
7841,22,Male,Mobile,9.2,4,0,1,1,11.14,14.72,1,Yes,1,Right_Discount,2,Interested
7842,41,Male,Desktop,9.67,9,9,0,1,6.27,46.82,1,Yes,0,Others,2,Interested
7843,57,Male,Mobile,18.27,6,5,1,1,12.79,43.05,1,Yes,1,Right_Discount,0,Technical Error
7844,50,Female,Mobile,29.94,1,6,0,1,37.85,73.46,1,Yes,0,Others,2,Interested
7845,25,Female,Mobile,16.01,3,0,0,0,10.17,27.47,1,Yes,0,Others,4,Interested
0,41,Female,Mobile,28.15,7,1,1,0,33.46,87.08,1,Yes,1,Right_Discount,7,Interested
7847,37,Female,Mobile,23.8,9,13,0,1,12.67,21.98,1,Yes,0,Others,6,Interested
7848,33,Female,Desktop,24.08,8,10,0,0,20.17,48.36,1,Yes,1,Right_Discount,3,Interested
7849,29,Male,Mobile,13.64,13,1,1,1,15.85,94.43,1,Yes,0,Others,3,Interested
7850,30,Female,Mobile,12.21,18,3,0,1,14.73,34.4,1,Yes,1,Right_Discount,3,Interested
7851,59,Female,Unknown,6.57,19,5,0,0,7.42,72.8,1,Yes,0,Others,7,Interested
7852,56,Female,Mobile,28.95,9,3,0,1,27.26,33.56,1,Yes,1,Right_Discount,7,Interested
7853,42,Female,Desktop,28.82,6,5,0,0,21.75,51.44,1,Yes,1,Right_Discount,1,Interested
7854,49,Male,Mobile,22.66,12,4,0,0,25.23,77.56,1,Yes,1,Right_Discount,6,Interested
7855,41,Male,Mobile,9.59,4,5,0,0,6.57,81.46,1,Yes,0,Others,4,Interested
7856,26,Male,Desktop,8.11,9,8,1,0,4.54,84.25,1,Yes,0,Others,1,Interested
7857,0,Male,Desktop,29.67,10,5,0,0,15.42,9.95,1,Yes,1,Right_Discount,2,Interested
7858,40,Female,Mobile,2.93,3,5,1,0,2.25,85.49,1,Yes,1,Right_Discount,6,Interested
7859,30,Female,Mobile,25.46,17,10,1,0,13.49,14.64,1,Yes,0,Others,5,Interested
7860,49,Male,Desktop,11.31,7,10,0,1,8.47,27.28,1,Yes,0,Others,5,Interested
7861,32,Male,Mobile,13.15,8,0,0,0,10.38,97.11,1,Yes,0,Others,6,Interested
7862,53,Female,Mobile,25.13,11,14,1,1,21.23,14.42,1,Yes,0,Others,5,Interested
7863,22,Female,Desktop,3.63,13,4,1,0,4.4,25.11,1,Yes,0,Others,1,Interested
7864,39,Male,Desktop,11.27,3,4,1,1,10.61,33.58,1,Yes,1,Right_Discount,7,Interested
7865,33,Male,Desktop,28.61,19,9,0,0,42.49,80.62,1,Yes,1,Right_Discount,6,Interested
7866,58,Male,Desktop,21.27,14,12,1,0,30.79,32.09,1,Yes,0,Others,5,Interested
7867,27,Male,Desktop,22.89,16,10,1,0,33.91,82.6,1,Yes,0,Others,4,Interested
7868,41,Female,Desktop,22.97,15,0,1,1,20.95,20.56,1,Yes,1,Right_Discount,5,Interested
7869,35,Female,Desktop,2.76,2,5,0,1,1.5,60.1,1,Yes,1,Right_Discount,0,Technical Error
7870,35,Female,Mobile,6.89,6,0,1,0,9.37,95.97,0,No,0,Others,1,Not Interested
7871,24,Male,Mobile,15.25,7,10,0,1,14.26,4.1,1,Yes,0,Others,8,Interested
7872,21,Female,Desktop,11.68,9,7,0,0,13.33,90.86,1,Yes,0,Others,0,Technical Error
7873,43,Female,Desktop,12.92,9,9,0,1,17.36,16.48,1,Yes,1,Right_Discount,1,Interested
7874,22,Male,Mobile,23.66,17,8,1,1,26.2,58.1,1,Yes,0,Others,9,Interested
0,33,Male,Mobile,1.43,3,0,0,0,0,4.88,1,Yes,1,Right_Discount,9,Interested
7876,52,Male,Tablet,20.15,4,13,0,0,15.09,57.13,1,Yes,0,Others,0,Technical Error
7877,43,Male,Mobile,1,2,8,1,1,0.7,0,1,Yes,0,Others,7,Interested
7878,35,Male,Mobile,2.83,1,1,0,1,2.99,80.77,1,Yes,1,Right_Discount,3,Interested
7879,46,Male,Desktop,12.84,10,8,0,1,14.61,41.61,1,Yes,0,Others,5,Interested
7880,40,Female,Tablet,25.39,3,3,0,0,0,91.57,1,Yes,1,Right_Discount,4,Interested
7881,31,Female,Desktop,5.2,10,14,0,1,6.87,37.04,1,Yes,0,Others,7,Interested
7882,32,Female,Desktop,17.08,9,2,0,0,25.43,9.16,1,Yes,1,Right_Discount,9,Interested
7883,50,Female,Mobile,20.68,17,0,0,1,30.32,38.68,1,Yes,1,Right_Discount,6,Interested
7884,42,Female,Desktop,7.66,15,0,1,1,8.61,30.63,1,Yes,0,Others,0,Technical Error
7885,38,Unknown,Mobile,15.86,3,7,1,0,15.92,44.64,1,Yes,0,Others,7,Interested
7886,34,Male,Desktop,27.43,3,1,0,0,34.58,19.96,1,Yes,1,Right_Discount,3,Interested
7887,40,Male,Mobile,15.85,4,0,0,0,12.07,37.03,1,Yes,0,Others,6,Interested
7888,34,Male,Mobile,5.56,4,1,1,1,4.74,88.62,1,Yes,1,Right_Discount,2,Interested
7889,31,Female,Mobile,19.21,17,2,1,1,24.34,65.25,1,Yes,1,Right_Discount,1,Interested
7890,46,Female,Mobile,18.17,6,3,0,1,26.35,19.81,1,Yes,0,Others,0,Technical Error
7891,37,Male,Desktop,1.78,11,12,0,0,2.48,5.29,1,Yes,1,Right_Discount,9,Interested
7892,47,Male,Tablet,3.63,12,10,0,0,2.08,21.67,1,Yes,0,Others,4,Interested
7893,36,Male,Desktop,5.55,7,8,1,0,4.06,40.92,1,Yes,0,Others,2,Interested
7894,56,Male,Desktop,4.95,13,6,1,1,3.83,36.71,1,Yes,1,Right_Discount,2,Interested
7895,30,Male,Mobile,8.52,6,11,1,1,7.52,84.85,1,Yes,1,Right_Discount,7,Interested
7896,35,Female,Desktop,14.17,3,4,0,1,8.09,58.6,1,Yes,0,Others,0,Technical Error
7897,40,Female,Desktop,11.78,14,4,1,0,8.61,84.25,1,Yes,1,Right_Discount,1,Interested
7898,50,Female,Desktop,26.83,14,13,0,1,32.63,0,1,Yes,1,Right_Discount,0,Technical Error
7899,56,Male,Mobile,18.75,10,5,0,0,13.96,29.03,1,Yes,0,Others,6,Interested
7900,57,Female,Desktop,26.41,5,0,0,1,38.1,47.75,1,Yes,0,Others,3,Interested
7901,35,Male,Desktop,16.28,2,5,1,0,15.03,70.56,1,Yes,0,Others,2,Interested
7902,26,Female,Mobile,3.61,6,12,1,1,2.16,51.18,1,Yes,1,Right_Discount,2,Interested
7903,50,Male,Desktop,14.44,11,12,0,1,19.39,32.68,1,Yes,1,Right_Discount,9,Interested
7904,49,Male,Tablet,24.84,18,10,0,0,35.16,81.62,1,Yes,0,Others,2,Interested
7905,34,Female,Mobile,6.63,11,5,0,0,9.47,89.24,1,Yes,0,Others,1,Interested
7906,36,Female,Desktop,3.65,15,13,1,0,3.63,27.82,0,No,0,Others,4,Not Interested
7907,44,Female,Desktop,10.55,3,10,1,0,14.99,28.15,1,Yes,0,Others,0,Technical Error
7908,23,Female,Desktop,12.28,2,4,0,1,14.85,56.74,1,Yes,1,Right_Discount,4,Interested
7909,52,Female,Mobile,9.88,7,9,0,0,6.87,81.64,1,Yes,1,Right_Discount,9,Interested
7910,54,Male,Desktop,4.92,5,8,1,1,5.08,51.99,1,Yes,0,Others,7,Interested
7911,51,Female,Mobile,8.27,13,9,0,1,7.71,6,1,Yes,1,Right_Discount,6,Interested
7912,37,Female,Mobile,20.79,8,9,0,1,19.77,29.5,1,Yes,1,Right_Discount,2,Interested
7913,42,Male,Desktop,12.19,9,4,1,0,11.13,50.28,1,Yes,1,Right_Discount,8,Interested
7914,21,Female,Desktop,19.34,8,8,1,0,13.06,73.67,1,Yes,0,Others,9,Interested
7915,27,Male,Desktop,16.55,10,9,1,0,14.73,77.49,1,Yes,0,Others,6,Interested
7916,0,Female,Mobile,16.92,2,14,0,0,17.12,75.23,1,Yes,1,Right_Discount,0,Technical Error
7917,0,Female,Mobile,8.21,10,6,0,0,6.45,9.48,1,Yes,0,Others,5,Interested
7918,38,Male,Tablet,16.12,11,14,1,0,10.91,61.6,1,Yes,0,Others,3,Interested
7919,28,Female,Mobile,1.68,11,2,1,0,1.17,42.54,1,Yes,1,Right_Discount,5,Interested
7920,44,Female,Desktop,13.52,5,10,0,0,9.37,31.35,1,Yes,1,Right_Discount,2,Interested
7921,33,Female,Desktop,17.61,14,8,1,1,16.67,82.76,1,Yes,0,Others,4,Interested
7922,43,Female,Desktop,6.28,3,9,1,1,4.45,35.84,1,Yes,0,Others,2,Interested
7923,47,Male,Mobile,8.44,2,6,1,0,10.27,18.25,1,Yes,1,Right_Discount,6,Interested
7924,33,Male,Desktop,7.37,18,3,0,1,6.16,69.57,1,Yes,1,Right_Discount,4,Interested
7925,24,Female,Desktop,3.05,1,13,1,0,4.39,13.55,1,Yes,0,Others,3,Interested
7926,33,Female,Mobile,11.09,1,11,0,0,6.24,29.39,1,Yes,1,Right_Discount,9,Interested
7927,52,Male,Mobile,29.39,0,8,1,0,23.8,44.44,1,Yes,1,Right_Discount,6,Interested
7928,33,Male,Mobile,11.26,6,5,0,1,13.94,14.17,1,Yes,0,Others,6,Interested
7929,57,Female,Mobile,14.36,13,8,0,0,17.01,28.73,1,Yes,0,Others,9,Interested
7930,29,Male,Desktop,19.94,1,3,1,1,18.36,64.16,1,Yes,0,Others,8,Interested
7931,52,Male,Desktop,19.81,6,9,0,1,27.14,55.74,1,Yes,0,Others,2,Interested
7932,38,Male,Tablet,28.55,8,1,0,0,16.31,84.43,1,Yes,1,Right_Discount,9,Interested
7933,53,Male,Mobile,25.87,13,12,1,1,26.11,14.09,1,Yes,0,Others,7,Interested
7934,34,Female,Desktop,24.02,2,13,0,1,16.82,86.39,1,Yes,0,Others,6,Interested
7935,49,Male,Mobile,28.6,8,8,1,0,24.99,7.56,1,Yes,0,Others,8,Interested
7936,58,Female,Desktop,7.69,1,9,1,0,9.22,74.34,1,Yes,1,Right_Discount,1,Interested
7937,23,Female,Desktop,18.89,13,11,0,0,11.31,20.69,1,Yes,0,Others,5,Interested
7938,41,Male,Tablet,26.73,1,13,0,0,14.54,90.31,1,Yes,0,Others,4,Interested
7939,44,Female,Desktop,0,10,3,0,0,17.59,4.16,1,Yes,1,Right_Discount,2,Interested
7940,37,Female,Tablet,29.35,5,10,0,1,22.64,58.02,1,Yes,1,Right_Discount,6,Interested
7941,42,Male,Desktop,3.91,13,1,1,1,4.77,1.28,1,Yes,1,Right_Discount,4,Interested
7942,19,Male,Desktop,13.74,5,6,1,1,7.77,73.6,1,Yes,1,Right_Discount,5,Interested
7943,26,Male,Mobile,29.34,10,6,1,1,43.03,3.37,1,Yes,1,Right_Discount,3,Interested
7944,45,Female,Desktop,12.01,3,4,0,1,13.46,72.72,1,Yes,1,Right_Discount,6,Interested
7945,55,Female,Desktop,22.45,2,4,1,0,22.48,80.85,1,Yes,1,Right_Discount,6,Interested
7946,20,Female,Mobile,1.88,2,7,1,1,1.72,89.55,1,Yes,0,Others,4,Interested
7947,37,Female,Mobile,21.15,5,5,1,0,26.42,35.94,1,Yes,0,Others,6,Interested
7948,23,Male,Desktop,28.1,4,0,0,1,24.06,54.25,1,Yes,0,Others,6,Interested
7949,56,Female,Mobile,12.1,2,10,0,1,15.45,73.35,1,Yes,1,Right_Discount,9,Interested
7950,50,Unknown,Mobile,1.62,9,13,0,1,1.96,82.07,1,Yes,1,Right_Discount,0,Technical Error
7951,18,Male,Desktop,1.81,9,11,0,0,1.9,78.28,1,Yes,0,Others,0,Technical Error
7952,54,Male,Tablet,26.87,9,3,1,1,37.31,84.78,1,Yes,1,Right_Discount,3,Interested
7953,23,Male,Desktop,21.95,4,0,0,0,18.57,89.76,1,Yes,0,Others,0,Technical Error
7954,51,Female,Mobile,4.09,8,4,1,1,2.28,65.03,1,Yes,0,Others,2,Interested
7955,32,Male,Mobile,2.58,18,4,0,1,2.26,17.4,1,Yes,0,Others,7,Interested
7956,43,Female,Mobile,24.34,9,3,1,0,33.48,83.35,1,Yes,1,Right_Discount,6,Interested
7957,31,Unknown,Mobile,24.49,3,14,0,0,14.14,46.33,1,Yes,0,Others,2,Interested
7958,24,Male,Mobile,4.5,6,8,1,1,5.68,5.06,1,Yes,1,Right_Discount,3,Interested
7959,48,Male,Tablet,9.74,19,7,1,1,12.91,62.61,1,Yes,0,Others,1,Interested
7960,41,Female,Mobile,23.62,5,13,0,1,21.92,72.75,1,Yes,0,Others,1,Interested
7961,48,Male,Mobile,16.24,17,9,0,1,11.28,45.79,1,Yes,0,Others,4,Interested
7962,46,Male,Mobile,28.74,19,13,0,0,24.59,50.67,1,Yes,1,Right_Discount,1,Interested
7963,59,Male,Mobile,14.95,3,2,0,1,13.43,55,1,Yes,0,Others,6,Interested
7964,49,Male,Mobile,20.63,8,4,0,0,29.55,25.25,1,Yes,0,Others,0,Technical Error
7965,34,Female,Mobile,15.78,9,5,0,0,12.38,37.4,1,Yes,1,Right_Discount,8,Interested
7966,31,Female,Tablet,28.35,8,4,0,1,41.75,80.69,1,Yes,0,Others,9,Interested
7967,57,Male,Mobile,12.56,14,7,0,0,7.65,2.99,1,Yes,0,Others,0,Technical Error
7968,53,Male,Mobile,7.66,10,4,1,1,11.29,55.69,1,Yes,0,Others,0,Technical Error
7969,41,Female,Mobile,10.47,17,7,1,1,7.57,3.18,1,Yes,0,Others,8,Interested
7970,44,Female,Mobile,25.73,3,9,0,0,17.18,20.16,1,Yes,1,Right_Discount,6,Interested
7971,42,Female,Mobile,15.44,3,14,1,0,9.57,37.29,1,Yes,0,Others,9,Interested
7972,49,Male,Mobile,11.27,3,9,1,1,9.2,18.64,1,Yes,0,Others,3,Interested
7973,35,Female,Mobile,16.78,4,13,0,1,18.74,84.85,1,Yes,1,Right_Discount,2,Interested
7974,35,Male,Desktop,4.86,17,2,0,0,5.67,87.02,1,Yes,1,Right_Discount,4,Interested
0,54,Female,Mobile,1.16,14,4,1,0,1.01,15.3,1,Yes,0,Others,1,Interested
7976,43,Female,Mobile,9.14,2,3,0,0,6.68,0,1,Yes,0,Others,5,Interested
7977,26,Male,Mobile,18.55,12,12,1,1,27.73,23,1,Yes,0,Others,0,Technical Error
7978,52,Female,Mobile,21.64,5,10,0,1,16.68,1.21,1,Yes,1,Right_Discount,0,Technical Error
7979,25,Male,Mobile,24.97,2,5,1,0,21.93,73.68,1,Yes,1,Right_Discount,9,Interested
7980,37,Female,Mobile,27.87,12,2,0,1,27.34,51.82,1,Yes,1,Right_Discount,8,Interested
7981,59,Male,Mobile,12.95,9,11,1,1,16.05,49.84,1,Yes,0,Others,0,Technical Error
7982,39,Female,Mobile,22.47,9,9,0,0,14.65,0.27,1,Yes,0,Others,5,Interested
7983,36,Female,Mobile,3.17,1,3,1,0,2.43,97.85,1,Yes,1,Right_Discount,6,Interested
7984,47,Male,Mobile,0,7,10,1,0,4,83.26,1,Yes,1,Right_Discount,7,Interested
7985,45,Male,Mobile,4.62,18,3,0,1,6.12,96.74,1,Yes,0,Others,1,Interested
7986,52,Male,Tablet,14.01,10,4,1,1,13.22,24.37,1,Yes,1,Right_Discount,7,Interested
7987,28,Male,Desktop,0,15,10,1,0,4.34,60.37,1,Yes,0,Others,9,Interested
7988,48,Female,Desktop,9.32,9,14,0,1,12.74,74.67,1,Yes,1,Right_Discount,1,Interested
7989,56,Female,Desktop,19.79,11,5,1,1,25.39,80.33,1,Yes,0,Others,1,Interested
7990,53,Female,Tablet,11.4,1,1,1,0,12.32,78.17,1,Yes,1,Right_Discount,8,Interested
7991,47,Female,Desktop,17.16,11,9,1,0,15.52,57.23,1,Yes,0,Others,6,Interested
7992,40,Female,Desktop,12.96,1,11,0,1,18.61,3.16,1,Yes,1,Right_Discount,7,Interested
7993,36,Female,Mobile,5.9,5,7,1,1,4.69,99.4,1,Yes,1,Right_Discount,0,Technical Error
7994,29,Male,Mobile,3.15,18,3,0,1,2.59,11.49,1,Yes,1,Right_Discount,9,Interested
7995,32,Female,Desktop,7.85,1,6,1,0,10.8,18.08,1,Yes,1,Right_Discount,5,Interested
7996,48,Female,Tablet,2.67,10,6,0,1,3.01,82.44,1,Yes,1,Right_Discount,0,Technical Error
7997,54,Male,Mobile,18.94,13,11,1,1,27.48,10.06,1,Yes,1,Right_Discount,4,Interested
7998,54,Female,Desktop,24.08,8,13,0,1,27.57,21.34,1,Yes,0,Others,1,Interested
7999,32,Female,Mobile,10.85,13,12,1,0,5.78,2.03,1,Yes,1,Right_Discount,8,Interested
8000,46,Female,Mobile,12.23,2,9,1,1,8.28,15.67,1,Yes,0,Others,2,Interested
